attempt_id	obligation_id	repo	file	claim	obligation_class	prover_used	outcome	duration_ms	confidence	parent_attempt_id	strategy_tag	started_at	completed_at	prover_output	error_message
1b68699c-9e74-42eb-850c-319995768ea0	01dc3c4f3de66a833253530f1239d1a1c169ca6e	hyperpolymath/ephapax	src/formal/Ephapax/Formal/RegionLinear.idr	-- SPDX-License-Identifier: PMPL-1.0-or-later -- Copyright (c) 2026 Jonathan D.A. Jewell (hyperpolymath) <j.d.a.jewell@open.ac.uk> -- ||| Region-Linear Fusion: The Core of Ephapax Memory Safety ||| ||	linearity	idris2	success	5718	0.5	\N	batch-direct	2026-04-05 15:06:26.776	2026-04-05 15:06:32.565	direct:idris2	\N
019d5d265509-nesy-a0cb87686ad0fda6	a9cd39bf3ff44c33daeef3cf34006f695d6327b625d6bac2f7b2a3ea921dd19a	hyperpolymath/nesy-solver	playground/submission.txt	Theorem t : 0 + 0 = 0.	correctness	coq	success	101	0.85	\N	manual	2026-04-05 10:18:06.371	2026-04-05 10:18:06.473	valid=true goals=0 tactics=0	\N
aba2599b-8a89-48db-8eae-efe9327e913e	759eb730df0f07c8568a42df58c6c5dfc2eb19bd	hyperpolymath/echidna	proofs/smt-lib-mined/la_add_assoc.smt2	(set-logic QF_LIA) (declare-const x Int) (declare-const y Int) (declare-const z Int) (assert (not (= (+ (+ x y) z) (+ x (+ y z))))) (check-sat) 	correctness	z3	success	22	0.5	\N	batch-direct	2026-04-05 12:59:03.632	2026-04-05 12:59:03.665	direct:z3	\N
c96fe9d9-32fc-4b52-95c5-dd5d25b82563	41e2c04f0d3c369fc3a1da275aceba88a2253d01	hyperpolymath/echidna	proofs/smt-lib-mined/la_mul_comm.smt2	(set-logic QF_NIA) (declare-const x Int) (declare-const y Int) (assert (not (= (* x y) (* y x)))) (check-sat) 	correctness	z3	success	21	0.5	\N	batch-direct	2026-04-05 12:59:03.732	2026-04-05 12:59:03.764	direct:z3	\N
04d0ff02-d1da-4437-b297-b220d268c665	fc33eda81a013806076a40e9f4baeeb9e43b5684	hyperpolymath/echidna	proofs/smt-lib-mined/la_distribute.smt2	(set-logic QF_NIA) (declare-const a Int) (declare-const b Int) (declare-const c Int) (assert (not (= (* a (+ b c)) (+ (* a b) (* a c))))) (check-sat) 	correctness	z3	success	21	0.5	\N	batch-direct	2026-04-05 12:59:03.832	2026-04-05 12:59:03.864	direct:z3	\N
36db0281-e531-4e89-8569-9e066fa9ec02	80d3f050ed0b2297a3c6123748287383a4b645ee	hyperpolymath/echidna	proofs/smt-lib-mined/la_triangle.smt2	(set-logic QF_LIA) (declare-const x Int) (declare-const y Int) (declare-const z Int) (assert (>= (+ x y) z)) (assert (>= (+ y z) x)) (assert (>= (+ x z) y)) (assert (> x 0)) (assert (> y 0)) (assert (	correctness	z3	success	25	0.5	\N	batch-direct	2026-04-05 12:59:03.931	2026-04-05 12:59:03.967	direct:z3	\N
309476e9-dff7-431a-b20d-f6d206f132eb	d17d4adfc302ec345393a7f574032c97c2313ea5	hyperpolymath/echidna	proofs/smt-lib-mined/bv_xor_involution.smt2	(set-logic QF_BV) (declare-const x (_ BitVec 32)) (declare-const y (_ BitVec 32)) (assert (not (= (bvxor (bvxor x y) y) x))) (check-sat) 	correctness	z3	success	20	0.5	\N	batch-direct	2026-04-05 12:59:04.039	2026-04-05 12:59:04.070	direct:z3	\N
43f036e7-b0aa-4b85-ad61-9ec1c6fcd2b2	a824420193f34e7a9769e99db1291c9d2b5b9acf	hyperpolymath/echidna	proofs/smt-lib-mined/bv_mask_idempotent.smt2	(set-logic QF_BV) (declare-const x (_ BitVec 8)) (assert (not (= (bvand x x) x))) (check-sat) 	correctness	z3	success	21	0.5	\N	batch-direct	2026-04-05 12:59:04.136	2026-04-05 12:59:04.168	direct:z3	\N
836e3ea0-3596-49e8-a553-8be09228d97c	be294542cf81ff93df29c9ccb99ec93f67173273	hyperpolymath/echidna	proofs/smt-lib-mined/uf_transitivity.smt2	(set-logic QF_UF) (declare-sort S 0) (declare-const a S) (declare-const b S) (declare-const c S) (assert (= a b)) (assert (= b c)) (assert (not (= a c))) (check-sat) 	correctness	z3	success	20	0.5	\N	batch-direct	2026-04-05 12:59:04.235	2026-04-05 12:59:04.266	direct:z3	\N
ff2d9a8d-04ed-4989-95cc-25a33b779c5e	6e97bcc5a4237be5408787c27109f542f7ed1054	hyperpolymath/echidna	proofs/smt-lib-mined/uf_congruence.smt2	(set-logic QF_UF) (declare-sort S 0) (declare-fun f (S) S) (declare-const a S) (declare-const b S) (assert (= a b)) (assert (not (= (f a) (f b)))) (check-sat) 	correctness	z3	success	21	0.5	\N	batch-direct	2026-04-05 12:59:04.339	2026-04-05 12:59:04.371	direct:z3	\N
3bf44c1b-e0f9-4579-924e-ba052752308f	4e71d0c3f466082046ceec663f22c56a24b74c43	hyperpolymath/echidna	proofs/smt-lib-mined/arr_read_over_write.smt2	(set-logic QF_AX) (declare-sort I 0) (declare-sort V 0) (declare-const a (Array I V)) (declare-const i I) (declare-const j I) (declare-const v V) (assert (not (=> (= i j) (= (select (store a i v) j) v	correctness	z3	success	20	0.5	\N	batch-direct	2026-04-05 12:59:04.437	2026-04-05 12:59:04.470	direct:z3	\N
b51e63fb-fd08-43e3-a4e7-ffdef6585c8d	74a52be9e26e6b428d2f3435314cac9b486ae291	hyperpolymath/echidna	proofs/smt-lib-mined/q_forall_exists.smt2	(set-logic LIA) (assert (not (forall ((x Int)) (exists ((y Int)) (> y x))))) (check-sat) 	correctness	z3	success	23	0.5	\N	batch-direct	2026-04-05 12:59:04.540	2026-04-05 12:59:04.574	direct:z3	\N
78e4413f-6491-409f-b95b-3ec29504eccf	453ba1bb06a87e34fb51388910d16d3f4313281c	hyperpolymath/echidna	proofs/smt-lib-mined/sat_simple.smt2	(set-logic QF_LIA) (declare-const x Int) (assert (> x 0)) (assert (< x 10)) (check-sat) 	correctness	z3	success	33	0.5	\N	batch-direct	2026-04-05 12:59:04.646	2026-04-05 12:59:04.690	direct:z3	\N
b4b2145d-2c12-4c64-bb5b-24825c7e7c94	0ef8b6958a355a5ebd3940cc80a8fea9189abae5	hyperpolymath/echidna	proofs/smt-lib-mined/unsat_contradiction.smt2	(set-logic QF_LIA) (declare-const x Int) (declare-const y Int) (assert (> x y)) (assert (> y x)) (check-sat) 	correctness	z3	success	23	0.5	\N	batch-direct	2026-04-05 12:59:04.755	2026-04-05 12:59:04.789	direct:z3	\N
0b57dda1-578d-4d45-b974-c33495611e0c	18a93eb0ae2fac60332faec6a982d3005caa1c50	hyperpolymath/echidna	proofs/smt-lib-mined/ra_square_nonneg.smt2	(set-logic QF_NRA) (declare-const x Real) (assert (< (* x x) 0.0)) (check-sat) 	correctness	z3	success	23	0.5	\N	batch-direct	2026-04-05 12:59:04.856	2026-04-05 12:59:04.891	direct:z3	\N
30743b5c-2ecb-4662-89c5-3409230d9f4b	acc6b9d76e18e208a9cc81830fccf0c3ae1780ec	hyperpolymath/echidna	proofs/smt-lib-mined/dt_list_cons.smt2	(set-logic ALL) (declare-datatypes ((List 0)) (((nil) (cons (hd Int) (tl List))))) (declare-const xs List) (assert (not (=> ((_ is cons) xs) (=> (= (tl xs) nil) (= xs (cons (hd xs) nil)))))) (check-sa	correctness	z3	success	22	0.5	\N	batch-direct	2026-04-05 12:59:04.958	2026-04-05 12:59:04.991	direct:z3	\N
966b40bc-1b8b-400e-8640-a5283ef41ece	4315f962ed4c6786db440c5b6f663e126597767d	hyperpolymath/echidna	proofs/smt-lib-mined/mixed_bv_lia.smt2	(set-logic QF_BV) (declare-const x (_ BitVec 16)) (assert (not (= (bvadd x (_ bv0 16)) x))) (check-sat) 	correctness	z3	success	20	0.5	\N	batch-direct	2026-04-05 12:59:05.058	2026-04-05 12:59:05.089	direct:z3	\N
3c08811a-ad91-46d4-af0d-879b87a86258	759eb730df0f07c8568a42df58c6c5dfc2eb19bd	hyperpolymath/echidna	proofs/smt-lib-mined/la_add_assoc.smt2	(set-logic QF_LIA) (declare-const x Int) (declare-const y Int) (declare-const z Int) (assert (not (= (+ (+ x y) z) (+ x (+ y z))))) (check-sat) 	correctness	z3	success	25	0.5	\N	batch-direct	2026-04-05 13:00:01.331	2026-04-05 13:00:01.367	direct:z3	\N
3f1c2538-20e0-4c93-af94-82e60870c5fb	41e2c04f0d3c369fc3a1da275aceba88a2253d01	hyperpolymath/echidna	proofs/smt-lib-mined/la_mul_comm.smt2	(set-logic QF_NIA) (declare-const x Int) (declare-const y Int) (assert (not (= (* x y) (* y x)))) (check-sat) 	correctness	z3	success	21	0.5	\N	batch-direct	2026-04-05 13:00:01.436	2026-04-05 13:00:01.469	direct:z3	\N
a8b629e8-47ad-4a8e-bf28-538370b21dda	fc33eda81a013806076a40e9f4baeeb9e43b5684	hyperpolymath/echidna	proofs/smt-lib-mined/la_distribute.smt2	(set-logic QF_NIA) (declare-const a Int) (declare-const b Int) (declare-const c Int) (assert (not (= (* a (+ b c)) (+ (* a b) (* a c))))) (check-sat) 	correctness	z3	success	20	0.5	\N	batch-direct	2026-04-05 13:00:01.538	2026-04-05 13:00:01.570	direct:z3	\N
bd0d9566-4bdf-4833-9dff-8c765f1fcf19	80d3f050ed0b2297a3c6123748287383a4b645ee	hyperpolymath/echidna	proofs/smt-lib-mined/la_triangle.smt2	(set-logic QF_LIA) (declare-const x Int) (declare-const y Int) (declare-const z Int) (assert (>= (+ x y) z)) (assert (>= (+ y z) x)) (assert (>= (+ x z) y)) (assert (> x 0)) (assert (> y 0)) (assert (	correctness	z3	success	23	0.5	\N	batch-direct	2026-04-05 13:00:01.637	2026-04-05 13:00:01.672	direct:z3	\N
c99bda21-7be3-4b4d-8c6b-a68c4a0cced8	d17d4adfc302ec345393a7f574032c97c2313ea5	hyperpolymath/echidna	proofs/smt-lib-mined/bv_xor_involution.smt2	(set-logic QF_BV) (declare-const x (_ BitVec 32)) (declare-const y (_ BitVec 32)) (assert (not (= (bvxor (bvxor x y) y) x))) (check-sat) 	correctness	z3	success	19	0.5	\N	batch-direct	2026-04-05 13:00:01.741	2026-04-05 13:00:01.771	direct:z3	\N
c98b17b0-75d5-4343-a235-97ba7d89db8f	a824420193f34e7a9769e99db1291c9d2b5b9acf	hyperpolymath/echidna	proofs/smt-lib-mined/bv_mask_idempotent.smt2	(set-logic QF_BV) (declare-const x (_ BitVec 8)) (assert (not (= (bvand x x) x))) (check-sat) 	correctness	z3	success	20	0.5	\N	batch-direct	2026-04-05 13:00:01.837	2026-04-05 13:00:01.868	direct:z3	\N
1f76a8d2-720a-46af-8ef0-4ac5f420afab	be294542cf81ff93df29c9ccb99ec93f67173273	hyperpolymath/echidna	proofs/smt-lib-mined/uf_transitivity.smt2	(set-logic QF_UF) (declare-sort S 0) (declare-const a S) (declare-const b S) (declare-const c S) (assert (= a b)) (assert (= b c)) (assert (not (= a c))) (check-sat) 	correctness	z3	success	20	0.5	\N	batch-direct	2026-04-05 13:00:01.936	2026-04-05 13:00:01.967	direct:z3	\N
fbac1ed9-db1a-4bc2-9f6b-2c436d8d80db	6e97bcc5a4237be5408787c27109f542f7ed1054	hyperpolymath/echidna	proofs/smt-lib-mined/uf_congruence.smt2	(set-logic QF_UF) (declare-sort S 0) (declare-fun f (S) S) (declare-const a S) (declare-const b S) (assert (= a b)) (assert (not (= (f a) (f b)))) (check-sat) 	correctness	z3	success	22	0.5	\N	batch-direct	2026-04-05 13:00:02.035	2026-04-05 13:00:02.067	direct:z3	\N
ee15118f-dde9-49ee-b4ce-2f091a2952ac	4e71d0c3f466082046ceec663f22c56a24b74c43	hyperpolymath/echidna	proofs/smt-lib-mined/arr_read_over_write.smt2	(set-logic QF_AX) (declare-sort I 0) (declare-sort V 0) (declare-const a (Array I V)) (declare-const i I) (declare-const j I) (declare-const v V) (assert (not (=> (= i j) (= (select (store a i v) j) v	correctness	z3	success	20	0.5	\N	batch-direct	2026-04-05 13:00:02.134	2026-04-05 13:00:02.166	direct:z3	\N
1377f006-d0e8-4acd-a707-c824b286bb57	74a52be9e26e6b428d2f3435314cac9b486ae291	hyperpolymath/echidna	proofs/smt-lib-mined/q_forall_exists.smt2	(set-logic LIA) (assert (not (forall ((x Int)) (exists ((y Int)) (> y x))))) (check-sat) 	correctness	z3	success	24	0.5	\N	batch-direct	2026-04-05 13:00:02.237	2026-04-05 13:00:02.272	direct:z3	\N
2ab3eb6b-0b49-481f-85ae-353eaa5af082	453ba1bb06a87e34fb51388910d16d3f4313281c	hyperpolymath/echidna	proofs/smt-lib-mined/sat_simple.smt2	(set-logic QF_LIA) (declare-const x Int) (assert (> x 0)) (assert (< x 10)) (check-sat) 	correctness	z3	success	30	0.5	\N	batch-direct	2026-04-05 13:00:02.340	2026-04-05 13:00:02.383	direct:z3	\N
2bc62491-1e59-494c-9eaa-1ef24bce691a	0ef8b6958a355a5ebd3940cc80a8fea9189abae5	hyperpolymath/echidna	proofs/smt-lib-mined/unsat_contradiction.smt2	(set-logic QF_LIA) (declare-const x Int) (declare-const y Int) (assert (> x y)) (assert (> y x)) (check-sat) 	correctness	z3	success	24	0.5	\N	batch-direct	2026-04-05 13:00:02.453	2026-04-05 13:00:02.488	direct:z3	\N
599a99c7-b788-4946-97b1-8dff02c60f7b	18a93eb0ae2fac60332faec6a982d3005caa1c50	hyperpolymath/echidna	proofs/smt-lib-mined/ra_square_nonneg.smt2	(set-logic QF_NRA) (declare-const x Real) (assert (< (* x x) 0.0)) (check-sat) 	correctness	z3	success	24	0.5	\N	batch-direct	2026-04-05 13:00:02.556	2026-04-05 13:00:02.592	direct:z3	\N
4a1bb693-8da7-4462-97d2-6d4163f82da7	acc6b9d76e18e208a9cc81830fccf0c3ae1780ec	hyperpolymath/echidna	proofs/smt-lib-mined/dt_list_cons.smt2	(set-logic ALL) (declare-datatypes ((List 0)) (((nil) (cons (hd Int) (tl List))))) (declare-const xs List) (assert (not (=> ((_ is cons) xs) (=> (= (tl xs) nil) (= xs (cons (hd xs) nil)))))) (check-sa	correctness	z3	success	21	0.5	\N	batch-direct	2026-04-05 13:00:02.669	2026-04-05 13:00:02.702	direct:z3	\N
d666d738-801b-4e71-b04c-40231344e52b	4315f962ed4c6786db440c5b6f663e126597767d	hyperpolymath/echidna	proofs/smt-lib-mined/mixed_bv_lia.smt2	(set-logic QF_BV) (declare-const x (_ BitVec 16)) (assert (not (= (bvadd x (_ bv0 16)) x))) (check-sat) 	correctness	z3	success	21	0.5	\N	batch-direct	2026-04-05 13:00:02.770	2026-04-05 13:00:02.802	direct:z3	\N
db64c3e2-c957-4606-a7c8-466fd799cbc5	759eb730df0f07c8568a42df58c6c5dfc2eb19bd	hyperpolymath/echidna	proofs/smt-lib-mined/la_add_assoc.smt2	(set-logic QF_LIA) (declare-const x Int) (declare-const y Int) (declare-const z Int) (assert (not (= (+ (+ x y) z) (+ x (+ y z))))) (check-sat) 	correctness	z3	success	24	0.5	\N	batch-direct	2026-04-05 13:01:34.209	2026-04-05 13:01:34.244	direct:z3	\N
6ec6b370-0c80-4f11-ba19-4654045ef03a	41e2c04f0d3c369fc3a1da275aceba88a2253d01	hyperpolymath/echidna	proofs/smt-lib-mined/la_mul_comm.smt2	(set-logic QF_NIA) (declare-const x Int) (declare-const y Int) (assert (not (= (* x y) (* y x)))) (check-sat) 	correctness	z3	success	20	0.5	\N	batch-direct	2026-04-05 13:01:34.305	2026-04-05 13:01:34.337	direct:z3	\N
50b56ec2-e39c-4626-bd04-3dd66b186780	fc33eda81a013806076a40e9f4baeeb9e43b5684	hyperpolymath/echidna	proofs/smt-lib-mined/la_distribute.smt2	(set-logic QF_NIA) (declare-const a Int) (declare-const b Int) (declare-const c Int) (assert (not (= (* a (+ b c)) (+ (* a b) (* a c))))) (check-sat) 	correctness	z3	success	20	0.5	\N	batch-direct	2026-04-05 13:01:34.400	2026-04-05 13:01:34.432	direct:z3	\N
a78482dd-6098-436c-9b06-77bc4583028a	80d3f050ed0b2297a3c6123748287383a4b645ee	hyperpolymath/echidna	proofs/smt-lib-mined/la_triangle.smt2	(set-logic QF_LIA) (declare-const x Int) (declare-const y Int) (declare-const z Int) (assert (>= (+ x y) z)) (assert (>= (+ y z) x)) (assert (>= (+ x z) y)) (assert (> x 0)) (assert (> y 0)) (assert (	correctness	z3	success	25	0.5	\N	batch-direct	2026-04-05 13:01:34.493	2026-04-05 13:01:34.529	direct:z3	\N
8bd473bb-599a-4ebd-9fa2-49296612e0b4	d17d4adfc302ec345393a7f574032c97c2313ea5	hyperpolymath/echidna	proofs/smt-lib-mined/bv_xor_involution.smt2	(set-logic QF_BV) (declare-const x (_ BitVec 32)) (declare-const y (_ BitVec 32)) (assert (not (= (bvxor (bvxor x y) y) x))) (check-sat) 	correctness	z3	success	21	0.5	\N	batch-direct	2026-04-05 13:01:34.592	2026-04-05 13:01:34.626	direct:z3	\N
233b1163-9cfb-41c3-8205-683f9746af11	a824420193f34e7a9769e99db1291c9d2b5b9acf	hyperpolymath/echidna	proofs/smt-lib-mined/bv_mask_idempotent.smt2	(set-logic QF_BV) (declare-const x (_ BitVec 8)) (assert (not (= (bvand x x) x))) (check-sat) 	correctness	z3	success	20	0.5	\N	batch-direct	2026-04-05 13:01:34.697	2026-04-05 13:01:34.728	direct:z3	\N
737c6853-5e12-4076-b021-d5695c3f5b9e	be294542cf81ff93df29c9ccb99ec93f67173273	hyperpolymath/echidna	proofs/smt-lib-mined/uf_transitivity.smt2	(set-logic QF_UF) (declare-sort S 0) (declare-const a S) (declare-const b S) (declare-const c S) (assert (= a b)) (assert (= b c)) (assert (not (= a c))) (check-sat) 	correctness	z3	success	20	0.5	\N	batch-direct	2026-04-05 13:01:34.787	2026-04-05 13:01:34.820	direct:z3	\N
28cb9583-82c4-44a1-928e-bc66bd41cc61	6e97bcc5a4237be5408787c27109f542f7ed1054	hyperpolymath/echidna	proofs/smt-lib-mined/uf_congruence.smt2	(set-logic QF_UF) (declare-sort S 0) (declare-fun f (S) S) (declare-const a S) (declare-const b S) (assert (= a b)) (assert (not (= (f a) (f b)))) (check-sat) 	correctness	z3	success	20	0.5	\N	batch-direct	2026-04-05 13:01:34.882	2026-04-05 13:01:34.914	direct:z3	\N
543ff274-f76a-477e-af66-64e244707d1b	4e71d0c3f466082046ceec663f22c56a24b74c43	hyperpolymath/echidna	proofs/smt-lib-mined/arr_read_over_write.smt2	(set-logic QF_AX) (declare-sort I 0) (declare-sort V 0) (declare-const a (Array I V)) (declare-const i I) (declare-const j I) (declare-const v V) (assert (not (=> (= i j) (= (select (store a i v) j) v	correctness	z3	success	21	0.5	\N	batch-direct	2026-04-05 13:01:34.981	2026-04-05 13:01:35.013	direct:z3	\N
798f45d7-dfea-41a2-b7c7-c55762e3c3de	74a52be9e26e6b428d2f3435314cac9b486ae291	hyperpolymath/echidna	proofs/smt-lib-mined/q_forall_exists.smt2	(set-logic LIA) (assert (not (forall ((x Int)) (exists ((y Int)) (> y x))))) (check-sat) 	correctness	z3	success	25	0.5	\N	batch-direct	2026-04-05 13:01:35.077	2026-04-05 13:01:35.113	direct:z3	\N
8bb51eaa-7693-464c-ada2-a52a88092bf7	453ba1bb06a87e34fb51388910d16d3f4313281c	hyperpolymath/echidna	proofs/smt-lib-mined/sat_simple.smt2	(set-logic QF_LIA) (declare-const x Int) (assert (> x 0)) (assert (< x 10)) (check-sat) 	correctness	z3	success	31	0.5	\N	batch-direct	2026-04-05 13:01:35.176	2026-04-05 13:01:35.218	direct:z3	\N
6f56b6fa-2132-4fc7-99f0-761103c4f6d6	0ef8b6958a355a5ebd3940cc80a8fea9189abae5	hyperpolymath/echidna	proofs/smt-lib-mined/unsat_contradiction.smt2	(set-logic QF_LIA) (declare-const x Int) (declare-const y Int) (assert (> x y)) (assert (> y x)) (check-sat) 	correctness	z3	success	24	0.5	\N	batch-direct	2026-04-05 13:01:35.281	2026-04-05 13:01:35.316	direct:z3	\N
ab983add-8edc-449e-943d-e71936698689	18a93eb0ae2fac60332faec6a982d3005caa1c50	hyperpolymath/echidna	proofs/smt-lib-mined/ra_square_nonneg.smt2	(set-logic QF_NRA) (declare-const x Real) (assert (< (* x x) 0.0)) (check-sat) 	correctness	z3	success	23	0.5	\N	batch-direct	2026-04-05 13:01:35.376	2026-04-05 13:01:35.410	direct:z3	\N
57b22194-ba63-4a82-818a-5cdb199c179f	acc6b9d76e18e208a9cc81830fccf0c3ae1780ec	hyperpolymath/echidna	proofs/smt-lib-mined/dt_list_cons.smt2	(set-logic ALL) (declare-datatypes ((List 0)) (((nil) (cons (hd Int) (tl List))))) (declare-const xs List) (assert (not (=> ((_ is cons) xs) (=> (= (tl xs) nil) (= xs (cons (hd xs) nil)))))) (check-sa	correctness	z3	success	27	0.5	\N	batch-direct	2026-04-05 13:01:35.474	2026-04-05 13:01:35.512	direct:z3	\N
54b80ccb-0acc-48ca-896d-77450388c98c	4315f962ed4c6786db440c5b6f663e126597767d	hyperpolymath/echidna	proofs/smt-lib-mined/mixed_bv_lia.smt2	(set-logic QF_BV) (declare-const x (_ BitVec 16)) (assert (not (= (bvadd x (_ bv0 16)) x))) (check-sat) 	correctness	z3	success	21	0.5	\N	batch-direct	2026-04-05 13:01:35.574	2026-04-05 13:01:35.606	direct:z3	\N
8815be54-1e10-4fa8-a15e-934c925688cc	759eb730df0f07c8568a42df58c6c5dfc2eb19bd	hyperpolymath/echidna	proofs/smt-lib-mined/la_add_assoc.smt2	(set-logic QF_LIA) (declare-const x Int) (declare-const y Int) (declare-const z Int) (assert (not (= (+ (+ x y) z) (+ x (+ y z))))) (check-sat) 	correctness	z3	success	21	0.5	\N	batch-direct	2026-04-05 13:02:31.583	2026-04-05 13:02:31.615	direct:z3	\N
2953e7be-9f24-48f9-9985-d499ba62b0c4	41e2c04f0d3c369fc3a1da275aceba88a2253d01	hyperpolymath/echidna	proofs/smt-lib-mined/la_mul_comm.smt2	(set-logic QF_NIA) (declare-const x Int) (declare-const y Int) (assert (not (= (* x y) (* y x)))) (check-sat) 	correctness	z3	success	22	0.5	\N	batch-direct	2026-04-05 13:02:31.678	2026-04-05 13:02:31.711	direct:z3	\N
df29e522-c3db-4a2c-8b1f-e827f3313834	fc33eda81a013806076a40e9f4baeeb9e43b5684	hyperpolymath/echidna	proofs/smt-lib-mined/la_distribute.smt2	(set-logic QF_NIA) (declare-const a Int) (declare-const b Int) (declare-const c Int) (assert (not (= (* a (+ b c)) (+ (* a b) (* a c))))) (check-sat) 	correctness	z3	success	21	0.5	\N	batch-direct	2026-04-05 13:02:31.771	2026-04-05 13:02:31.803	direct:z3	\N
12fb14f9-ee34-407c-9994-5cb857d079c4	80d3f050ed0b2297a3c6123748287383a4b645ee	hyperpolymath/echidna	proofs/smt-lib-mined/la_triangle.smt2	(set-logic QF_LIA) (declare-const x Int) (declare-const y Int) (declare-const z Int) (assert (>= (+ x y) z)) (assert (>= (+ y z) x)) (assert (>= (+ x z) y)) (assert (> x 0)) (assert (> y 0)) (assert (	correctness	z3	success	24	0.5	\N	batch-direct	2026-04-05 13:02:31.865	2026-04-05 13:02:31.901	direct:z3	\N
9db1cd6f-4431-4dca-ac77-1d891659e193	d17d4adfc302ec345393a7f574032c97c2313ea5	hyperpolymath/echidna	proofs/smt-lib-mined/bv_xor_involution.smt2	(set-logic QF_BV) (declare-const x (_ BitVec 32)) (declare-const y (_ BitVec 32)) (assert (not (= (bvxor (bvxor x y) y) x))) (check-sat) 	correctness	z3	success	21	0.5	\N	batch-direct	2026-04-05 13:02:31.966	2026-04-05 13:02:31.998	direct:z3	\N
f1f30a7e-0ee7-44bb-9f72-812ba59d6639	a824420193f34e7a9769e99db1291c9d2b5b9acf	hyperpolymath/echidna	proofs/smt-lib-mined/bv_mask_idempotent.smt2	(set-logic QF_BV) (declare-const x (_ BitVec 8)) (assert (not (= (bvand x x) x))) (check-sat) 	correctness	z3	success	21	0.5	\N	batch-direct	2026-04-05 13:02:32.062	2026-04-05 13:02:32.095	direct:z3	\N
a90a7b41-788d-4e59-8b1c-81a0a5ac3968	be294542cf81ff93df29c9ccb99ec93f67173273	hyperpolymath/echidna	proofs/smt-lib-mined/uf_transitivity.smt2	(set-logic QF_UF) (declare-sort S 0) (declare-const a S) (declare-const b S) (declare-const c S) (assert (= a b)) (assert (= b c)) (assert (not (= a c))) (check-sat) 	correctness	z3	success	20	0.5	\N	batch-direct	2026-04-05 13:02:32.156	2026-04-05 13:02:32.188	direct:z3	\N
089c754a-a15b-4087-9ea3-93cacf4fd386	6e97bcc5a4237be5408787c27109f542f7ed1054	hyperpolymath/echidna	proofs/smt-lib-mined/uf_congruence.smt2	(set-logic QF_UF) (declare-sort S 0) (declare-fun f (S) S) (declare-const a S) (declare-const b S) (assert (= a b)) (assert (not (= (f a) (f b)))) (check-sat) 	correctness	z3	success	21	0.5	\N	batch-direct	2026-04-05 13:02:32.250	2026-04-05 13:02:32.282	direct:z3	\N
1261108d-3606-4afc-9ccd-31643857cb37	4e71d0c3f466082046ceec663f22c56a24b74c43	hyperpolymath/echidna	proofs/smt-lib-mined/arr_read_over_write.smt2	(set-logic QF_AX) (declare-sort I 0) (declare-sort V 0) (declare-const a (Array I V)) (declare-const i I) (declare-const j I) (declare-const v V) (assert (not (=> (= i j) (= (select (store a i v) j) v	correctness	z3	success	21	0.5	\N	batch-direct	2026-04-05 13:02:32.344	2026-04-05 13:02:32.376	direct:z3	\N
fd44166c-cc26-4d6b-a0e7-b5ab397f9e86	74a52be9e26e6b428d2f3435314cac9b486ae291	hyperpolymath/echidna	proofs/smt-lib-mined/q_forall_exists.smt2	(set-logic LIA) (assert (not (forall ((x Int)) (exists ((y Int)) (> y x))))) (check-sat) 	correctness	z3	success	23	0.5	\N	batch-direct	2026-04-05 13:02:32.438	2026-04-05 13:02:32.472	direct:z3	\N
482b4fb2-4053-467f-8103-231dac529172	453ba1bb06a87e34fb51388910d16d3f4313281c	hyperpolymath/echidna	proofs/smt-lib-mined/sat_simple.smt2	(set-logic QF_LIA) (declare-const x Int) (assert (> x 0)) (assert (< x 10)) (check-sat) 	correctness	z3	success	29	0.5	\N	batch-direct	2026-04-05 13:02:32.534	2026-04-05 13:02:32.574	direct:z3	\N
ce0b9f99-b296-4bec-ab9c-038597d7aa42	0ef8b6958a355a5ebd3940cc80a8fea9189abae5	hyperpolymath/echidna	proofs/smt-lib-mined/unsat_contradiction.smt2	(set-logic QF_LIA) (declare-const x Int) (declare-const y Int) (assert (> x y)) (assert (> y x)) (check-sat) 	correctness	z3	success	27	0.5	\N	batch-direct	2026-04-05 13:02:32.639	2026-04-05 13:02:32.677	direct:z3	\N
4a48de82-8040-49a5-85b5-c0929ccf7148	18a93eb0ae2fac60332faec6a982d3005caa1c50	hyperpolymath/echidna	proofs/smt-lib-mined/ra_square_nonneg.smt2	(set-logic QF_NRA) (declare-const x Real) (assert (< (* x x) 0.0)) (check-sat) 	correctness	z3	success	23	0.5	\N	batch-direct	2026-04-05 13:02:32.741	2026-04-05 13:02:32.775	direct:z3	\N
2c2bb02d-0402-4b87-9758-78b52e0907ff	acc6b9d76e18e208a9cc81830fccf0c3ae1780ec	hyperpolymath/echidna	proofs/smt-lib-mined/dt_list_cons.smt2	(set-logic ALL) (declare-datatypes ((List 0)) (((nil) (cons (hd Int) (tl List))))) (declare-const xs List) (assert (not (=> ((_ is cons) xs) (=> (= (tl xs) nil) (= xs (cons (hd xs) nil)))))) (check-sa	correctness	z3	success	21	0.5	\N	batch-direct	2026-04-05 13:02:32.837	2026-04-05 13:02:32.870	direct:z3	\N
fa7600cf-1ddd-4406-aa00-472603471b78	4315f962ed4c6786db440c5b6f663e126597767d	hyperpolymath/echidna	proofs/smt-lib-mined/mixed_bv_lia.smt2	(set-logic QF_BV) (declare-const x (_ BitVec 16)) (assert (not (= (bvadd x (_ bv0 16)) x))) (check-sat) 	correctness	z3	success	20	0.5	\N	batch-direct	2026-04-05 13:02:32.933	2026-04-05 13:02:32.965	direct:z3	\N
2865f204-7373-49aa-a11a-c6d8eeabac5f	759eb730df0f07c8568a42df58c6c5dfc2eb19bd	hyperpolymath/echidna	proofs/smt-lib-mined/la_add_assoc.smt2	(set-logic QF_LIA) (declare-const x Int) (declare-const y Int) (declare-const z Int) (assert (not (= (+ (+ x y) z) (+ x (+ y z))))) (check-sat) 	correctness	z3	success	23	0.5	\N	batch-direct	2026-04-05 13:03:28.591	2026-04-05 13:03:28.626	direct:z3	\N
4d86e76c-cc47-4cef-96f7-87b15f056bdf	41e2c04f0d3c369fc3a1da275aceba88a2253d01	hyperpolymath/echidna	proofs/smt-lib-mined/la_mul_comm.smt2	(set-logic QF_NIA) (declare-const x Int) (declare-const y Int) (assert (not (= (* x y) (* y x)))) (check-sat) 	correctness	z3	success	21	0.5	\N	batch-direct	2026-04-05 13:03:28.700	2026-04-05 13:03:28.733	direct:z3	\N
5f0f203e-6685-4b0a-86f5-5c7d05c51d94	fc33eda81a013806076a40e9f4baeeb9e43b5684	hyperpolymath/echidna	proofs/smt-lib-mined/la_distribute.smt2	(set-logic QF_NIA) (declare-const a Int) (declare-const b Int) (declare-const c Int) (assert (not (= (* a (+ b c)) (+ (* a b) (* a c))))) (check-sat) 	correctness	z3	success	20	0.5	\N	batch-direct	2026-04-05 13:03:28.796	2026-04-05 13:03:28.828	direct:z3	\N
b473ae14-d283-461d-9b3f-68937c2f4484	80d3f050ed0b2297a3c6123748287383a4b645ee	hyperpolymath/echidna	proofs/smt-lib-mined/la_triangle.smt2	(set-logic QF_LIA) (declare-const x Int) (declare-const y Int) (declare-const z Int) (assert (>= (+ x y) z)) (assert (>= (+ y z) x)) (assert (>= (+ x z) y)) (assert (> x 0)) (assert (> y 0)) (assert (	correctness	z3	success	24	0.5	\N	batch-direct	2026-04-05 13:03:28.891	2026-04-05 13:03:28.926	direct:z3	\N
3dd2df88-5f06-40d5-a1f5-a5f44fc094e1	d17d4adfc302ec345393a7f574032c97c2313ea5	hyperpolymath/echidna	proofs/smt-lib-mined/bv_xor_involution.smt2	(set-logic QF_BV) (declare-const x (_ BitVec 32)) (declare-const y (_ BitVec 32)) (assert (not (= (bvxor (bvxor x y) y) x))) (check-sat) 	correctness	z3	success	24	0.5	\N	batch-direct	2026-04-05 13:03:28.989	2026-04-05 13:03:29.025	direct:z3	\N
81e173ca-652d-44fa-af29-f1ce8dbe0223	a824420193f34e7a9769e99db1291c9d2b5b9acf	hyperpolymath/echidna	proofs/smt-lib-mined/bv_mask_idempotent.smt2	(set-logic QF_BV) (declare-const x (_ BitVec 8)) (assert (not (= (bvand x x) x))) (check-sat) 	correctness	z3	success	21	0.5	\N	batch-direct	2026-04-05 13:03:29.095	2026-04-05 13:03:29.129	direct:z3	\N
c4174096-22f5-471e-a8e0-f443c78b4b6f	be294542cf81ff93df29c9ccb99ec93f67173273	hyperpolymath/echidna	proofs/smt-lib-mined/uf_transitivity.smt2	(set-logic QF_UF) (declare-sort S 0) (declare-const a S) (declare-const b S) (declare-const c S) (assert (= a b)) (assert (= b c)) (assert (not (= a c))) (check-sat) 	correctness	z3	success	21	0.5	\N	batch-direct	2026-04-05 13:03:29.193	2026-04-05 13:03:29.225	direct:z3	\N
68fc3f13-1249-42fe-bb39-74472e45214a	6e97bcc5a4237be5408787c27109f542f7ed1054	hyperpolymath/echidna	proofs/smt-lib-mined/uf_congruence.smt2	(set-logic QF_UF) (declare-sort S 0) (declare-fun f (S) S) (declare-const a S) (declare-const b S) (assert (= a b)) (assert (not (= (f a) (f b)))) (check-sat) 	correctness	z3	success	20	0.5	\N	batch-direct	2026-04-05 13:03:29.289	2026-04-05 13:03:29.320	direct:z3	\N
e58a651b-fa51-46f7-b23d-87452b06ab9f	4e71d0c3f466082046ceec663f22c56a24b74c43	hyperpolymath/echidna	proofs/smt-lib-mined/arr_read_over_write.smt2	(set-logic QF_AX) (declare-sort I 0) (declare-sort V 0) (declare-const a (Array I V)) (declare-const i I) (declare-const j I) (declare-const v V) (assert (not (=> (= i j) (= (select (store a i v) j) v	correctness	z3	success	21	0.5	\N	batch-direct	2026-04-05 13:03:29.381	2026-04-05 13:03:29.414	direct:z3	\N
09e1626d-3826-493a-8d76-5b30604e8069	74a52be9e26e6b428d2f3435314cac9b486ae291	hyperpolymath/echidna	proofs/smt-lib-mined/q_forall_exists.smt2	(set-logic LIA) (assert (not (forall ((x Int)) (exists ((y Int)) (> y x))))) (check-sat) 	correctness	z3	success	24	0.5	\N	batch-direct	2026-04-05 13:03:29.475	2026-04-05 13:03:29.509	direct:z3	\N
42eb6bd0-b91a-4b04-9b5e-16517df400e9	453ba1bb06a87e34fb51388910d16d3f4313281c	hyperpolymath/echidna	proofs/smt-lib-mined/sat_simple.smt2	(set-logic QF_LIA) (declare-const x Int) (assert (> x 0)) (assert (< x 10)) (check-sat) 	correctness	z3	success	31	0.5	\N	batch-direct	2026-04-05 13:03:29.571	2026-04-05 13:03:29.614	direct:z3	\N
45bd0d81-c149-4d43-ae3e-43dd85b2bbac	0ef8b6958a355a5ebd3940cc80a8fea9189abae5	hyperpolymath/echidna	proofs/smt-lib-mined/unsat_contradiction.smt2	(set-logic QF_LIA) (declare-const x Int) (declare-const y Int) (assert (> x y)) (assert (> y x)) (check-sat) 	correctness	z3	success	23	0.5	\N	batch-direct	2026-04-05 13:03:29.679	2026-04-05 13:03:29.714	direct:z3	\N
20456d71-47b7-4a03-a4f2-e25af6d185e6	18a93eb0ae2fac60332faec6a982d3005caa1c50	hyperpolymath/echidna	proofs/smt-lib-mined/ra_square_nonneg.smt2	(set-logic QF_NRA) (declare-const x Real) (assert (< (* x x) 0.0)) (check-sat) 	correctness	z3	success	24	0.5	\N	batch-direct	2026-04-05 13:03:29.778	2026-04-05 13:03:29.814	direct:z3	\N
9621d3c8-4f67-4077-af3a-2e471cc90bb7	acc6b9d76e18e208a9cc81830fccf0c3ae1780ec	hyperpolymath/echidna	proofs/smt-lib-mined/dt_list_cons.smt2	(set-logic ALL) (declare-datatypes ((List 0)) (((nil) (cons (hd Int) (tl List))))) (declare-const xs List) (assert (not (=> ((_ is cons) xs) (=> (= (tl xs) nil) (= xs (cons (hd xs) nil)))))) (check-sa	correctness	z3	success	22	0.5	\N	batch-direct	2026-04-05 13:03:29.877	2026-04-05 13:03:29.913	direct:z3	\N
dd4e442e-62f0-4206-9309-e4ef2de5d4d4	4315f962ed4c6786db440c5b6f663e126597767d	hyperpolymath/echidna	proofs/smt-lib-mined/mixed_bv_lia.smt2	(set-logic QF_BV) (declare-const x (_ BitVec 16)) (assert (not (= (bvadd x (_ bv0 16)) x))) (check-sat) 	correctness	z3	success	21	0.5	\N	batch-direct	2026-04-05 13:03:29.976	2026-04-05 13:03:30.009	direct:z3	\N
aa21455a-31f1-4d42-a376-1e88a07722f0	759eb730df0f07c8568a42df58c6c5dfc2eb19bd	hyperpolymath/echidna	proofs/smt-lib-mined/la_add_assoc.smt2	(set-logic QF_LIA) (declare-const x Int) (declare-const y Int) (declare-const z Int) (assert (not (= (+ (+ x y) z) (+ x (+ y z))))) (check-sat) 	correctness	z3	success	22	0.5	\N	batch-direct	2026-04-05 14:53:02.486	2026-04-05 14:53:02.519	direct:z3	\N
334eba8e-1f78-4c18-953f-74ca303d410f	41e2c04f0d3c369fc3a1da275aceba88a2253d01	hyperpolymath/echidna	proofs/smt-lib-mined/la_mul_comm.smt2	(set-logic QF_NIA) (declare-const x Int) (declare-const y Int) (assert (not (= (* x y) (* y x)))) (check-sat) 	correctness	z3	success	21	0.5	\N	batch-direct	2026-04-05 14:53:02.594	2026-04-05 14:53:02.628	direct:z3	\N
dbb97ad7-9614-4aee-b32b-3e83455b4b9f	fc33eda81a013806076a40e9f4baeeb9e43b5684	hyperpolymath/echidna	proofs/smt-lib-mined/la_distribute.smt2	(set-logic QF_NIA) (declare-const a Int) (declare-const b Int) (declare-const c Int) (assert (not (= (* a (+ b c)) (+ (* a b) (* a c))))) (check-sat) 	correctness	z3	success	22	0.5	\N	batch-direct	2026-04-05 14:53:02.702	2026-04-05 14:53:02.736	direct:z3	\N
0f273d00-a90a-4e2d-afdb-2f2711368e40	80d3f050ed0b2297a3c6123748287383a4b645ee	hyperpolymath/echidna	proofs/smt-lib-mined/la_triangle.smt2	(set-logic QF_LIA) (declare-const x Int) (declare-const y Int) (declare-const z Int) (assert (>= (+ x y) z)) (assert (>= (+ y z) x)) (assert (>= (+ x z) y)) (assert (> x 0)) (assert (> y 0)) (assert (	correctness	z3	success	27	0.5	\N	batch-direct	2026-04-05 14:53:02.808	2026-04-05 14:53:02.847	direct:z3	\N
d4aefe50-a9b1-4233-b4d4-28bcb6948741	d17d4adfc302ec345393a7f574032c97c2313ea5	hyperpolymath/echidna	proofs/smt-lib-mined/bv_xor_involution.smt2	(set-logic QF_BV) (declare-const x (_ BitVec 32)) (declare-const y (_ BitVec 32)) (assert (not (= (bvxor (bvxor x y) y) x))) (check-sat) 	correctness	z3	success	21	0.5	\N	batch-direct	2026-04-05 14:53:02.918	2026-04-05 14:53:02.950	direct:z3	\N
e1b565be-e284-414c-ad7d-2fc8d4a2a8db	a824420193f34e7a9769e99db1291c9d2b5b9acf	hyperpolymath/echidna	proofs/smt-lib-mined/bv_mask_idempotent.smt2	(set-logic QF_BV) (declare-const x (_ BitVec 8)) (assert (not (= (bvand x x) x))) (check-sat) 	correctness	z3	success	22	0.5	\N	batch-direct	2026-04-05 14:53:03.019	2026-04-05 14:53:03.052	direct:z3	\N
05cdab92-5116-4304-addb-743f91c2efa4	be294542cf81ff93df29c9ccb99ec93f67173273	hyperpolymath/echidna	proofs/smt-lib-mined/uf_transitivity.smt2	(set-logic QF_UF) (declare-sort S 0) (declare-const a S) (declare-const b S) (declare-const c S) (assert (= a b)) (assert (= b c)) (assert (not (= a c))) (check-sat) 	correctness	z3	success	22	0.5	\N	batch-direct	2026-04-05 14:53:03.122	2026-04-05 14:53:03.157	direct:z3	\N
a08c80bf-ac8d-43c5-a6bd-f3c5e173aac3	6e97bcc5a4237be5408787c27109f542f7ed1054	hyperpolymath/echidna	proofs/smt-lib-mined/uf_congruence.smt2	(set-logic QF_UF) (declare-sort S 0) (declare-fun f (S) S) (declare-const a S) (declare-const b S) (assert (= a b)) (assert (not (= (f a) (f b)))) (check-sat) 	correctness	z3	success	20	0.5	\N	batch-direct	2026-04-05 14:53:03.229	2026-04-05 14:53:03.261	direct:z3	\N
e98c607f-da08-4496-a81a-b71972967912	4e71d0c3f466082046ceec663f22c56a24b74c43	hyperpolymath/echidna	proofs/smt-lib-mined/arr_read_over_write.smt2	(set-logic QF_AX) (declare-sort I 0) (declare-sort V 0) (declare-const a (Array I V)) (declare-const i I) (declare-const j I) (declare-const v V) (assert (not (=> (= i j) (= (select (store a i v) j) v	correctness	z3	success	21	0.5	\N	batch-direct	2026-04-05 14:53:03.327	2026-04-05 14:53:03.361	direct:z3	\N
cee501ac-7033-44d5-a42c-8fb8884aff89	74a52be9e26e6b428d2f3435314cac9b486ae291	hyperpolymath/echidna	proofs/smt-lib-mined/q_forall_exists.smt2	(set-logic LIA) (assert (not (forall ((x Int)) (exists ((y Int)) (> y x))))) (check-sat) 	correctness	z3	success	31	0.5	\N	batch-direct	2026-04-05 14:53:03.445	2026-04-05 14:53:03.488	direct:z3	\N
05a9e600-4778-453a-88f6-ff432353520f	759eb730df0f07c8568a42df58c6c5dfc2eb19bd	hyperpolymath/echidna	proofs/smt-lib-mined/la_add_assoc.smt2	(set-logic QF_LIA) (declare-const x Int) (declare-const y Int) (declare-const z Int) (assert (not (= (+ (+ x y) z) (+ x (+ y z))))) (check-sat) 	correctness	z3	success	27	0.5	\N	batch-direct	2026-04-05 15:04:23.557	2026-04-05 15:04:23.597	direct:z3	\N
8648f8af-f6be-4a95-8047-264b05c40416	41e2c04f0d3c369fc3a1da275aceba88a2253d01	hyperpolymath/echidna	proofs/smt-lib-mined/la_mul_comm.smt2	(set-logic QF_NIA) (declare-const x Int) (declare-const y Int) (assert (not (= (* x y) (* y x)))) (check-sat) 	correctness	z3	success	27	0.5	\N	batch-direct	2026-04-05 15:04:23.709	2026-04-05 15:04:23.754	direct:z3	\N
cafe796c-d4c0-4bbe-b68e-ab07cf22faa7	fc33eda81a013806076a40e9f4baeeb9e43b5684	hyperpolymath/echidna	proofs/smt-lib-mined/la_distribute.smt2	(set-logic QF_NIA) (declare-const a Int) (declare-const b Int) (declare-const c Int) (assert (not (= (* a (+ b c)) (+ (* a b) (* a c))))) (check-sat) 	correctness	z3	success	23	0.5	\N	batch-direct	2026-04-05 15:04:23.843	2026-04-05 15:04:23.883	direct:z3	\N
014ba9a2-eb76-4b46-a430-9514a6fd683d	80d3f050ed0b2297a3c6123748287383a4b645ee	hyperpolymath/echidna	proofs/smt-lib-mined/la_triangle.smt2	(set-logic QF_LIA) (declare-const x Int) (declare-const y Int) (declare-const z Int) (assert (>= (+ x y) z)) (assert (>= (+ y z) x)) (assert (>= (+ x z) y)) (assert (> x 0)) (assert (> y 0)) (assert (	correctness	z3	success	29	0.5	\N	batch-direct	2026-04-05 15:04:23.977	2026-04-05 15:04:24.020	direct:z3	\N
24cf4ef9-2a5c-4c29-895a-17502d2e1e8b	d17d4adfc302ec345393a7f574032c97c2313ea5	hyperpolymath/echidna	proofs/smt-lib-mined/bv_xor_involution.smt2	(set-logic QF_BV) (declare-const x (_ BitVec 32)) (declare-const y (_ BitVec 32)) (assert (not (= (bvxor (bvxor x y) y) x))) (check-sat) 	correctness	z3	success	21	0.5	\N	batch-direct	2026-04-05 15:04:24.109	2026-04-05 15:04:24.141	direct:z3	\N
e9223a9f-88ab-4418-b1f0-aa9ef06e4edd	a824420193f34e7a9769e99db1291c9d2b5b9acf	hyperpolymath/echidna	proofs/smt-lib-mined/bv_mask_idempotent.smt2	(set-logic QF_BV) (declare-const x (_ BitVec 8)) (assert (not (= (bvand x x) x))) (check-sat) 	correctness	z3	success	20	0.5	\N	batch-direct	2026-04-05 15:04:24.219	2026-04-05 15:04:24.251	direct:z3	\N
4f774fd4-6167-4f50-9e09-e148593f087d	759eb730df0f07c8568a42df58c6c5dfc2eb19bd	hyperpolymath/echidna	proofs/smt-lib-mined/la_add_assoc.smt2	(set-logic QF_LIA) (declare-const x Int) (declare-const y Int) (declare-const z Int) (assert (not (= (+ (+ x y) z) (+ x (+ y z))))) (check-sat) 	correctness	cvc5	success	8	0.5	\N	batch-direct	2026-04-05 12:59:05.159	2026-04-05 12:59:05.179	direct:cvc5	\N
b2f6ec4f-3828-45d8-a6a4-33d3f020a997	41e2c04f0d3c369fc3a1da275aceba88a2253d01	hyperpolymath/echidna	proofs/smt-lib-mined/la_mul_comm.smt2	(set-logic QF_NIA) (declare-const x Int) (declare-const y Int) (assert (not (= (* x y) (* y x)))) (check-sat) 	correctness	cvc5	success	8	0.5	\N	batch-direct	2026-04-05 12:59:05.244	2026-04-05 12:59:05.263	direct:cvc5	\N
071a51cf-ac16-4fc8-a86a-10ce16f864ce	fc33eda81a013806076a40e9f4baeeb9e43b5684	hyperpolymath/echidna	proofs/smt-lib-mined/la_distribute.smt2	(set-logic QF_NIA) (declare-const a Int) (declare-const b Int) (declare-const c Int) (assert (not (= (* a (+ b c)) (+ (* a b) (* a c))))) (check-sat) 	correctness	cvc5	success	10	0.5	\N	batch-direct	2026-04-05 12:59:05.334	2026-04-05 12:59:05.357	direct:cvc5	\N
49bee70a-fdb6-43a4-ab47-e94efbc20cd1	80d3f050ed0b2297a3c6123748287383a4b645ee	hyperpolymath/echidna	proofs/smt-lib-mined/la_triangle.smt2	(set-logic QF_LIA) (declare-const x Int) (declare-const y Int) (declare-const z Int) (assert (>= (+ x y) z)) (assert (>= (+ y z) x)) (assert (>= (+ x z) y)) (assert (> x 0)) (assert (> y 0)) (assert (	correctness	cvc5	success	9	0.5	\N	batch-direct	2026-04-05 12:59:05.425	2026-04-05 12:59:05.445	direct:cvc5	\N
fc6ba330-106f-4e6e-a00b-5baddc96d2a7	d17d4adfc302ec345393a7f574032c97c2313ea5	hyperpolymath/echidna	proofs/smt-lib-mined/bv_xor_involution.smt2	(set-logic QF_BV) (declare-const x (_ BitVec 32)) (declare-const y (_ BitVec 32)) (assert (not (= (bvxor (bvxor x y) y) x))) (check-sat) 	correctness	cvc5	success	9	0.5	\N	batch-direct	2026-04-05 12:59:05.511	2026-04-05 12:59:05.532	direct:cvc5	\N
b4c5870d-0f1f-4b31-a8a4-a571df82e606	a824420193f34e7a9769e99db1291c9d2b5b9acf	hyperpolymath/echidna	proofs/smt-lib-mined/bv_mask_idempotent.smt2	(set-logic QF_BV) (declare-const x (_ BitVec 8)) (assert (not (= (bvand x x) x))) (check-sat) 	correctness	cvc5	success	9	0.5	\N	batch-direct	2026-04-05 12:59:05.602	2026-04-05 12:59:05.622	direct:cvc5	\N
31d4f5b8-ee83-4dd2-8cab-d92c35f89a98	be294542cf81ff93df29c9ccb99ec93f67173273	hyperpolymath/echidna	proofs/smt-lib-mined/uf_transitivity.smt2	(set-logic QF_UF) (declare-sort S 0) (declare-const a S) (declare-const b S) (declare-const c S) (assert (= a b)) (assert (= b c)) (assert (not (= a c))) (check-sat) 	correctness	cvc5	success	8	0.5	\N	batch-direct	2026-04-05 12:59:05.691	2026-04-05 12:59:05.710	direct:cvc5	\N
3e2fe49b-2907-4ab7-87de-a331c7e2f844	6e97bcc5a4237be5408787c27109f542f7ed1054	hyperpolymath/echidna	proofs/smt-lib-mined/uf_congruence.smt2	(set-logic QF_UF) (declare-sort S 0) (declare-fun f (S) S) (declare-const a S) (declare-const b S) (assert (= a b)) (assert (not (= (f a) (f b)))) (check-sat) 	correctness	cvc5	success	8	0.5	\N	batch-direct	2026-04-05 12:59:05.781	2026-04-05 12:59:05.800	direct:cvc5	\N
8998c1a3-1ae1-4037-b120-d36942e97706	4e71d0c3f466082046ceec663f22c56a24b74c43	hyperpolymath/echidna	proofs/smt-lib-mined/arr_read_over_write.smt2	(set-logic QF_AX) (declare-sort I 0) (declare-sort V 0) (declare-const a (Array I V)) (declare-const i I) (declare-const j I) (declare-const v V) (assert (not (=> (= i j) (= (select (store a i v) j) v	correctness	cvc5	success	8	0.5	\N	batch-direct	2026-04-05 12:59:05.866	2026-04-05 12:59:05.885	direct:cvc5	\N
52215b24-5eab-4bbe-8cc4-b6213a184bfb	74a52be9e26e6b428d2f3435314cac9b486ae291	hyperpolymath/echidna	proofs/smt-lib-mined/q_forall_exists.smt2	(set-logic LIA) (assert (not (forall ((x Int)) (exists ((y Int)) (> y x))))) (check-sat) 	correctness	cvc5	success	8	0.5	\N	batch-direct	2026-04-05 12:59:05.953	2026-04-05 12:59:05.973	direct:cvc5	\N
d974dd7c-2721-4ca4-8739-af2681e29c93	453ba1bb06a87e34fb51388910d16d3f4313281c	hyperpolymath/echidna	proofs/smt-lib-mined/sat_simple.smt2	(set-logic QF_LIA) (declare-const x Int) (assert (> x 0)) (assert (< x 10)) (check-sat) 	correctness	cvc5	success	9	0.5	\N	batch-direct	2026-04-05 12:59:06.041	2026-04-05 12:59:06.061	direct:cvc5	\N
45293f0d-7183-4768-912c-7afb3d71c98e	0ef8b6958a355a5ebd3940cc80a8fea9189abae5	hyperpolymath/echidna	proofs/smt-lib-mined/unsat_contradiction.smt2	(set-logic QF_LIA) (declare-const x Int) (declare-const y Int) (assert (> x y)) (assert (> y x)) (check-sat) 	correctness	cvc5	success	8	0.5	\N	batch-direct	2026-04-05 12:59:06.129	2026-04-05 12:59:06.150	direct:cvc5	\N
15c3f763-b54c-4a23-91e4-2a5bea42f061	18a93eb0ae2fac60332faec6a982d3005caa1c50	hyperpolymath/echidna	proofs/smt-lib-mined/ra_square_nonneg.smt2	(set-logic QF_NRA) (declare-const x Real) (assert (< (* x x) 0.0)) (check-sat) 	correctness	cvc5	success	9	0.5	\N	batch-direct	2026-04-05 12:59:06.216	2026-04-05 12:59:06.236	direct:cvc5	\N
0dadcb1d-ec9e-4219-8b69-3fb61f69947c	acc6b9d76e18e208a9cc81830fccf0c3ae1780ec	hyperpolymath/echidna	proofs/smt-lib-mined/dt_list_cons.smt2	(set-logic ALL) (declare-datatypes ((List 0)) (((nil) (cons (hd Int) (tl List))))) (declare-const xs List) (assert (not (=> ((_ is cons) xs) (=> (= (tl xs) nil) (= xs (cons (hd xs) nil)))))) (check-sa	correctness	cvc5	success	12	0.5	\N	batch-direct	2026-04-05 12:59:06.304	2026-04-05 12:59:06.328	direct:cvc5	\N
4ee17f82-2693-450f-9c39-e0c595689293	4315f962ed4c6786db440c5b6f663e126597767d	hyperpolymath/echidna	proofs/smt-lib-mined/mixed_bv_lia.smt2	(set-logic QF_BV) (declare-const x (_ BitVec 16)) (assert (not (= (bvadd x (_ bv0 16)) x))) (check-sat) 	correctness	cvc5	success	8	0.5	\N	batch-direct	2026-04-05 12:59:06.399	2026-04-05 12:59:06.419	direct:cvc5	\N
3531c719-9151-4b99-aebd-71b043982173	759eb730df0f07c8568a42df58c6c5dfc2eb19bd	hyperpolymath/echidna	proofs/smt-lib-mined/la_add_assoc.smt2	(set-logic QF_LIA) (declare-const x Int) (declare-const y Int) (declare-const z Int) (assert (not (= (+ (+ x y) z) (+ x (+ y z))))) (check-sat) 	correctness	cvc5	success	9	0.5	\N	batch-direct	2026-04-05 13:00:02.871	2026-04-05 13:00:02.890	direct:cvc5	\N
83e38b4a-5a31-4440-9297-40c64562fee2	41e2c04f0d3c369fc3a1da275aceba88a2253d01	hyperpolymath/echidna	proofs/smt-lib-mined/la_mul_comm.smt2	(set-logic QF_NIA) (declare-const x Int) (declare-const y Int) (assert (not (= (* x y) (* y x)))) (check-sat) 	correctness	cvc5	success	9	0.5	\N	batch-direct	2026-04-05 13:00:02.957	2026-04-05 13:00:02.977	direct:cvc5	\N
8fba4ea3-f17c-4ca2-b3da-0aa29d53556e	fc33eda81a013806076a40e9f4baeeb9e43b5684	hyperpolymath/echidna	proofs/smt-lib-mined/la_distribute.smt2	(set-logic QF_NIA) (declare-const a Int) (declare-const b Int) (declare-const c Int) (assert (not (= (* a (+ b c)) (+ (* a b) (* a c))))) (check-sat) 	correctness	cvc5	success	8	0.5	\N	batch-direct	2026-04-05 13:00:03.042	2026-04-05 13:00:03.062	direct:cvc5	\N
a8f69556-ec8e-4b64-877a-8d6ffc7d5938	80d3f050ed0b2297a3c6123748287383a4b645ee	hyperpolymath/echidna	proofs/smt-lib-mined/la_triangle.smt2	(set-logic QF_LIA) (declare-const x Int) (declare-const y Int) (declare-const z Int) (assert (>= (+ x y) z)) (assert (>= (+ y z) x)) (assert (>= (+ x z) y)) (assert (> x 0)) (assert (> y 0)) (assert (	correctness	cvc5	success	8	0.5	\N	batch-direct	2026-04-05 13:00:03.128	2026-04-05 13:00:03.149	direct:cvc5	\N
ac725b33-866a-4a85-853d-6ef693b66a71	d17d4adfc302ec345393a7f574032c97c2313ea5	hyperpolymath/echidna	proofs/smt-lib-mined/bv_xor_involution.smt2	(set-logic QF_BV) (declare-const x (_ BitVec 32)) (declare-const y (_ BitVec 32)) (assert (not (= (bvxor (bvxor x y) y) x))) (check-sat) 	correctness	cvc5	success	7	0.5	\N	batch-direct	2026-04-05 13:00:03.220	2026-04-05 13:00:03.238	direct:cvc5	\N
598b65a3-68bf-416b-8727-e7d965d9e856	a824420193f34e7a9769e99db1291c9d2b5b9acf	hyperpolymath/echidna	proofs/smt-lib-mined/bv_mask_idempotent.smt2	(set-logic QF_BV) (declare-const x (_ BitVec 8)) (assert (not (= (bvand x x) x))) (check-sat) 	correctness	cvc5	success	8	0.5	\N	batch-direct	2026-04-05 13:00:03.304	2026-04-05 13:00:03.323	direct:cvc5	\N
a5ca4b43-3da7-4df8-95bb-537abde31d0c	be294542cf81ff93df29c9ccb99ec93f67173273	hyperpolymath/echidna	proofs/smt-lib-mined/uf_transitivity.smt2	(set-logic QF_UF) (declare-sort S 0) (declare-const a S) (declare-const b S) (declare-const c S) (assert (= a b)) (assert (= b c)) (assert (not (= a c))) (check-sat) 	correctness	cvc5	success	8	0.5	\N	batch-direct	2026-04-05 13:00:03.395	2026-04-05 13:00:03.415	direct:cvc5	\N
1911ea95-aab8-4853-a4dc-70f78a26ccae	6e97bcc5a4237be5408787c27109f542f7ed1054	hyperpolymath/echidna	proofs/smt-lib-mined/uf_congruence.smt2	(set-logic QF_UF) (declare-sort S 0) (declare-fun f (S) S) (declare-const a S) (declare-const b S) (assert (= a b)) (assert (not (= (f a) (f b)))) (check-sat) 	correctness	cvc5	success	8	0.5	\N	batch-direct	2026-04-05 13:00:03.483	2026-04-05 13:00:03.502	direct:cvc5	\N
26562804-95e1-4c28-9215-21e8a4066665	4e71d0c3f466082046ceec663f22c56a24b74c43	hyperpolymath/echidna	proofs/smt-lib-mined/arr_read_over_write.smt2	(set-logic QF_AX) (declare-sort I 0) (declare-sort V 0) (declare-const a (Array I V)) (declare-const i I) (declare-const j I) (declare-const v V) (assert (not (=> (= i j) (= (select (store a i v) j) v	correctness	cvc5	success	8	0.5	\N	batch-direct	2026-04-05 13:00:03.568	2026-04-05 13:00:03.587	direct:cvc5	\N
6a7a2bf0-c7c8-40fd-bda1-1338efa65ed9	74a52be9e26e6b428d2f3435314cac9b486ae291	hyperpolymath/echidna	proofs/smt-lib-mined/q_forall_exists.smt2	(set-logic LIA) (assert (not (forall ((x Int)) (exists ((y Int)) (> y x))))) (check-sat) 	correctness	cvc5	success	9	0.5	\N	batch-direct	2026-04-05 13:00:03.655	2026-04-05 13:00:03.675	direct:cvc5	\N
41f71dc1-20d5-4938-aa20-cf3033337f01	453ba1bb06a87e34fb51388910d16d3f4313281c	hyperpolymath/echidna	proofs/smt-lib-mined/sat_simple.smt2	(set-logic QF_LIA) (declare-const x Int) (assert (> x 0)) (assert (< x 10)) (check-sat) 	correctness	cvc5	success	8	0.5	\N	batch-direct	2026-04-05 13:00:03.740	2026-04-05 13:00:03.759	direct:cvc5	\N
e7cff0ea-dee2-4ea4-a3fb-df4ef0b27ef6	0ef8b6958a355a5ebd3940cc80a8fea9189abae5	hyperpolymath/echidna	proofs/smt-lib-mined/unsat_contradiction.smt2	(set-logic QF_LIA) (declare-const x Int) (declare-const y Int) (assert (> x y)) (assert (> y x)) (check-sat) 	correctness	cvc5	success	9	0.5	\N	batch-direct	2026-04-05 13:00:03.828	2026-04-05 13:00:03.848	direct:cvc5	\N
dbff3960-1101-4b3f-a778-7162e477a6b3	18a93eb0ae2fac60332faec6a982d3005caa1c50	hyperpolymath/echidna	proofs/smt-lib-mined/ra_square_nonneg.smt2	(set-logic QF_NRA) (declare-const x Real) (assert (< (* x x) 0.0)) (check-sat) 	correctness	cvc5	success	9	0.5	\N	batch-direct	2026-04-05 13:00:03.915	2026-04-05 13:00:03.936	direct:cvc5	\N
4b809b3c-9532-47ba-a3b0-6237e87368bb	acc6b9d76e18e208a9cc81830fccf0c3ae1780ec	hyperpolymath/echidna	proofs/smt-lib-mined/dt_list_cons.smt2	(set-logic ALL) (declare-datatypes ((List 0)) (((nil) (cons (hd Int) (tl List))))) (declare-const xs List) (assert (not (=> ((_ is cons) xs) (=> (= (tl xs) nil) (= xs (cons (hd xs) nil)))))) (check-sa	correctness	cvc5	success	10	0.5	\N	batch-direct	2026-04-05 13:00:04.004	2026-04-05 13:00:04.024	direct:cvc5	\N
721231ef-444c-4370-8510-e77e3935ec41	4315f962ed4c6786db440c5b6f663e126597767d	hyperpolymath/echidna	proofs/smt-lib-mined/mixed_bv_lia.smt2	(set-logic QF_BV) (declare-const x (_ BitVec 16)) (assert (not (= (bvadd x (_ bv0 16)) x))) (check-sat) 	correctness	cvc5	success	8	0.5	\N	batch-direct	2026-04-05 13:00:04.090	2026-04-05 13:00:04.109	direct:cvc5	\N
aa86b95c-85fa-4cef-872e-a9329a31be76	759eb730df0f07c8568a42df58c6c5dfc2eb19bd	hyperpolymath/echidna	proofs/smt-lib-mined/la_add_assoc.smt2	(set-logic QF_LIA) (declare-const x Int) (declare-const y Int) (declare-const z Int) (assert (not (= (+ (+ x y) z) (+ x (+ y z))))) (check-sat) 	correctness	cvc5	success	8	0.5	\N	batch-direct	2026-04-05 13:01:35.671	2026-04-05 13:01:35.690	direct:cvc5	\N
b79cd4c3-e214-4198-a81d-126e72c33702	41e2c04f0d3c369fc3a1da275aceba88a2253d01	hyperpolymath/echidna	proofs/smt-lib-mined/la_mul_comm.smt2	(set-logic QF_NIA) (declare-const x Int) (declare-const y Int) (assert (not (= (* x y) (* y x)))) (check-sat) 	correctness	cvc5	success	8	0.5	\N	batch-direct	2026-04-05 13:01:35.753	2026-04-05 13:01:35.772	direct:cvc5	\N
c022aeb2-a28c-4e12-b8b0-aa04add6faf7	fc33eda81a013806076a40e9f4baeeb9e43b5684	hyperpolymath/echidna	proofs/smt-lib-mined/la_distribute.smt2	(set-logic QF_NIA) (declare-const a Int) (declare-const b Int) (declare-const c Int) (assert (not (= (* a (+ b c)) (+ (* a b) (* a c))))) (check-sat) 	correctness	cvc5	success	9	0.5	\N	batch-direct	2026-04-05 13:01:35.834	2026-04-05 13:01:35.854	direct:cvc5	\N
4e8bfb81-d795-4737-b78b-bf0b16374636	80d3f050ed0b2297a3c6123748287383a4b645ee	hyperpolymath/echidna	proofs/smt-lib-mined/la_triangle.smt2	(set-logic QF_LIA) (declare-const x Int) (declare-const y Int) (declare-const z Int) (assert (>= (+ x y) z)) (assert (>= (+ y z) x)) (assert (>= (+ x z) y)) (assert (> x 0)) (assert (> y 0)) (assert (	correctness	cvc5	success	8	0.5	\N	batch-direct	2026-04-05 13:01:35.915	2026-04-05 13:01:35.936	direct:cvc5	\N
e05d467d-36c8-403d-922f-acd328a3b080	d17d4adfc302ec345393a7f574032c97c2313ea5	hyperpolymath/echidna	proofs/smt-lib-mined/bv_xor_involution.smt2	(set-logic QF_BV) (declare-const x (_ BitVec 32)) (declare-const y (_ BitVec 32)) (assert (not (= (bvxor (bvxor x y) y) x))) (check-sat) 	correctness	cvc5	success	10	0.5	\N	batch-direct	2026-04-05 13:01:36.003	2026-04-05 13:01:36.026	direct:cvc5	\N
578c22ad-2429-4027-935b-23a4e532d20d	a824420193f34e7a9769e99db1291c9d2b5b9acf	hyperpolymath/echidna	proofs/smt-lib-mined/bv_mask_idempotent.smt2	(set-logic QF_BV) (declare-const x (_ BitVec 8)) (assert (not (= (bvand x x) x))) (check-sat) 	correctness	cvc5	success	9	0.5	\N	batch-direct	2026-04-05 13:01:36.088	2026-04-05 13:01:36.108	direct:cvc5	\N
b0cb3137-938a-4560-a4e3-a9aac242d1ff	be294542cf81ff93df29c9ccb99ec93f67173273	hyperpolymath/echidna	proofs/smt-lib-mined/uf_transitivity.smt2	(set-logic QF_UF) (declare-sort S 0) (declare-const a S) (declare-const b S) (declare-const c S) (assert (= a b)) (assert (= b c)) (assert (not (= a c))) (check-sat) 	correctness	cvc5	success	9	0.5	\N	batch-direct	2026-04-05 13:01:36.170	2026-04-05 13:01:36.190	direct:cvc5	\N
cc5148a5-4f7e-4837-96bd-f63a105b9ef3	6e97bcc5a4237be5408787c27109f542f7ed1054	hyperpolymath/echidna	proofs/smt-lib-mined/uf_congruence.smt2	(set-logic QF_UF) (declare-sort S 0) (declare-fun f (S) S) (declare-const a S) (declare-const b S) (assert (= a b)) (assert (not (= (f a) (f b)))) (check-sat) 	correctness	cvc5	success	8	0.5	\N	batch-direct	2026-04-05 13:01:36.252	2026-04-05 13:01:36.271	direct:cvc5	\N
855d40cf-e911-4222-8579-f2d883783a53	4e71d0c3f466082046ceec663f22c56a24b74c43	hyperpolymath/echidna	proofs/smt-lib-mined/arr_read_over_write.smt2	(set-logic QF_AX) (declare-sort I 0) (declare-sort V 0) (declare-const a (Array I V)) (declare-const i I) (declare-const j I) (declare-const v V) (assert (not (=> (= i j) (= (select (store a i v) j) v	correctness	cvc5	success	8	0.5	\N	batch-direct	2026-04-05 13:01:36.333	2026-04-05 13:01:36.353	direct:cvc5	\N
6d43d27b-d9e7-4ae6-b70a-ca69bb85e386	74a52be9e26e6b428d2f3435314cac9b486ae291	hyperpolymath/echidna	proofs/smt-lib-mined/q_forall_exists.smt2	(set-logic LIA) (assert (not (forall ((x Int)) (exists ((y Int)) (> y x))))) (check-sat) 	correctness	cvc5	success	9	0.5	\N	batch-direct	2026-04-05 13:01:36.416	2026-04-05 13:01:36.436	direct:cvc5	\N
07d31d61-ce48-40c0-9705-b5943879f791	453ba1bb06a87e34fb51388910d16d3f4313281c	hyperpolymath/echidna	proofs/smt-lib-mined/sat_simple.smt2	(set-logic QF_LIA) (declare-const x Int) (assert (> x 0)) (assert (< x 10)) (check-sat) 	correctness	cvc5	success	9	0.5	\N	batch-direct	2026-04-05 13:01:36.499	2026-04-05 13:01:36.519	direct:cvc5	\N
876a8b26-bae0-436f-99e4-f8804f59443a	0ef8b6958a355a5ebd3940cc80a8fea9189abae5	hyperpolymath/echidna	proofs/smt-lib-mined/unsat_contradiction.smt2	(set-logic QF_LIA) (declare-const x Int) (declare-const y Int) (assert (> x y)) (assert (> y x)) (check-sat) 	correctness	cvc5	success	8	0.5	\N	batch-direct	2026-04-05 13:01:36.585	2026-04-05 13:01:36.606	direct:cvc5	\N
ff2d9949-c63c-451f-952a-c76ecf2265ca	18a93eb0ae2fac60332faec6a982d3005caa1c50	hyperpolymath/echidna	proofs/smt-lib-mined/ra_square_nonneg.smt2	(set-logic QF_NRA) (declare-const x Real) (assert (< (* x x) 0.0)) (check-sat) 	correctness	cvc5	success	9	0.5	\N	batch-direct	2026-04-05 13:01:36.681	2026-04-05 13:01:36.701	direct:cvc5	\N
5528bd2c-f43b-4dcb-b291-b926068e32fb	acc6b9d76e18e208a9cc81830fccf0c3ae1780ec	hyperpolymath/echidna	proofs/smt-lib-mined/dt_list_cons.smt2	(set-logic ALL) (declare-datatypes ((List 0)) (((nil) (cons (hd Int) (tl List))))) (declare-const xs List) (assert (not (=> ((_ is cons) xs) (=> (= (tl xs) nil) (= xs (cons (hd xs) nil)))))) (check-sa	correctness	cvc5	success	9	0.5	\N	batch-direct	2026-04-05 13:01:36.761	2026-04-05 13:01:36.781	direct:cvc5	\N
1f3b502e-df21-40dd-9222-0dfa00c5d165	4315f962ed4c6786db440c5b6f663e126597767d	hyperpolymath/echidna	proofs/smt-lib-mined/mixed_bv_lia.smt2	(set-logic QF_BV) (declare-const x (_ BitVec 16)) (assert (not (= (bvadd x (_ bv0 16)) x))) (check-sat) 	correctness	cvc5	success	9	0.5	\N	batch-direct	2026-04-05 13:01:36.845	2026-04-05 13:01:36.865	direct:cvc5	\N
66012204-fb10-4ca8-8cc4-aba08402b15a	759eb730df0f07c8568a42df58c6c5dfc2eb19bd	hyperpolymath/echidna	proofs/smt-lib-mined/la_add_assoc.smt2	(set-logic QF_LIA) (declare-const x Int) (declare-const y Int) (declare-const z Int) (assert (not (= (+ (+ x y) z) (+ x (+ y z))))) (check-sat) 	correctness	cvc5	success	9	0.5	\N	batch-direct	2026-04-05 13:02:33.030	2026-04-05 13:02:33.050	direct:cvc5	\N
7ff5c19c-7190-4f1f-a263-e429e92d1f38	41e2c04f0d3c369fc3a1da275aceba88a2253d01	hyperpolymath/echidna	proofs/smt-lib-mined/la_mul_comm.smt2	(set-logic QF_NIA) (declare-const x Int) (declare-const y Int) (assert (not (= (* x y) (* y x)))) (check-sat) 	correctness	cvc5	success	9	0.5	\N	batch-direct	2026-04-05 13:02:33.113	2026-04-05 13:02:33.133	direct:cvc5	\N
bc0c25f6-d06b-4862-978e-1e19a3ccb208	fc33eda81a013806076a40e9f4baeeb9e43b5684	hyperpolymath/echidna	proofs/smt-lib-mined/la_distribute.smt2	(set-logic QF_NIA) (declare-const a Int) (declare-const b Int) (declare-const c Int) (assert (not (= (* a (+ b c)) (+ (* a b) (* a c))))) (check-sat) 	correctness	cvc5	success	8	0.5	\N	batch-direct	2026-04-05 13:02:33.195	2026-04-05 13:02:33.216	direct:cvc5	\N
8f9cb629-5d0c-4f30-b8f2-8ed33f7d7751	80d3f050ed0b2297a3c6123748287383a4b645ee	hyperpolymath/echidna	proofs/smt-lib-mined/la_triangle.smt2	(set-logic QF_LIA) (declare-const x Int) (declare-const y Int) (declare-const z Int) (assert (>= (+ x y) z)) (assert (>= (+ y z) x)) (assert (>= (+ x z) y)) (assert (> x 0)) (assert (> y 0)) (assert (	correctness	cvc5	success	9	0.5	\N	batch-direct	2026-04-05 13:02:33.279	2026-04-05 13:02:33.299	direct:cvc5	\N
b499d665-4ccd-42bc-94fe-934db7e0b026	d17d4adfc302ec345393a7f574032c97c2313ea5	hyperpolymath/echidna	proofs/smt-lib-mined/bv_xor_involution.smt2	(set-logic QF_BV) (declare-const x (_ BitVec 32)) (declare-const y (_ BitVec 32)) (assert (not (= (bvxor (bvxor x y) y) x))) (check-sat) 	correctness	cvc5	success	7	0.5	\N	batch-direct	2026-04-05 13:02:33.361	2026-04-05 13:02:33.381	direct:cvc5	\N
54cd7f25-0711-4bdd-a491-f4975fe6e813	a824420193f34e7a9769e99db1291c9d2b5b9acf	hyperpolymath/echidna	proofs/smt-lib-mined/bv_mask_idempotent.smt2	(set-logic QF_BV) (declare-const x (_ BitVec 8)) (assert (not (= (bvand x x) x))) (check-sat) 	correctness	cvc5	success	8	0.5	\N	batch-direct	2026-04-05 13:02:33.442	2026-04-05 13:02:33.462	direct:cvc5	\N
24545f80-8a44-4aa4-b39d-53960cfadf44	be294542cf81ff93df29c9ccb99ec93f67173273	hyperpolymath/echidna	proofs/smt-lib-mined/uf_transitivity.smt2	(set-logic QF_UF) (declare-sort S 0) (declare-const a S) (declare-const b S) (declare-const c S) (assert (= a b)) (assert (= b c)) (assert (not (= a c))) (check-sat) 	correctness	cvc5	success	8	0.5	\N	batch-direct	2026-04-05 13:02:33.523	2026-04-05 13:02:33.543	direct:cvc5	\N
21864d6a-062e-48a3-ab9e-4d343c23e405	6e97bcc5a4237be5408787c27109f542f7ed1054	hyperpolymath/echidna	proofs/smt-lib-mined/uf_congruence.smt2	(set-logic QF_UF) (declare-sort S 0) (declare-fun f (S) S) (declare-const a S) (declare-const b S) (assert (= a b)) (assert (not (= (f a) (f b)))) (check-sat) 	correctness	cvc5	success	8	0.5	\N	batch-direct	2026-04-05 13:02:33.604	2026-04-05 13:02:33.624	direct:cvc5	\N
3d6de6b7-4cb8-40ce-9db7-2d656e0ab05c	4e71d0c3f466082046ceec663f22c56a24b74c43	hyperpolymath/echidna	proofs/smt-lib-mined/arr_read_over_write.smt2	(set-logic QF_AX) (declare-sort I 0) (declare-sort V 0) (declare-const a (Array I V)) (declare-const i I) (declare-const j I) (declare-const v V) (assert (not (=> (= i j) (= (select (store a i v) j) v	correctness	cvc5	success	8	0.5	\N	batch-direct	2026-04-05 13:02:33.688	2026-04-05 13:02:33.708	direct:cvc5	\N
8a53a3f8-e07f-4c6d-bf86-e1412b36dda3	74a52be9e26e6b428d2f3435314cac9b486ae291	hyperpolymath/echidna	proofs/smt-lib-mined/q_forall_exists.smt2	(set-logic LIA) (assert (not (forall ((x Int)) (exists ((y Int)) (> y x))))) (check-sat) 	correctness	cvc5	success	10	0.5	\N	batch-direct	2026-04-05 13:02:33.771	2026-04-05 13:02:33.792	direct:cvc5	\N
8c6bfed5-954e-4c5f-a3e3-0e4322622f7a	453ba1bb06a87e34fb51388910d16d3f4313281c	hyperpolymath/echidna	proofs/smt-lib-mined/sat_simple.smt2	(set-logic QF_LIA) (declare-const x Int) (assert (> x 0)) (assert (< x 10)) (check-sat) 	correctness	cvc5	success	9	0.5	\N	batch-direct	2026-04-05 13:02:33.855	2026-04-05 13:02:33.875	direct:cvc5	\N
16f6faf6-87e4-43c9-9450-85272370ae2c	0ef8b6958a355a5ebd3940cc80a8fea9189abae5	hyperpolymath/echidna	proofs/smt-lib-mined/unsat_contradiction.smt2	(set-logic QF_LIA) (declare-const x Int) (declare-const y Int) (assert (> x y)) (assert (> y x)) (check-sat) 	correctness	cvc5	success	9	0.5	\N	batch-direct	2026-04-05 13:02:33.937	2026-04-05 13:02:33.957	direct:cvc5	\N
db59c327-a537-4b21-a65d-94fb26aa75ae	18a93eb0ae2fac60332faec6a982d3005caa1c50	hyperpolymath/echidna	proofs/smt-lib-mined/ra_square_nonneg.smt2	(set-logic QF_NRA) (declare-const x Real) (assert (< (* x x) 0.0)) (check-sat) 	correctness	cvc5	success	9	0.5	\N	batch-direct	2026-04-05 13:02:34.022	2026-04-05 13:02:34.044	direct:cvc5	\N
1097f4d0-2d25-4560-bf03-581fc88973a1	acc6b9d76e18e208a9cc81830fccf0c3ae1780ec	hyperpolymath/echidna	proofs/smt-lib-mined/dt_list_cons.smt2	(set-logic ALL) (declare-datatypes ((List 0)) (((nil) (cons (hd Int) (tl List))))) (declare-const xs List) (assert (not (=> ((_ is cons) xs) (=> (= (tl xs) nil) (= xs (cons (hd xs) nil)))))) (check-sa	correctness	cvc5	success	10	0.5	\N	batch-direct	2026-04-05 13:02:34.108	2026-04-05 13:02:34.129	direct:cvc5	\N
9172122e-5b58-478d-a275-d55495f7f7d9	4315f962ed4c6786db440c5b6f663e126597767d	hyperpolymath/echidna	proofs/smt-lib-mined/mixed_bv_lia.smt2	(set-logic QF_BV) (declare-const x (_ BitVec 16)) (assert (not (= (bvadd x (_ bv0 16)) x))) (check-sat) 	correctness	cvc5	success	9	0.5	\N	batch-direct	2026-04-05 13:02:34.193	2026-04-05 13:02:34.214	direct:cvc5	\N
2f83e2e1-9919-4371-9ed4-1630f070fd66	759eb730df0f07c8568a42df58c6c5dfc2eb19bd	hyperpolymath/echidna	proofs/smt-lib-mined/la_add_assoc.smt2	(set-logic QF_LIA) (declare-const x Int) (declare-const y Int) (declare-const z Int) (assert (not (= (+ (+ x y) z) (+ x (+ y z))))) (check-sat) 	correctness	cvc5	success	9	0.5	\N	batch-direct	2026-04-05 13:03:30.073	2026-04-05 13:03:30.093	direct:cvc5	\N
faaddbaf-a7b0-4fa7-9741-cf3d8a5d68a5	41e2c04f0d3c369fc3a1da275aceba88a2253d01	hyperpolymath/echidna	proofs/smt-lib-mined/la_mul_comm.smt2	(set-logic QF_NIA) (declare-const x Int) (declare-const y Int) (assert (not (= (* x y) (* y x)))) (check-sat) 	correctness	cvc5	success	8	0.5	\N	batch-direct	2026-04-05 13:03:30.157	2026-04-05 13:03:30.176	direct:cvc5	\N
6f4e1dae-5566-4312-809a-316e710b8fea	fc33eda81a013806076a40e9f4baeeb9e43b5684	hyperpolymath/echidna	proofs/smt-lib-mined/la_distribute.smt2	(set-logic QF_NIA) (declare-const a Int) (declare-const b Int) (declare-const c Int) (assert (not (= (* a (+ b c)) (+ (* a b) (* a c))))) (check-sat) 	correctness	cvc5	success	8	0.5	\N	batch-direct	2026-04-05 13:03:30.236	2026-04-05 13:03:30.256	direct:cvc5	\N
42047c93-49ba-4514-beb4-f529b639dc06	80d3f050ed0b2297a3c6123748287383a4b645ee	hyperpolymath/echidna	proofs/smt-lib-mined/la_triangle.smt2	(set-logic QF_LIA) (declare-const x Int) (declare-const y Int) (declare-const z Int) (assert (>= (+ x y) z)) (assert (>= (+ y z) x)) (assert (>= (+ x z) y)) (assert (> x 0)) (assert (> y 0)) (assert (	correctness	cvc5	success	9	0.5	\N	batch-direct	2026-04-05 13:03:30.321	2026-04-05 13:03:30.341	direct:cvc5	\N
c3906619-d72e-48d5-87ff-acedd387eb31	d17d4adfc302ec345393a7f574032c97c2313ea5	hyperpolymath/echidna	proofs/smt-lib-mined/bv_xor_involution.smt2	(set-logic QF_BV) (declare-const x (_ BitVec 32)) (declare-const y (_ BitVec 32)) (assert (not (= (bvxor (bvxor x y) y) x))) (check-sat) 	correctness	cvc5	success	8	0.5	\N	batch-direct	2026-04-05 13:03:30.403	2026-04-05 13:03:30.422	direct:cvc5	\N
6f5ee772-5f3e-497d-8b66-ee17656e3aa4	a824420193f34e7a9769e99db1291c9d2b5b9acf	hyperpolymath/echidna	proofs/smt-lib-mined/bv_mask_idempotent.smt2	(set-logic QF_BV) (declare-const x (_ BitVec 8)) (assert (not (= (bvand x x) x))) (check-sat) 	correctness	cvc5	success	10	0.5	\N	batch-direct	2026-04-05 13:03:30.484	2026-04-05 13:03:30.505	direct:cvc5	\N
9df97bd5-fb81-42b7-add7-9042e79b9053	be294542cf81ff93df29c9ccb99ec93f67173273	hyperpolymath/echidna	proofs/smt-lib-mined/uf_transitivity.smt2	(set-logic QF_UF) (declare-sort S 0) (declare-const a S) (declare-const b S) (declare-const c S) (assert (= a b)) (assert (= b c)) (assert (not (= a c))) (check-sat) 	correctness	cvc5	success	8	0.5	\N	batch-direct	2026-04-05 13:03:30.569	2026-04-05 13:03:30.588	direct:cvc5	\N
b15acd46-cf76-4855-a273-d5d4722201ea	6e97bcc5a4237be5408787c27109f542f7ed1054	hyperpolymath/echidna	proofs/smt-lib-mined/uf_congruence.smt2	(set-logic QF_UF) (declare-sort S 0) (declare-fun f (S) S) (declare-const a S) (declare-const b S) (assert (= a b)) (assert (not (= (f a) (f b)))) (check-sat) 	correctness	cvc5	success	8	0.5	\N	batch-direct	2026-04-05 13:03:30.658	2026-04-05 13:03:30.678	direct:cvc5	\N
4ed05c78-d349-445e-b25d-1f323c962292	4e71d0c3f466082046ceec663f22c56a24b74c43	hyperpolymath/echidna	proofs/smt-lib-mined/arr_read_over_write.smt2	(set-logic QF_AX) (declare-sort I 0) (declare-sort V 0) (declare-const a (Array I V)) (declare-const i I) (declare-const j I) (declare-const v V) (assert (not (=> (= i j) (= (select (store a i v) j) v	correctness	cvc5	success	8	0.5	\N	batch-direct	2026-04-05 13:03:30.741	2026-04-05 13:03:30.760	direct:cvc5	\N
8aca6467-5247-4e3c-9d51-5aa5839276b0	74a52be9e26e6b428d2f3435314cac9b486ae291	hyperpolymath/echidna	proofs/smt-lib-mined/q_forall_exists.smt2	(set-logic LIA) (assert (not (forall ((x Int)) (exists ((y Int)) (> y x))))) (check-sat) 	correctness	cvc5	success	8	0.5	\N	batch-direct	2026-04-05 13:03:30.820	2026-04-05 13:03:30.841	direct:cvc5	\N
471295c1-4b53-40cf-b47c-eb77b2d50d23	453ba1bb06a87e34fb51388910d16d3f4313281c	hyperpolymath/echidna	proofs/smt-lib-mined/sat_simple.smt2	(set-logic QF_LIA) (declare-const x Int) (assert (> x 0)) (assert (< x 10)) (check-sat) 	correctness	cvc5	success	8	0.5	\N	batch-direct	2026-04-05 13:03:30.903	2026-04-05 13:03:30.923	direct:cvc5	\N
0e347ffb-aa93-468e-986c-d3b0a5ec566b	0ef8b6958a355a5ebd3940cc80a8fea9189abae5	hyperpolymath/echidna	proofs/smt-lib-mined/unsat_contradiction.smt2	(set-logic QF_LIA) (declare-const x Int) (declare-const y Int) (assert (> x y)) (assert (> y x)) (check-sat) 	correctness	cvc5	success	9	0.5	\N	batch-direct	2026-04-05 13:03:30.983	2026-04-05 13:03:31.004	direct:cvc5	\N
9aecd16e-29ef-4446-b02c-583c7ad09eda	18a93eb0ae2fac60332faec6a982d3005caa1c50	hyperpolymath/echidna	proofs/smt-lib-mined/ra_square_nonneg.smt2	(set-logic QF_NRA) (declare-const x Real) (assert (< (* x x) 0.0)) (check-sat) 	correctness	cvc5	success	9	0.5	\N	batch-direct	2026-04-05 13:03:31.073	2026-04-05 13:03:31.094	direct:cvc5	\N
db444f2d-2b6b-44b5-ad85-49eab895a696	acc6b9d76e18e208a9cc81830fccf0c3ae1780ec	hyperpolymath/echidna	proofs/smt-lib-mined/dt_list_cons.smt2	(set-logic ALL) (declare-datatypes ((List 0)) (((nil) (cons (hd Int) (tl List))))) (declare-const xs List) (assert (not (=> ((_ is cons) xs) (=> (= (tl xs) nil) (= xs (cons (hd xs) nil)))))) (check-sa	correctness	cvc5	success	9	0.5	\N	batch-direct	2026-04-05 13:03:31.160	2026-04-05 13:03:31.180	direct:cvc5	\N
730d9c2e-62c7-4b00-a139-b9d561960e6e	4315f962ed4c6786db440c5b6f663e126597767d	hyperpolymath/echidna	proofs/smt-lib-mined/mixed_bv_lia.smt2	(set-logic QF_BV) (declare-const x (_ BitVec 16)) (assert (not (= (bvadd x (_ bv0 16)) x))) (check-sat) 	correctness	cvc5	success	9	0.5	\N	batch-direct	2026-04-05 13:03:31.243	2026-04-05 13:03:31.265	direct:cvc5	\N
4b88a080-e500-43c9-a817-f6d6d017174f	759eb730df0f07c8568a42df58c6c5dfc2eb19bd	hyperpolymath/echidna	proofs/smt-lib-mined/la_add_assoc.smt2	(set-logic QF_LIA) (declare-const x Int) (declare-const y Int) (declare-const z Int) (assert (not (= (+ (+ x y) z) (+ x (+ y z))))) (check-sat) 	correctness	cvc5	success	11	0.5	\N	batch-direct	2026-04-05 14:53:03.569	2026-04-05 14:53:03.597	direct:cvc5	\N
20135b1c-df9b-4a05-a657-fee139b54e72	41e2c04f0d3c369fc3a1da275aceba88a2253d01	hyperpolymath/echidna	proofs/smt-lib-mined/la_mul_comm.smt2	(set-logic QF_NIA) (declare-const x Int) (declare-const y Int) (assert (not (= (* x y) (* y x)))) (check-sat) 	correctness	cvc5	success	9	0.5	\N	batch-direct	2026-04-05 14:53:03.685	2026-04-05 14:53:03.708	direct:cvc5	\N
f1b16a35-3cf7-49d3-9a16-a17bd728bb03	fc33eda81a013806076a40e9f4baeeb9e43b5684	hyperpolymath/echidna	proofs/smt-lib-mined/la_distribute.smt2	(set-logic QF_NIA) (declare-const a Int) (declare-const b Int) (declare-const c Int) (assert (not (= (* a (+ b c)) (+ (* a b) (* a c))))) (check-sat) 	correctness	cvc5	success	9	0.5	\N	batch-direct	2026-04-05 14:53:03.793	2026-04-05 14:53:03.815	direct:cvc5	\N
352802bf-48e5-4950-9088-8b9ca1c23b18	80d3f050ed0b2297a3c6123748287383a4b645ee	hyperpolymath/echidna	proofs/smt-lib-mined/la_triangle.smt2	(set-logic QF_LIA) (declare-const x Int) (declare-const y Int) (declare-const z Int) (assert (>= (+ x y) z)) (assert (>= (+ y z) x)) (assert (>= (+ x z) y)) (assert (> x 0)) (assert (> y 0)) (assert (	correctness	cvc5	success	9	0.5	\N	batch-direct	2026-04-05 14:53:03.892	2026-04-05 14:53:03.915	direct:cvc5	\N
cd3e5d67-ecca-4fb3-9cc6-5c360949bab8	d17d4adfc302ec345393a7f574032c97c2313ea5	hyperpolymath/echidna	proofs/smt-lib-mined/bv_xor_involution.smt2	(set-logic QF_BV) (declare-const x (_ BitVec 32)) (declare-const y (_ BitVec 32)) (assert (not (= (bvxor (bvxor x y) y) x))) (check-sat) 	correctness	cvc5	success	11	0.5	\N	batch-direct	2026-04-05 14:53:03.991	2026-04-05 14:53:04.013	direct:cvc5	\N
966df577-b538-4304-9645-c0283ca854a9	a824420193f34e7a9769e99db1291c9d2b5b9acf	hyperpolymath/echidna	proofs/smt-lib-mined/bv_mask_idempotent.smt2	(set-logic QF_BV) (declare-const x (_ BitVec 8)) (assert (not (= (bvand x x) x))) (check-sat) 	correctness	cvc5	success	9	0.5	\N	batch-direct	2026-04-05 14:53:04.099	2026-04-05 14:53:04.122	direct:cvc5	\N
bee2e32a-a6ba-4b1b-a7e5-81c9e2562cee	be294542cf81ff93df29c9ccb99ec93f67173273	hyperpolymath/echidna	proofs/smt-lib-mined/uf_transitivity.smt2	(set-logic QF_UF) (declare-sort S 0) (declare-const a S) (declare-const b S) (declare-const c S) (assert (= a b)) (assert (= b c)) (assert (not (= a c))) (check-sat) 	correctness	cvc5	success	10	0.5	\N	batch-direct	2026-04-05 14:53:04.202	2026-04-05 14:53:04.223	direct:cvc5	\N
c9ca9bf2-332c-420d-9e49-efbe0687351f	6e97bcc5a4237be5408787c27109f542f7ed1054	hyperpolymath/echidna	proofs/smt-lib-mined/uf_congruence.smt2	(set-logic QF_UF) (declare-sort S 0) (declare-fun f (S) S) (declare-const a S) (declare-const b S) (assert (= a b)) (assert (not (= (f a) (f b)))) (check-sat) 	correctness	cvc5	success	11	0.5	\N	batch-direct	2026-04-05 14:53:04.304	2026-04-05 14:53:04.335	direct:cvc5	\N
329f2a54-52bc-4e20-b053-f6ca1cfa3524	4e71d0c3f466082046ceec663f22c56a24b74c43	hyperpolymath/echidna	proofs/smt-lib-mined/arr_read_over_write.smt2	(set-logic QF_AX) (declare-sort I 0) (declare-sort V 0) (declare-const a (Array I V)) (declare-const i I) (declare-const j I) (declare-const v V) (assert (not (=> (= i j) (= (select (store a i v) j) v	correctness	cvc5	success	8	0.5	\N	batch-direct	2026-04-05 14:53:04.434	2026-04-05 14:53:04.455	direct:cvc5	\N
66d2ab8c-3178-42b9-8380-12d86e36d816	74a52be9e26e6b428d2f3435314cac9b486ae291	hyperpolymath/echidna	proofs/smt-lib-mined/q_forall_exists.smt2	(set-logic LIA) (assert (not (forall ((x Int)) (exists ((y Int)) (> y x))))) (check-sat) 	correctness	cvc5	success	9	0.5	\N	batch-direct	2026-04-05 14:53:04.541	2026-04-05 14:53:04.561	direct:cvc5	\N
c161eb6f-1b6f-4902-8804-035992f4d855	759eb730df0f07c8568a42df58c6c5dfc2eb19bd	hyperpolymath/echidna	proofs/smt-lib-mined/la_add_assoc.smt2	(set-logic QF_LIA) (declare-const x Int) (declare-const y Int) (declare-const z Int) (assert (not (= (+ (+ x y) z) (+ x (+ y z))))) (check-sat) 	correctness	cvc5	success	8	0.5	\N	batch-direct	2026-04-05 15:04:24.337	2026-04-05 15:04:24.357	direct:cvc5	\N
0df04958-ee98-4d03-b26d-0c76847d28fc	41e2c04f0d3c369fc3a1da275aceba88a2253d01	hyperpolymath/echidna	proofs/smt-lib-mined/la_mul_comm.smt2	(set-logic QF_NIA) (declare-const x Int) (declare-const y Int) (assert (not (= (* x y) (* y x)))) (check-sat) 	correctness	cvc5	success	9	0.5	\N	batch-direct	2026-04-05 15:04:24.432	2026-04-05 15:04:24.452	direct:cvc5	\N
a4d8650a-2be2-4d0f-80c7-230d1cef1cff	fc33eda81a013806076a40e9f4baeeb9e43b5684	hyperpolymath/echidna	proofs/smt-lib-mined/la_distribute.smt2	(set-logic QF_NIA) (declare-const a Int) (declare-const b Int) (declare-const c Int) (assert (not (= (* a (+ b c)) (+ (* a b) (* a c))))) (check-sat) 	correctness	cvc5	success	9	0.5	\N	batch-direct	2026-04-05 15:04:24.534	2026-04-05 15:04:24.554	direct:cvc5	\N
45564791-2133-4ce1-aedf-107d49b969f8	80d3f050ed0b2297a3c6123748287383a4b645ee	hyperpolymath/echidna	proofs/smt-lib-mined/la_triangle.smt2	(set-logic QF_LIA) (declare-const x Int) (declare-const y Int) (declare-const z Int) (assert (>= (+ x y) z)) (assert (>= (+ y z) x)) (assert (>= (+ x z) y)) (assert (> x 0)) (assert (> y 0)) (assert (	correctness	cvc5	success	10	0.5	\N	batch-direct	2026-04-05 15:04:24.628	2026-04-05 15:04:24.649	direct:cvc5	\N
a5cd20a0-d148-4d82-9b26-9e261e2fe2f1	d17d4adfc302ec345393a7f574032c97c2313ea5	hyperpolymath/echidna	proofs/smt-lib-mined/bv_xor_involution.smt2	(set-logic QF_BV) (declare-const x (_ BitVec 32)) (declare-const y (_ BitVec 32)) (assert (not (= (bvxor (bvxor x y) y) x))) (check-sat) 	correctness	cvc5	success	8	0.5	\N	batch-direct	2026-04-05 15:04:24.736	2026-04-05 15:04:24.756	direct:cvc5	\N
fdd60856-3eca-4ccc-b642-0d6f7eec1030	a824420193f34e7a9769e99db1291c9d2b5b9acf	hyperpolymath/echidna	proofs/smt-lib-mined/bv_mask_idempotent.smt2	(set-logic QF_BV) (declare-const x (_ BitVec 8)) (assert (not (= (bvand x x) x))) (check-sat) 	correctness	cvc5	success	9	0.5	\N	batch-direct	2026-04-05 15:04:24.835	2026-04-05 15:04:24.856	direct:cvc5	\N
3230a97c-20bf-420e-acd7-fdc33e6ec15b	222d804889e48c83652bed6e9dc619ab043f380b	hyperpolymath/echidna	proofs/coq/basic.v	(* ========================================================================= *) (* ECHIDNA Basic Coq Proofs *) (* Simple logical proofs demonstrating f	equiv	coq	success	172	0.5	\N	batch-direct	2026-04-05 10:01:40.034	2026-04-05 10:01:40.217	direct:coq	\N
e50e36d9-d53d-4eaa-ada4-0c2395a2634c	12bac536322a8feb585a621767059791ea4898f8	hyperpolymath/echidna	proofs/coq/nat.v	(* ========================================================================= *) (* ECHIDNA Natural Number Proofs *) (* Proofs about natural numbers, arithme	equiv	coq	failure	690	0.5	\N	batch-direct	2026-04-05 10:01:40.330	2026-04-05 10:01:41.030	direct:coq	\N
c65135d7-aa11-488c-99b3-183c05a767fd	e01777c72b0f0893790ec665e737a79b085e8d78	hyperpolymath/echidna	proofs/coq/propositional.v	(* ========================================================================= *) (* ECHIDNA Propositional Logic Proofs *) (* Advanced propositional logic includin	equiv	coq	success	377	0.5	\N	batch-direct	2026-04-05 10:01:41.145	2026-04-05 10:01:41.532	direct:coq	\N
d84732b4-e77f-4650-b80c-051b567dfe9d	5248c8c9a5c0ca3e2a0f820d0a9e07518ffe5bce	hyperpolymath/echidna	proofs/coq/algebra/GroupTheory.v	(** SPDX-License-Identifier: PMPL-1.0-or-later Copyright (c) 2026 ECHIDNA Project Group Theory Examples for ML Training Corpus *) Require Import GroupTheory.Groups. Require Import GroupTheory	equiv	coq	failure	115	0.5	\N	batch-direct	2026-04-05 10:01:41.655	2026-04-05 10:01:41.780	direct:coq	\N
4b03a273-d852-469b-ac63-de0ff464178e	6d0770e774f183594fb6e07feefd96ec242fa6d9	hyperpolymath/echidna	proofs/coq/list.v	(* ========================================================================= *) (* ECHIDNA List Proofs *) (* Proofs about lists, append, length, m	equiv	coq	failure	744	0.5	\N	batch-direct	2026-04-05 10:01:41.914	2026-04-05 10:01:42.669	direct:coq	\N
f135b8b9-9775-4af4-a481-2e07daf3a1a4	e147dd1a5a82725e6efe11cfac86fb090cfc6129	hyperpolymath/ephapax	formal/Syntax.v	(* SPDX-License-Identifier: PMPL-1.0-or-later *) (* SPDX-FileCopyrightText: 2025-2026 Jonathan D.A. Jewell *) (** * Ephapax: A Linear Type System for Safe Memory Management Formal semantics in C	equiv	coq	success	750	0.5	\N	batch-direct	2026-04-05 10:01:50.668	2026-04-05 10:01:51.428	direct:coq	\N
1de5b7d2-a5e3-455a-a1a2-59da579cfe7f	521719f6e3f2b60d69193d360cd16842563bc124	hyperpolymath/ephapax	formal/Typing.v	(* SPDX-License-Identifier: PMPL-1.0-or-later *) (* SPDX-FileCopyrightText: 2025-2026 Jonathan D.A. Jewell *) (** * Ephapax Typing Rules (De Bruijn) Linear typing judgement: R; G |- e : T -| G\' 	equiv	coq	success	922	0.5	\N	batch-direct	2026-04-05 10:01:51.545	2026-04-05 10:01:52.479	direct:coq	\N
a7e0bfc5-ff7d-4072-9625-24dd62dc9dd7	8b457ba79a7e6f607fc4ba5bb1130d53d8b27a3a	hyperpolymath/ephapax	formal/Semantics.v	(* SPDX-License-Identifier: PMPL-1.0-or-later *) (* SPDX-FileCopyrightText: 2025-2026 Jonathan D.A. Jewell *) (** * Ephapax Operational Semantics (De Bruijn, Substitution-Based) Small-step reduc	equiv	coq	success	17517	0.5	\N	batch-direct	2026-04-05 10:01:52.621	2026-04-05 10:02:10.148	direct:coq	\N
f97dd7cd-bbdd-429f-9a33-3b6b53e898e3	222d804889e48c83652bed6e9dc619ab043f380b	hyperpolymath/echidna	proofs/coq/basic.v	(* ========================================================================= *) (* ECHIDNA Basic Coq Proofs *) (* Simple logical proofs demonstrating f	equiv	coq	success	151	0.5	\N	batch-direct	2026-04-05 10:19:00.527	2026-04-05 10:19:00.689	direct:coq	\N
a735d039-2b39-4b81-ac41-ecd5f746bd5e	12bac536322a8feb585a621767059791ea4898f8	hyperpolymath/echidna	proofs/coq/nat.v	(* ========================================================================= *) (* ECHIDNA Natural Number Proofs *) (* Proofs about natural numbers, arithme	equiv	coq	failure	637	0.5	\N	batch-direct	2026-04-05 10:19:00.801	2026-04-05 10:19:01.448	direct:coq	\N
215fb0c0-c922-4318-9e6a-4be44ed13fd9	e01777c72b0f0893790ec665e737a79b085e8d78	hyperpolymath/echidna	proofs/coq/propositional.v	(* ========================================================================= *) (* ECHIDNA Propositional Logic Proofs *) (* Advanced propositional logic includin	equiv	coq	success	378	0.5	\N	batch-direct	2026-04-05 10:19:01.564	2026-04-05 10:19:01.953	direct:coq	\N
bd5d8ae3-a077-461b-9c4c-b122ed04856e	5248c8c9a5c0ca3e2a0f820d0a9e07518ffe5bce	hyperpolymath/echidna	proofs/coq/algebra/GroupTheory.v	(** SPDX-License-Identifier: PMPL-1.0-or-later Copyright (c) 2026 ECHIDNA Project Group Theory Examples for ML Training Corpus *) Require Import GroupTheory.Groups. Require Import GroupTheory	equiv	coq	failure	156	0.5	\N	batch-direct	2026-04-05 10:19:02.071	2026-04-05 10:19:02.240	direct:coq	\N
80250839-8041-452e-b74d-06dde921b1b3	6d0770e774f183594fb6e07feefd96ec242fa6d9	hyperpolymath/echidna	proofs/coq/list.v	(* ========================================================================= *) (* ECHIDNA List Proofs *) (* Proofs about lists, append, length, m	equiv	coq	failure	777	0.5	\N	batch-direct	2026-04-05 10:19:02.381	2026-04-05 10:19:03.174	direct:coq	\N
2d7ee55e-9902-4a75-9820-f852f97d3ba5	e147dd1a5a82725e6efe11cfac86fb090cfc6129	hyperpolymath/ephapax	formal/Syntax.v	(* SPDX-License-Identifier: PMPL-1.0-or-later *) (* SPDX-FileCopyrightText: 2025-2026 Jonathan D.A. Jewell *) (** * Ephapax: A Linear Type System for Safe Memory Management Formal semantics in C	equiv	coq	success	731	0.5	\N	batch-direct	2026-04-05 10:19:11.528	2026-04-05 10:19:12.270	direct:coq	\N
27efbee9-d824-481c-b24b-b07585c76541	521719f6e3f2b60d69193d360cd16842563bc124	hyperpolymath/ephapax	formal/Typing.v	(* SPDX-License-Identifier: PMPL-1.0-or-later *) (* SPDX-FileCopyrightText: 2025-2026 Jonathan D.A. Jewell *) (** * Ephapax Typing Rules (De Bruijn) Linear typing judgement: R; G |- e : T -| G\' 	equiv	coq	success	776	0.5	\N	batch-direct	2026-04-05 10:19:12.401	2026-04-05 10:19:13.186	direct:coq	\N
beb0ce6c-8937-4d2d-825f-bfb1ec870c32	8b457ba79a7e6f607fc4ba5bb1130d53d8b27a3a	hyperpolymath/ephapax	formal/Semantics.v	(* SPDX-License-Identifier: PMPL-1.0-or-later *) (* SPDX-FileCopyrightText: 2025-2026 Jonathan D.A. Jewell *) (** * Ephapax Operational Semantics (De Bruijn, Substitution-Based) Small-step reduc	equiv	coq	success	15557	0.5	\N	batch-direct	2026-04-05 10:19:13.296	2026-04-05 10:19:28.863	direct:coq	\N
3435498f-7c69-4d87-b1d9-de4e83eb0e36	222d804889e48c83652bed6e9dc619ab043f380b	hyperpolymath/echidna	proofs/coq/basic.v	(* ========================================================================= *) (* ECHIDNA Basic Coq Proofs *) (* Simple logical proofs demonstrating f	equiv	coq	success	178	0.5	\N	batch-direct	2026-04-05 10:37:21.893	2026-04-05 10:37:22.086	direct:coq	\N
62bd594a-c0d2-4a89-97cb-d7ca4790da31	12bac536322a8feb585a621767059791ea4898f8	hyperpolymath/echidna	proofs/coq/nat.v	(* ========================================================================= *) (* ECHIDNA Natural Number Proofs *) (* Proofs about natural numbers, arithme	equiv	coq	failure	765	0.5	\N	batch-direct	2026-04-05 10:37:22.222	2026-04-05 10:37:22.997	direct:coq	\N
993b80a7-923b-4ade-9761-39620a2149b2	e01777c72b0f0893790ec665e737a79b085e8d78	hyperpolymath/echidna	proofs/coq/propositional.v	(* ========================================================================= *) (* ECHIDNA Propositional Logic Proofs *) (* Advanced propositional logic includin	equiv	coq	success	398	0.5	\N	batch-direct	2026-04-05 10:37:23.119	2026-04-05 10:37:23.526	direct:coq	\N
f75bacbe-7d6c-4412-a8f2-e9d5ec31181e	5248c8c9a5c0ca3e2a0f820d0a9e07518ffe5bce	hyperpolymath/echidna	proofs/coq/algebra/GroupTheory.v	(** SPDX-License-Identifier: PMPL-1.0-or-later Copyright (c) 2026 ECHIDNA Project Group Theory Examples for ML Training Corpus *) Require Import GroupTheory.Groups. Require Import GroupTheory	equiv	coq	failure	126	0.5	\N	batch-direct	2026-04-05 10:37:23.645	2026-04-05 10:37:23.786	direct:coq	\N
e901c0a0-814f-4e62-8da8-3faf7b005fbf	6d0770e774f183594fb6e07feefd96ec242fa6d9	hyperpolymath/echidna	proofs/coq/list.v	(* ========================================================================= *) (* ECHIDNA List Proofs *) (* Proofs about lists, append, length, m	equiv	coq	failure	864	0.5	\N	batch-direct	2026-04-05 10:37:23.910	2026-04-05 10:37:24.786	direct:coq	\N
5cd9edc8-e3df-493f-b13e-4ec73490c0c3	222d804889e48c83652bed6e9dc619ab043f380b	hyperpolymath/echidna	proofs/coq/basic.v	(* ========================================================================= *) (* ECHIDNA Basic Coq Proofs *) (* Simple logical proofs demonstrating f	equiv	coq	success	210	0.5	\N	batch-direct	2026-04-05 10:40:34.566	2026-04-05 10:40:34.797	direct:coq	\N
355f73b5-5c9d-4e79-ab05-c2cb8db5bedc	12bac536322a8feb585a621767059791ea4898f8	hyperpolymath/echidna	proofs/coq/nat.v	(* ========================================================================= *) (* ECHIDNA Natural Number Proofs *) (* Proofs about natural numbers, arithme	equiv	coq	failure	850	0.5	\N	batch-direct	2026-04-05 10:40:34.953	2026-04-05 10:40:35.814	direct:coq	\N
7741710d-899f-4c86-9cfa-d4b15789080b	e01777c72b0f0893790ec665e737a79b085e8d78	hyperpolymath/echidna	proofs/coq/propositional.v	(* ========================================================================= *) (* ECHIDNA Propositional Logic Proofs *) (* Advanced propositional logic includin	equiv	coq	success	435	0.5	\N	batch-direct	2026-04-05 10:40:35.940	2026-04-05 10:40:36.386	direct:coq	\N
5a8b0cb6-7219-4b5a-aab1-181229d594d9	e147dd1a5a82725e6efe11cfac86fb090cfc6129	hyperpolymath/ephapax	formal/Syntax.v	(* SPDX-License-Identifier: PMPL-1.0-or-later *) (* SPDX-FileCopyrightText: 2025-2026 Jonathan D.A. Jewell *) (** * Ephapax: A Linear Type System for Safe Memory Management Formal semantics in C	equiv	coq	success	870	0.5	\N	batch-direct	2026-04-05 10:41:35.617	2026-04-05 10:41:36.499	direct:coq	\N
028ecd2e-71ac-48a9-94ce-2c3cc060c39b	521719f6e3f2b60d69193d360cd16842563bc124	hyperpolymath/ephapax	formal/Typing.v	(* SPDX-License-Identifier: PMPL-1.0-or-later *) (* SPDX-FileCopyrightText: 2025-2026 Jonathan D.A. Jewell *) (** * Ephapax Typing Rules (De Bruijn) Linear typing judgement: R; G |- e : T -| G\' 	equiv	coq	success	1250	0.5	\N	batch-direct	2026-04-05 10:41:36.634	2026-04-05 10:41:37.916	direct:coq	\N
c25c4929-1266-4a33-8d17-74bbf22c83d2	8b457ba79a7e6f607fc4ba5bb1130d53d8b27a3a	hyperpolymath/ephapax	formal/Semantics.v	(* SPDX-License-Identifier: PMPL-1.0-or-later *) (* SPDX-FileCopyrightText: 2025-2026 Jonathan D.A. Jewell *) (** * Ephapax Operational Semantics (De Bruijn, Substitution-Based) Small-step reduc	equiv	coq	success	20520	0.5	\N	batch-direct	2026-04-05 10:41:38.070	2026-04-05 10:41:58.606	direct:coq	\N
c7c1e1a3-5c4e-45f3-8229-076f3757f5c0	e147dd1a5a82725e6efe11cfac86fb090cfc6129	hyperpolymath/ephapax	formal/Syntax.v	(* SPDX-License-Identifier: PMPL-1.0-or-later *) (* SPDX-FileCopyrightText: 2025-2026 Jonathan D.A. Jewell *) (** * Ephapax: A Linear Type System for Safe Memory Management Formal semantics in C	equiv	coq	success	796	0.5	\N	batch-direct	2026-04-05 10:44:44.190	2026-04-05 10:44:44.997	direct:coq	\N
c130be0d-b3e2-42ab-8396-6fed22000904	521719f6e3f2b60d69193d360cd16842563bc124	hyperpolymath/ephapax	formal/Typing.v	(* SPDX-License-Identifier: PMPL-1.0-or-later *) (* SPDX-FileCopyrightText: 2025-2026 Jonathan D.A. Jewell *) (** * Ephapax Typing Rules (De Bruijn) Linear typing judgement: R; G |- e : T -| G\' 	equiv	coq	success	917	0.5	\N	batch-direct	2026-04-05 10:44:45.126	2026-04-05 10:44:46.053	direct:coq	\N
6d055829-841c-44ca-8994-d19cb64716fc	8b457ba79a7e6f607fc4ba5bb1130d53d8b27a3a	hyperpolymath/ephapax	formal/Semantics.v	(* SPDX-License-Identifier: PMPL-1.0-or-later *) (* SPDX-FileCopyrightText: 2025-2026 Jonathan D.A. Jewell *) (** * Ephapax Operational Semantics (De Bruijn, Substitution-Based) Small-step reduc	equiv	coq	success	19923	0.5	\N	batch-direct	2026-04-05 10:44:46.174	2026-04-05 10:45:06.114	direct:coq	\N
7bd0294f-0eab-457d-a04a-e0545d463d1c	222d804889e48c83652bed6e9dc619ab043f380b	hyperpolymath/echidna	proofs/coq/basic.v	(* ========================================================================= *) (* ECHIDNA Basic Coq Proofs *) (* Simple logical proofs demonstrating f	equiv	coq	success	145	0.5	\N	batch-direct	2026-04-05 10:46:29.102	2026-04-05 10:46:29.256	direct:coq	\N
beefaae2-1ee0-4d75-98d7-e7bc30a740a3	12bac536322a8feb585a621767059791ea4898f8	hyperpolymath/echidna	proofs/coq/nat.v	(* ========================================================================= *) (* ECHIDNA Natural Number Proofs *) (* Proofs about natural numbers, arithme	equiv	coq	failure	627	0.5	\N	batch-direct	2026-04-05 10:46:29.370	2026-04-05 10:46:30.008	direct:coq	\N
186b9d21-6782-4e05-ba25-5f989284767f	e01777c72b0f0893790ec665e737a79b085e8d78	hyperpolymath/echidna	proofs/coq/propositional.v	(* ========================================================================= *) (* ECHIDNA Propositional Logic Proofs *) (* Advanced propositional logic includin	equiv	coq	success	356	0.5	\N	batch-direct	2026-04-05 10:46:30.124	2026-04-05 10:46:30.490	direct:coq	\N
adabf374-cad0-4113-896b-5c5441310f73	e147dd1a5a82725e6efe11cfac86fb090cfc6129	hyperpolymath/ephapax	formal/Syntax.v	(* SPDX-License-Identifier: PMPL-1.0-or-later *) (* SPDX-FileCopyrightText: 2025-2026 Jonathan D.A. Jewell *) (** * Ephapax: A Linear Type System for Safe Memory Management Formal semantics in C	equiv	coq	success	836	0.5	\N	batch-direct	2026-04-05 10:46:43.290	2026-04-05 10:46:44.136	direct:coq	\N
f8e147a1-5ea1-4224-9e73-d46768083c1c	521719f6e3f2b60d69193d360cd16842563bc124	hyperpolymath/ephapax	formal/Typing.v	(* SPDX-License-Identifier: PMPL-1.0-or-later *) (* SPDX-FileCopyrightText: 2025-2026 Jonathan D.A. Jewell *) (** * Ephapax Typing Rules (De Bruijn) Linear typing judgement: R; G |- e : T -| G\' 	equiv	coq	success	812	0.5	\N	batch-direct	2026-04-05 10:46:44.269	2026-04-05 10:46:45.090	direct:coq	\N
888dd1be-bd5b-4156-a3be-451aca7da1f2	8b457ba79a7e6f607fc4ba5bb1130d53d8b27a3a	hyperpolymath/ephapax	formal/Semantics.v	(* SPDX-License-Identifier: PMPL-1.0-or-later *) (* SPDX-FileCopyrightText: 2025-2026 Jonathan D.A. Jewell *) (** * Ephapax Operational Semantics (De Bruijn, Substitution-Based) Small-step reduc	equiv	coq	success	16548	0.5	\N	batch-direct	2026-04-05 10:46:45.203	2026-04-05 10:47:01.761	direct:coq	\N
db209c15-fb59-4653-b13f-ed6a1d2dd967	222d804889e48c83652bed6e9dc619ab043f380b	hyperpolymath/echidna	proofs/coq/basic.v	(* ========================================================================= *) (* ECHIDNA Basic Coq Proofs *) (* Simple logical proofs demonstrating f	equiv	coq	success	145	0.5	\N	batch-direct	2026-04-05 10:47:45.439	2026-04-05 10:47:45.594	direct:coq	\N
5d3f37d1-abfb-4f10-a6d4-7fcb009d8823	12bac536322a8feb585a621767059791ea4898f8	hyperpolymath/echidna	proofs/coq/nat.v	(* ========================================================================= *) (* ECHIDNA Natural Number Proofs *) (* Proofs about natural numbers, arithme	equiv	coq	failure	626	0.5	\N	batch-direct	2026-04-05 10:47:45.710	2026-04-05 10:47:46.348	direct:coq	\N
1041ee9e-de83-4e59-9b9c-27e544527730	e01777c72b0f0893790ec665e737a79b085e8d78	hyperpolymath/echidna	proofs/coq/propositional.v	(* ========================================================================= *) (* ECHIDNA Propositional Logic Proofs *) (* Advanced propositional logic includin	equiv	coq	success	345	0.5	\N	batch-direct	2026-04-05 10:47:46.461	2026-04-05 10:47:46.816	direct:coq	\N
55aaa054-4ece-466c-bc2b-a19e1eeefe07	5248c8c9a5c0ca3e2a0f820d0a9e07518ffe5bce	hyperpolymath/echidna	proofs/coq/algebra/GroupTheory.v	(** SPDX-License-Identifier: PMPL-1.0-or-later Copyright (c) 2026 ECHIDNA Project Group Theory Examples for ML Training Corpus *) Require Import GroupTheory.Groups. Require Import GroupTheory	equiv	coq	failure	102	0.5	\N	batch-direct	2026-04-05 10:47:46.924	2026-04-05 10:47:47.036	direct:coq	\N
fccf1565-8197-4841-af2b-5525b1dd94a4	6d0770e774f183594fb6e07feefd96ec242fa6d9	hyperpolymath/echidna	proofs/coq/list.v	(* ========================================================================= *) (* ECHIDNA List Proofs *) (* Proofs about lists, append, length, m	equiv	coq	failure	695	0.5	\N	batch-direct	2026-04-05 10:47:47.148	2026-04-05 10:47:47.852	direct:coq	\N
243c9b35-5b33-4d8a-b775-c6eebd21893e	e147dd1a5a82725e6efe11cfac86fb090cfc6129	hyperpolymath/ephapax	formal/Syntax.v	(* SPDX-License-Identifier: PMPL-1.0-or-later *) (* SPDX-FileCopyrightText: 2025-2026 Jonathan D.A. Jewell *) (** * Ephapax: A Linear Type System for Safe Memory Management Formal semantics in C	equiv	coq	success	718	0.5	\N	batch-direct	2026-04-05 10:48:06.134	2026-04-05 10:48:06.862	direct:coq	\N
b750e758-36ee-4109-9832-51388159b95a	521719f6e3f2b60d69193d360cd16842563bc124	hyperpolymath/ephapax	formal/Typing.v	(* SPDX-License-Identifier: PMPL-1.0-or-later *) (* SPDX-FileCopyrightText: 2025-2026 Jonathan D.A. Jewell *) (** * Ephapax Typing Rules (De Bruijn) Linear typing judgement: R; G |- e : T -| G\' 	equiv	coq	success	780	0.5	\N	batch-direct	2026-04-05 10:48:06.975	2026-04-05 10:48:07.765	direct:coq	\N
e6c44691-ca45-41ca-a394-f63b4262f4bc	8b457ba79a7e6f607fc4ba5bb1130d53d8b27a3a	hyperpolymath/ephapax	formal/Semantics.v	(* SPDX-License-Identifier: PMPL-1.0-or-later *) (* SPDX-FileCopyrightText: 2025-2026 Jonathan D.A. Jewell *) (** * Ephapax Operational Semantics (De Bruijn, Substitution-Based) Small-step reduc	equiv	coq	success	16167	0.5	\N	batch-direct	2026-04-05 10:48:07.881	2026-04-05 10:48:24.058	direct:coq	\N
8454d9b7-b9df-4b27-845e-33ad68e8370f	222d804889e48c83652bed6e9dc619ab043f380b	hyperpolymath/echidna	proofs/coq/basic.v	(* ========================================================================= *) (* ECHIDNA Basic Coq Proofs *) (* Simple logical proofs demonstrating f	equiv	coq	success	183	0.5	\N	batch-direct	2026-04-05 12:09:31.414	2026-04-05 12:09:31.608	direct:coq	\N
d1150eff-d244-42eb-8d85-4354595da59d	12bac536322a8feb585a621767059791ea4898f8	hyperpolymath/echidna	proofs/coq/nat.v	(* ========================================================================= *) (* ECHIDNA Natural Number Proofs *) (* Proofs about natural numbers, arithme	equiv	coq	failure	822	0.5	\N	batch-direct	2026-04-05 12:09:31.730	2026-04-05 12:09:32.563	direct:coq	\N
f6ef8e41-2ee2-49f6-9238-fef99637a11a	e01777c72b0f0893790ec665e737a79b085e8d78	hyperpolymath/echidna	proofs/coq/propositional.v	(* ========================================================================= *) (* ECHIDNA Propositional Logic Proofs *) (* Advanced propositional logic includin	equiv	coq	success	472	0.5	\N	batch-direct	2026-04-05 12:09:32.681	2026-04-05 12:09:33.163	direct:coq	\N
233b2fb1-b783-46b5-b825-bf16a408fc99	5248c8c9a5c0ca3e2a0f820d0a9e07518ffe5bce	hyperpolymath/echidna	proofs/coq/algebra/GroupTheory.v	(** SPDX-License-Identifier: PMPL-1.0-or-later Copyright (c) 2026 ECHIDNA Project Group Theory Examples for ML Training Corpus *) Require Import GroupTheory.Groups. Require Import GroupTheory	equiv	coq	failure	147	0.5	\N	batch-direct	2026-04-05 12:09:33.292	2026-04-05 12:09:33.448	direct:coq	\N
ec46f5e5-5720-434f-9aaa-7fc4d424268f	6d0770e774f183594fb6e07feefd96ec242fa6d9	hyperpolymath/echidna	proofs/coq/list.v	(* ========================================================================= *) (* ECHIDNA List Proofs *) (* Proofs about lists, append, length, m	equiv	coq	failure	955	0.5	\N	batch-direct	2026-04-05 12:09:33.566	2026-04-05 12:09:34.534	direct:coq	\N
c7ea7c54-4592-4aeb-acf3-bba7f1dd2a38	e147dd1a5a82725e6efe11cfac86fb090cfc6129	hyperpolymath/ephapax	formal/Syntax.v	(* SPDX-License-Identifier: PMPL-1.0-or-later *) (* SPDX-FileCopyrightText: 2025-2026 Jonathan D.A. Jewell *) (** * Ephapax: A Linear Type System for Safe Memory Management Formal semantics in C	equiv	coq	success	670	0.5	\N	batch-direct	2026-04-05 12:10:03.715	2026-04-05 12:10:04.394	direct:coq	\N
043e5d09-4e99-4c03-a1af-b8a6d5c2b78d	521719f6e3f2b60d69193d360cd16842563bc124	hyperpolymath/ephapax	formal/Typing.v	(* SPDX-License-Identifier: PMPL-1.0-or-later *) (* SPDX-FileCopyrightText: 2025-2026 Jonathan D.A. Jewell *) (** * Ephapax Typing Rules (De Bruijn) Linear typing judgement: R; G |- e : T -| G\' 	equiv	coq	success	704	0.5	\N	batch-direct	2026-04-05 12:10:04.503	2026-04-05 12:10:05.216	direct:coq	\N
4a1c6895-dd5d-47ec-8920-efe71cb985f3	8b457ba79a7e6f607fc4ba5bb1130d53d8b27a3a	hyperpolymath/ephapax	formal/Semantics.v	(* SPDX-License-Identifier: PMPL-1.0-or-later *) (* SPDX-FileCopyrightText: 2025-2026 Jonathan D.A. Jewell *) (** * Ephapax Operational Semantics (De Bruijn, Substitution-Based) Small-step reduc	equiv	coq	success	14365	0.5	\N	batch-direct	2026-04-05 12:10:05.324	2026-04-05 12:10:19.698	direct:coq	\N
bd01faa8-e70b-4268-890b-06d9f1a43a2d	222d804889e48c83652bed6e9dc619ab043f380b	hyperpolymath/echidna	proofs/coq/basic.v	(* ========================================================================= *) (* ECHIDNA Basic Coq Proofs *) (* Simple logical proofs demonstrating f	equiv	coq	success	122	0.5	\N	batch-direct	2026-04-05 12:10:57.830	2026-04-05 12:10:57.961	direct:coq	\N
22ca0850-aa4e-4a13-aaaf-187c191299ea	12bac536322a8feb585a621767059791ea4898f8	hyperpolymath/echidna	proofs/coq/nat.v	(* ========================================================================= *) (* ECHIDNA Natural Number Proofs *) (* Proofs about natural numbers, arithme	equiv	coq	failure	547	0.5	\N	batch-direct	2026-04-05 12:10:58.033	2026-04-05 12:10:58.589	direct:coq	\N
ece0b791-73c5-47b2-b28a-12106153cd13	e01777c72b0f0893790ec665e737a79b085e8d78	hyperpolymath/echidna	proofs/coq/propositional.v	(* ========================================================================= *) (* ECHIDNA Propositional Logic Proofs *) (* Advanced propositional logic includin	equiv	coq	success	297	0.5	\N	batch-direct	2026-04-05 12:10:58.656	2026-04-05 12:10:58.962	direct:coq	\N
0575ff10-c9ce-47e7-bac7-bd2b507009ef	5248c8c9a5c0ca3e2a0f820d0a9e07518ffe5bce	hyperpolymath/echidna	proofs/coq/algebra/GroupTheory.v	(** SPDX-License-Identifier: PMPL-1.0-or-later Copyright (c) 2026 ECHIDNA Project Group Theory Examples for ML Training Corpus *) Require Import GroupTheory.Groups. Require Import GroupTheory	equiv	coq	failure	93	0.5	\N	batch-direct	2026-04-05 12:10:59.031	2026-04-05 12:10:59.133	direct:coq	\N
ba09e3a0-9720-4e0b-aa6c-172ec0a9dce9	6d0770e774f183594fb6e07feefd96ec242fa6d9	hyperpolymath/echidna	proofs/coq/list.v	(* ========================================================================= *) (* ECHIDNA List Proofs *) (* Proofs about lists, append, length, m	equiv	coq	failure	623	0.5	\N	batch-direct	2026-04-05 12:10:59.200	2026-04-05 12:10:59.832	direct:coq	\N
0a36d3e3-1eca-463b-833d-6b6890d8d516	e147dd1a5a82725e6efe11cfac86fb090cfc6129	hyperpolymath/ephapax	formal/Syntax.v	(* SPDX-License-Identifier: PMPL-1.0-or-later *) (* SPDX-FileCopyrightText: 2025-2026 Jonathan D.A. Jewell *) (** * Ephapax: A Linear Type System for Safe Memory Management Formal semantics in C	equiv	coq	success	718	0.5	\N	batch-direct	2026-04-05 12:11:27.562	2026-04-05 12:11:28.290	direct:coq	\N
29cbcd4e-4910-4004-bb08-bf0f48abb486	521719f6e3f2b60d69193d360cd16842563bc124	hyperpolymath/ephapax	formal/Typing.v	(* SPDX-License-Identifier: PMPL-1.0-or-later *) (* SPDX-FileCopyrightText: 2025-2026 Jonathan D.A. Jewell *) (** * Ephapax Typing Rules (De Bruijn) Linear typing judgement: R; G |- e : T -| G\' 	equiv	coq	success	720	0.5	\N	batch-direct	2026-04-05 12:11:28.359	2026-04-05 12:11:29.089	direct:coq	\N
ca6db49d-3808-42a1-89a9-8c39a90c193c	8b457ba79a7e6f607fc4ba5bb1130d53d8b27a3a	hyperpolymath/ephapax	formal/Semantics.v	(* SPDX-License-Identifier: PMPL-1.0-or-later *) (* SPDX-FileCopyrightText: 2025-2026 Jonathan D.A. Jewell *) (** * Ephapax Operational Semantics (De Bruijn, Substitution-Based) Small-step reduc	equiv	coq	success	15906	0.5	\N	batch-direct	2026-04-05 12:11:29.167	2026-04-05 12:11:45.082	direct:coq	\N
3c7c1265-698e-41d6-aa6d-4dfbe30c9444	222d804889e48c83652bed6e9dc619ab043f380b	hyperpolymath/echidna	proofs/coq/basic.v	(* ========================================================================= *) (* ECHIDNA Basic Coq Proofs *) (* Simple logical proofs demonstrating f	equiv	coq	success	128	0.5	\N	batch-direct	2026-04-05 12:11:54.182	2026-04-05 12:11:54.319	direct:coq	\N
fa3d297a-7a77-40ef-ae27-1c25a49ad472	12bac536322a8feb585a621767059791ea4898f8	hyperpolymath/echidna	proofs/coq/nat.v	(* ========================================================================= *) (* ECHIDNA Natural Number Proofs *) (* Proofs about natural numbers, arithme	equiv	coq	failure	572	0.5	\N	batch-direct	2026-04-05 12:11:54.389	2026-04-05 12:11:54.970	direct:coq	\N
07d4bfe6-eeb2-4a82-95e1-365d818fa1f9	e01777c72b0f0893790ec665e737a79b085e8d78	hyperpolymath/echidna	proofs/coq/propositional.v	(* ========================================================================= *) (* ECHIDNA Propositional Logic Proofs *) (* Advanced propositional logic includin	equiv	coq	success	317	0.5	\N	batch-direct	2026-04-05 12:11:55.043	2026-04-05 12:11:55.369	direct:coq	\N
784c510b-1268-499f-b380-6fc16db425fe	5248c8c9a5c0ca3e2a0f820d0a9e07518ffe5bce	hyperpolymath/echidna	proofs/coq/algebra/GroupTheory.v	(** SPDX-License-Identifier: PMPL-1.0-or-later Copyright (c) 2026 ECHIDNA Project Group Theory Examples for ML Training Corpus *) Require Import GroupTheory.Groups. Require Import GroupTheory	equiv	coq	failure	95	0.5	\N	batch-direct	2026-04-05 12:11:55.438	2026-04-05 12:11:55.543	direct:coq	\N
924f4d76-e87d-4464-932b-6e9a3b49d95a	6d0770e774f183594fb6e07feefd96ec242fa6d9	hyperpolymath/echidna	proofs/coq/list.v	(* ========================================================================= *) (* ECHIDNA List Proofs *) (* Proofs about lists, append, length, m	equiv	coq	failure	654	0.5	\N	batch-direct	2026-04-05 12:11:55.616	2026-04-05 12:11:56.279	direct:coq	\N
b01691c4-8f1c-4859-b238-ecd4c9a4b350	e147dd1a5a82725e6efe11cfac86fb090cfc6129	hyperpolymath/ephapax	formal/Syntax.v	(* SPDX-License-Identifier: PMPL-1.0-or-later *) (* SPDX-FileCopyrightText: 2025-2026 Jonathan D.A. Jewell *) (** * Ephapax: A Linear Type System for Safe Memory Management Formal semantics in C	equiv	coq	success	651	0.5	\N	batch-direct	2026-04-05 12:12:22.726	2026-04-05 12:12:23.387	direct:coq	\N
3dd7569e-754a-4431-84bc-a9d58141d44a	521719f6e3f2b60d69193d360cd16842563bc124	hyperpolymath/ephapax	formal/Typing.v	(* SPDX-License-Identifier: PMPL-1.0-or-later *) (* SPDX-FileCopyrightText: 2025-2026 Jonathan D.A. Jewell *) (** * Ephapax Typing Rules (De Bruijn) Linear typing judgement: R; G |- e : T -| G\' 	equiv	coq	success	719	0.5	\N	batch-direct	2026-04-05 12:12:23.455	2026-04-05 12:12:24.183	direct:coq	\N
0e62bcc4-2248-4fed-8347-31752ae01f19	8b457ba79a7e6f607fc4ba5bb1130d53d8b27a3a	hyperpolymath/ephapax	formal/Semantics.v	(* SPDX-License-Identifier: PMPL-1.0-or-later *) (* SPDX-FileCopyrightText: 2025-2026 Jonathan D.A. Jewell *) (** * Ephapax Operational Semantics (De Bruijn, Substitution-Based) Small-step reduc	equiv	coq	success	14309	0.5	\N	batch-direct	2026-04-05 12:12:24.253	2026-04-05 12:12:38.572	direct:coq	\N
aa9f420a-6208-4c75-b277-4488c935821f	222d804889e48c83652bed6e9dc619ab043f380b	hyperpolymath/echidna	proofs/coq/basic.v	(* ========================================================================= *) (* ECHIDNA Basic Coq Proofs *) (* Simple logical proofs demonstrating f	equiv	coq	success	124	0.5	\N	batch-direct	2026-04-05 12:12:47.331	2026-04-05 12:12:47.465	direct:coq	\N
990cc90c-5db9-4c3b-b1b3-298e71f95cda	12bac536322a8feb585a621767059791ea4898f8	hyperpolymath/echidna	proofs/coq/nat.v	(* ========================================================================= *) (* ECHIDNA Natural Number Proofs *) (* Proofs about natural numbers, arithme	equiv	coq	failure	556	0.5	\N	batch-direct	2026-04-05 12:12:47.531	2026-04-05 12:12:48.096	direct:coq	\N
2c94b25c-0840-4bc4-a7a6-de990adfb224	e01777c72b0f0893790ec665e737a79b085e8d78	hyperpolymath/echidna	proofs/coq/propositional.v	(* ========================================================================= *) (* ECHIDNA Propositional Logic Proofs *) (* Advanced propositional logic includin	equiv	coq	success	297	0.5	\N	batch-direct	2026-04-05 12:12:48.164	2026-04-05 12:12:48.470	direct:coq	\N
ffb8dda3-c5c0-49fa-9ee0-b774c897b540	5248c8c9a5c0ca3e2a0f820d0a9e07518ffe5bce	hyperpolymath/echidna	proofs/coq/algebra/GroupTheory.v	(** SPDX-License-Identifier: PMPL-1.0-or-later Copyright (c) 2026 ECHIDNA Project Group Theory Examples for ML Training Corpus *) Require Import GroupTheory.Groups. Require Import GroupTheory	equiv	coq	failure	101	0.5	\N	batch-direct	2026-04-05 12:12:48.539	2026-04-05 12:12:48.649	direct:coq	\N
2e7fbf03-4887-44e9-9b3d-1c90e906aa38	6d0770e774f183594fb6e07feefd96ec242fa6d9	hyperpolymath/echidna	proofs/coq/list.v	(* ========================================================================= *) (* ECHIDNA List Proofs *) (* Proofs about lists, append, length, m	equiv	coq	failure	643	0.5	\N	batch-direct	2026-04-05 12:12:48.722	2026-04-05 12:12:49.374	direct:coq	\N
9ffa9bed-76f2-48f3-93dd-775f0450805a	e147dd1a5a82725e6efe11cfac86fb090cfc6129	hyperpolymath/ephapax	formal/Syntax.v	(* SPDX-License-Identifier: PMPL-1.0-or-later *) (* SPDX-FileCopyrightText: 2025-2026 Jonathan D.A. Jewell *) (** * Ephapax: A Linear Type System for Safe Memory Management Formal semantics in C	equiv	coq	success	724	0.5	\N	batch-direct	2026-04-05 12:13:18.046	2026-04-05 12:13:18.779	direct:coq	\N
bdee2051-8b89-4867-a5ed-ffa30d51b2ef	521719f6e3f2b60d69193d360cd16842563bc124	hyperpolymath/ephapax	formal/Typing.v	(* SPDX-License-Identifier: PMPL-1.0-or-later *) (* SPDX-FileCopyrightText: 2025-2026 Jonathan D.A. Jewell *) (** * Ephapax Typing Rules (De Bruijn) Linear typing judgement: R; G |- e : T -| G\' 	equiv	coq	success	740	0.5	\N	batch-direct	2026-04-05 12:13:18.852	2026-04-05 12:13:19.604	direct:coq	\N
146c7451-6b6e-4982-ab9e-aea3c857be00	8b457ba79a7e6f607fc4ba5bb1130d53d8b27a3a	hyperpolymath/ephapax	formal/Semantics.v	(* SPDX-License-Identifier: PMPL-1.0-or-later *) (* SPDX-FileCopyrightText: 2025-2026 Jonathan D.A. Jewell *) (** * Ephapax Operational Semantics (De Bruijn, Substitution-Based) Small-step reduc	equiv	coq	success	15180	0.5	\N	batch-direct	2026-04-05 12:13:19.680	2026-04-05 12:13:34.869	direct:coq	\N
87371ed2-d20f-4e5e-8001-9fad86713726	222d804889e48c83652bed6e9dc619ab043f380b	hyperpolymath/echidna	proofs/coq/basic.v	(* ========================================================================= *) (* ECHIDNA Basic Coq Proofs *) (* Simple logical proofs demonstrating f	equiv	coq	success	126	0.5	\N	batch-direct	2026-04-05 12:13:43.767	2026-04-05 12:13:43.902	direct:coq	\N
5731d3fc-01d8-4fc0-9f83-0b8912942914	12bac536322a8feb585a621767059791ea4898f8	hyperpolymath/echidna	proofs/coq/nat.v	(* ========================================================================= *) (* ECHIDNA Natural Number Proofs *) (* Proofs about natural numbers, arithme	equiv	coq	failure	580	0.5	\N	batch-direct	2026-04-05 12:13:43.967	2026-04-05 12:13:44.557	direct:coq	\N
5ef89118-6c92-4bc2-aad9-0cfc0c5b2dd5	e01777c72b0f0893790ec665e737a79b085e8d78	hyperpolymath/echidna	proofs/coq/propositional.v	(* ========================================================================= *) (* ECHIDNA Propositional Logic Proofs *) (* Advanced propositional logic includin	equiv	coq	success	307	0.5	\N	batch-direct	2026-04-05 12:13:44.626	2026-04-05 12:13:44.943	direct:coq	\N
f38d8907-3f94-4ff5-bdc6-b4e6c0e72065	5248c8c9a5c0ca3e2a0f820d0a9e07518ffe5bce	hyperpolymath/echidna	proofs/coq/algebra/GroupTheory.v	(** SPDX-License-Identifier: PMPL-1.0-or-later Copyright (c) 2026 ECHIDNA Project Group Theory Examples for ML Training Corpus *) Require Import GroupTheory.Groups. Require Import GroupTheory	equiv	coq	failure	93	0.5	\N	batch-direct	2026-04-05 12:13:45.010	2026-04-05 12:13:45.112	direct:coq	\N
bf555852-816c-4956-bcfe-1b20579582c3	6d0770e774f183594fb6e07feefd96ec242fa6d9	hyperpolymath/echidna	proofs/coq/list.v	(* ========================================================================= *) (* ECHIDNA List Proofs *) (* Proofs about lists, append, length, m	equiv	coq	failure	643	0.5	\N	batch-direct	2026-04-05 12:13:45.177	2026-04-05 12:13:45.829	direct:coq	\N
add4ed14-1845-413f-9133-8532fa2002bb	e147dd1a5a82725e6efe11cfac86fb090cfc6129	hyperpolymath/ephapax	formal/Syntax.v	(* SPDX-License-Identifier: PMPL-1.0-or-later *) (* SPDX-FileCopyrightText: 2025-2026 Jonathan D.A. Jewell *) (** * Ephapax: A Linear Type System for Safe Memory Management Formal semantics in C	equiv	coq	success	698	0.5	\N	batch-direct	2026-04-05 12:14:12.451	2026-04-05 12:14:13.159	direct:coq	\N
45129d5a-8ff1-4adf-8aca-178e94ffd31b	521719f6e3f2b60d69193d360cd16842563bc124	hyperpolymath/ephapax	formal/Typing.v	(* SPDX-License-Identifier: PMPL-1.0-or-later *) (* SPDX-FileCopyrightText: 2025-2026 Jonathan D.A. Jewell *) (** * Ephapax Typing Rules (De Bruijn) Linear typing judgement: R; G |- e : T -| G\' 	equiv	coq	success	763	0.5	\N	batch-direct	2026-04-05 12:14:13.233	2026-04-05 12:14:14.007	direct:coq	\N
2fefb58a-281b-4e57-9f0f-f2cb169fc834	8b457ba79a7e6f607fc4ba5bb1130d53d8b27a3a	hyperpolymath/ephapax	formal/Semantics.v	(* SPDX-License-Identifier: PMPL-1.0-or-later *) (* SPDX-FileCopyrightText: 2025-2026 Jonathan D.A. Jewell *) (** * Ephapax Operational Semantics (De Bruijn, Substitution-Based) Small-step reduc	equiv	coq	success	16658	0.5	\N	batch-direct	2026-04-05 12:14:14.079	2026-04-05 12:14:30.746	direct:coq	\N
90e13db2-e2d6-4a90-ab8e-b817578a6560	222d804889e48c83652bed6e9dc619ab043f380b	hyperpolymath/echidna	proofs/coq/basic.v	(* ========================================================================= *) (* ECHIDNA Basic Coq Proofs *) (* Simple logical proofs demonstrating f	equiv	coq	success	128	0.5	\N	batch-direct	2026-04-05 12:14:39.893	2026-04-05 12:14:40.031	direct:coq	\N
ca13603d-e860-47b2-be5c-41cf06bd53dd	12bac536322a8feb585a621767059791ea4898f8	hyperpolymath/echidna	proofs/coq/nat.v	(* ========================================================================= *) (* ECHIDNA Natural Number Proofs *) (* Proofs about natural numbers, arithme	equiv	coq	failure	577	0.5	\N	batch-direct	2026-04-05 12:14:40.097	2026-04-05 12:14:40.684	direct:coq	\N
5c57d735-a7f1-48cb-9b05-3907f1efe619	e01777c72b0f0893790ec665e737a79b085e8d78	hyperpolymath/echidna	proofs/coq/propositional.v	(* ========================================================================= *) (* ECHIDNA Propositional Logic Proofs *) (* Advanced propositional logic includin	equiv	coq	success	299	0.5	\N	batch-direct	2026-04-05 12:14:40.751	2026-04-05 12:14:41.060	direct:coq	\N
cd980372-0898-4340-bb04-0e65fbe34ad5	5248c8c9a5c0ca3e2a0f820d0a9e07518ffe5bce	hyperpolymath/echidna	proofs/coq/algebra/GroupTheory.v	(** SPDX-License-Identifier: PMPL-1.0-or-later Copyright (c) 2026 ECHIDNA Project Group Theory Examples for ML Training Corpus *) Require Import GroupTheory.Groups. Require Import GroupTheory	equiv	coq	failure	95	0.5	\N	batch-direct	2026-04-05 12:14:41.132	2026-04-05 12:14:41.236	direct:coq	\N
29a63208-69d0-4ada-9ee6-7a4fb34a0c6a	6d0770e774f183594fb6e07feefd96ec242fa6d9	hyperpolymath/echidna	proofs/coq/list.v	(* ========================================================================= *) (* ECHIDNA List Proofs *) (* Proofs about lists, append, length, m	equiv	coq	failure	644	0.5	\N	batch-direct	2026-04-05 12:14:41.303	2026-04-05 12:14:41.957	direct:coq	\N
a9a25cc7-efd9-405a-9c06-5d7843b43260	e147dd1a5a82725e6efe11cfac86fb090cfc6129	hyperpolymath/ephapax	formal/Syntax.v	(* SPDX-License-Identifier: PMPL-1.0-or-later *) (* SPDX-FileCopyrightText: 2025-2026 Jonathan D.A. Jewell *) (** * Ephapax: A Linear Type System for Safe Memory Management Formal semantics in C	equiv	coq	success	669	0.5	\N	batch-direct	2026-04-05 12:15:09.555	2026-04-05 12:15:10.234	direct:coq	\N
c2f99deb-4fe6-4d52-833c-e93c7cf41f95	521719f6e3f2b60d69193d360cd16842563bc124	hyperpolymath/ephapax	formal/Typing.v	(* SPDX-License-Identifier: PMPL-1.0-or-later *) (* SPDX-FileCopyrightText: 2025-2026 Jonathan D.A. Jewell *) (** * Ephapax Typing Rules (De Bruijn) Linear typing judgement: R; G |- e : T -| G\' 	equiv	coq	success	711	0.5	\N	batch-direct	2026-04-05 12:15:10.307	2026-04-05 12:15:11.029	direct:coq	\N
6fa9fe49-9421-46eb-98d8-e08e30314d62	8b457ba79a7e6f607fc4ba5bb1130d53d8b27a3a	hyperpolymath/ephapax	formal/Semantics.v	(* SPDX-License-Identifier: PMPL-1.0-or-later *) (* SPDX-FileCopyrightText: 2025-2026 Jonathan D.A. Jewell *) (** * Ephapax Operational Semantics (De Bruijn, Substitution-Based) Small-step reduc	equiv	coq	success	15134	0.5	\N	batch-direct	2026-04-05 12:15:11.095	2026-04-05 12:15:26.239	direct:coq	\N
172273ff-b82e-45b9-9e40-c049e6282575	222d804889e48c83652bed6e9dc619ab043f380b	hyperpolymath/echidna	proofs/coq/basic.v	(* ========================================================================= *) (* ECHIDNA Basic Coq Proofs *) (* Simple logical proofs demonstrating f	equiv	coq	success	131	0.5	\N	batch-direct	2026-04-05 12:15:55.978	2026-04-05 12:15:56.119	direct:coq	\N
0e441247-305a-4080-a5b6-16ac325d8d18	12bac536322a8feb585a621767059791ea4898f8	hyperpolymath/echidna	proofs/coq/nat.v	(* ========================================================================= *) (* ECHIDNA Natural Number Proofs *) (* Proofs about natural numbers, arithme	equiv	coq	failure	549	0.5	\N	batch-direct	2026-04-05 12:15:56.192	2026-04-05 12:15:56.750	direct:coq	\N
16f56c74-40ef-491c-8416-b40d820cf874	e01777c72b0f0893790ec665e737a79b085e8d78	hyperpolymath/echidna	proofs/coq/propositional.v	(* ========================================================================= *) (* ECHIDNA Propositional Logic Proofs *) (* Advanced propositional logic includin	equiv	coq	success	313	0.5	\N	batch-direct	2026-04-05 12:15:56.819	2026-04-05 12:15:57.142	direct:coq	\N
f431f92f-a7da-46ab-a91d-b5cf8a4c29d4	5248c8c9a5c0ca3e2a0f820d0a9e07518ffe5bce	hyperpolymath/echidna	proofs/coq/algebra/GroupTheory.v	(** SPDX-License-Identifier: PMPL-1.0-or-later Copyright (c) 2026 ECHIDNA Project Group Theory Examples for ML Training Corpus *) Require Import GroupTheory.Groups. Require Import GroupTheory	equiv	coq	failure	107	0.5	\N	batch-direct	2026-04-05 12:15:57.212	2026-04-05 12:15:57.328	direct:coq	\N
badfee1b-cd0e-4c6b-9574-d1150663b2f2	6d0770e774f183594fb6e07feefd96ec242fa6d9	hyperpolymath/echidna	proofs/coq/list.v	(* ========================================================================= *) (* ECHIDNA List Proofs *) (* Proofs about lists, append, length, m	equiv	coq	failure	645	0.5	\N	batch-direct	2026-04-05 12:15:57.402	2026-04-05 12:15:58.056	direct:coq	\N
f16dc54a-67f0-4067-8f4b-8234d871a39b	e147dd1a5a82725e6efe11cfac86fb090cfc6129	hyperpolymath/ephapax	formal/Syntax.v	(* SPDX-License-Identifier: PMPL-1.0-or-later *) (* SPDX-FileCopyrightText: 2025-2026 Jonathan D.A. Jewell *) (** * Ephapax: A Linear Type System for Safe Memory Management Formal semantics in C	equiv	coq	success	672	0.5	\N	batch-direct	2026-04-05 12:16:26.663	2026-04-05 12:16:27.344	direct:coq	\N
da53d9af-a089-4e59-887a-7477e7e7146c	521719f6e3f2b60d69193d360cd16842563bc124	hyperpolymath/ephapax	formal/Typing.v	(* SPDX-License-Identifier: PMPL-1.0-or-later *) (* SPDX-FileCopyrightText: 2025-2026 Jonathan D.A. Jewell *) (** * Ephapax Typing Rules (De Bruijn) Linear typing judgement: R; G |- e : T -| G\' 	equiv	coq	success	728	0.5	\N	batch-direct	2026-04-05 12:16:27.414	2026-04-05 12:16:28.152	direct:coq	\N
e20359a3-5b65-48f1-af18-f99a9188e6b7	8b457ba79a7e6f607fc4ba5bb1130d53d8b27a3a	hyperpolymath/ephapax	formal/Semantics.v	(* SPDX-License-Identifier: PMPL-1.0-or-later *) (* SPDX-FileCopyrightText: 2025-2026 Jonathan D.A. Jewell *) (** * Ephapax Operational Semantics (De Bruijn, Substitution-Based) Small-step reduc	equiv	coq	success	14364	0.5	\N	batch-direct	2026-04-05 12:16:28.225	2026-04-05 12:16:42.600	direct:coq	\N
10357565-e602-4079-9171-fff0c5220fbb	222d804889e48c83652bed6e9dc619ab043f380b	hyperpolymath/echidna	proofs/coq/basic.v	(* ========================================================================= *) (* ECHIDNA Basic Coq Proofs *) (* Simple logical proofs demonstrating f	equiv	coq	success	133	0.5	\N	batch-direct	2026-04-05 12:46:36.737	2026-04-05 12:46:36.880	direct:coq	\N
b133c5f5-c7aa-4661-b86e-0247b5422992	12bac536322a8feb585a621767059791ea4898f8	hyperpolymath/echidna	proofs/coq/nat.v	(* ========================================================================= *) (* ECHIDNA Natural Number Proofs *) (* Proofs about natural numbers, arithme	equiv	coq	failure	552	0.5	\N	batch-direct	2026-04-05 12:46:36.960	2026-04-05 12:46:37.521	direct:coq	\N
0aa0a52d-aee8-4a07-ac17-d20e9a548f59	e01777c72b0f0893790ec665e737a79b085e8d78	hyperpolymath/echidna	proofs/coq/propositional.v	(* ========================================================================= *) (* ECHIDNA Propositional Logic Proofs *) (* Advanced propositional logic includin	equiv	coq	success	310	0.5	\N	batch-direct	2026-04-05 12:46:37.598	2026-04-05 12:46:37.918	direct:coq	\N
2ff49a70-f247-4ada-8ef3-0f8d0041bc21	5248c8c9a5c0ca3e2a0f820d0a9e07518ffe5bce	hyperpolymath/echidna	proofs/coq/algebra/GroupTheory.v	(** SPDX-License-Identifier: PMPL-1.0-or-later Copyright (c) 2026 ECHIDNA Project Group Theory Examples for ML Training Corpus *) Require Import GroupTheory.Groups. Require Import GroupTheory	equiv	coq	failure	102	0.5	\N	batch-direct	2026-04-05 12:46:37.995	2026-04-05 12:46:38.106	direct:coq	\N
d48f9f9c-6de1-4e26-b2cd-df75c17f7473	6d0770e774f183594fb6e07feefd96ec242fa6d9	hyperpolymath/echidna	proofs/coq/list.v	(* ========================================================================= *) (* ECHIDNA List Proofs *) (* Proofs about lists, append, length, m	equiv	coq	failure	681	0.5	\N	batch-direct	2026-04-05 12:46:38.191	2026-04-05 12:46:38.882	direct:coq	\N
cc904144-217d-4063-b0b2-052249a7d33e	e147dd1a5a82725e6efe11cfac86fb090cfc6129	hyperpolymath/ephapax	formal/Syntax.v	(* SPDX-License-Identifier: PMPL-1.0-or-later *) (* SPDX-FileCopyrightText: 2025-2026 Jonathan D.A. Jewell *) (** * Ephapax: A Linear Type System for Safe Memory Management Formal semantics in C	equiv	coq	success	645	0.5	\N	batch-direct	2026-04-05 12:47:00.496	2026-04-05 12:47:01.150	direct:coq	\N
18be9b40-6721-4579-abc3-d6fbc42257dd	521719f6e3f2b60d69193d360cd16842563bc124	hyperpolymath/ephapax	formal/Typing.v	(* SPDX-License-Identifier: PMPL-1.0-or-later *) (* SPDX-FileCopyrightText: 2025-2026 Jonathan D.A. Jewell *) (** * Ephapax Typing Rules (De Bruijn) Linear typing judgement: R; G |- e : T -| G\' 	equiv	coq	success	719	0.5	\N	batch-direct	2026-04-05 12:47:01.225	2026-04-05 12:47:01.954	direct:coq	\N
51d4e7f9-49fe-4ef8-96b7-e7a1010c50ba	8b457ba79a7e6f607fc4ba5bb1130d53d8b27a3a	hyperpolymath/ephapax	formal/Semantics.v	(* SPDX-License-Identifier: PMPL-1.0-or-later *) (* SPDX-FileCopyrightText: 2025-2026 Jonathan D.A. Jewell *) (** * Ephapax Operational Semantics (De Bruijn, Substitution-Based) Small-step reduc	equiv	coq	success	14217	0.5	\N	batch-direct	2026-04-05 12:47:02.030	2026-04-05 12:47:16.256	direct:coq	\N
5f48bfdb-866c-4aec-891f-b87d82de4d2a	222d804889e48c83652bed6e9dc619ab043f380b	hyperpolymath/echidna	proofs/coq/basic.v	(* ========================================================================= *) (* ECHIDNA Basic Coq Proofs *) (* Simple logical proofs demonstrating f	equiv	coq	success	129	0.5	\N	batch-direct	2026-04-05 12:53:02.710	2026-04-05 12:53:02.849	direct:coq	\N
7979bc07-5da8-4b25-87cf-71db9c800560	12bac536322a8feb585a621767059791ea4898f8	hyperpolymath/echidna	proofs/coq/nat.v	(* ========================================================================= *) (* ECHIDNA Natural Number Proofs *) (* Proofs about natural numbers, arithme	equiv	coq	failure	561	0.5	\N	batch-direct	2026-04-05 12:53:02.926	2026-04-05 12:53:03.496	direct:coq	\N
7ade6124-db1d-4c9e-9dfd-3c1f1e58dc73	e01777c72b0f0893790ec665e737a79b085e8d78	hyperpolymath/echidna	proofs/coq/propositional.v	(* ========================================================================= *) (* ECHIDNA Propositional Logic Proofs *) (* Advanced propositional logic includin	equiv	coq	success	302	0.5	\N	batch-direct	2026-04-05 12:53:03.574	2026-04-05 12:53:03.885	direct:coq	\N
3b4f7e5b-b321-4fde-b0ac-d1c4db4647fa	5248c8c9a5c0ca3e2a0f820d0a9e07518ffe5bce	hyperpolymath/echidna	proofs/coq/algebra/GroupTheory.v	(** SPDX-License-Identifier: PMPL-1.0-or-later Copyright (c) 2026 ECHIDNA Project Group Theory Examples for ML Training Corpus *) Require Import GroupTheory.Groups. Require Import GroupTheory	equiv	coq	failure	99	0.5	\N	batch-direct	2026-04-05 12:53:03.964	2026-04-05 12:53:04.072	direct:coq	\N
c0db4f1d-d206-4026-8a3c-0862a247ba79	6d0770e774f183594fb6e07feefd96ec242fa6d9	hyperpolymath/echidna	proofs/coq/list.v	(* ========================================================================= *) (* ECHIDNA List Proofs *) (* Proofs about lists, append, length, m	equiv	coq	failure	622	0.5	\N	batch-direct	2026-04-05 12:53:04.151	2026-04-05 12:53:04.782	direct:coq	\N
2c5c8119-f5a3-4060-9793-7e83fc54938b	e147dd1a5a82725e6efe11cfac86fb090cfc6129	hyperpolymath/ephapax	formal/Syntax.v	(* SPDX-License-Identifier: PMPL-1.0-or-later *) (* SPDX-FileCopyrightText: 2025-2026 Jonathan D.A. Jewell *) (** * Ephapax: A Linear Type System for Safe Memory Management Formal semantics in C	equiv	coq	success	676	0.5	\N	batch-direct	2026-04-05 12:53:31.773	2026-04-05 12:53:32.459	direct:coq	\N
22de2803-053a-4ec5-951e-7a2db47dd07a	521719f6e3f2b60d69193d360cd16842563bc124	hyperpolymath/ephapax	formal/Typing.v	(* SPDX-License-Identifier: PMPL-1.0-or-later *) (* SPDX-FileCopyrightText: 2025-2026 Jonathan D.A. Jewell *) (** * Ephapax Typing Rules (De Bruijn) Linear typing judgement: R; G |- e : T -| G\' 	equiv	coq	success	692	0.5	\N	batch-direct	2026-04-05 12:53:32.535	2026-04-05 12:53:33.236	direct:coq	\N
dc3001cf-ad0d-4757-981e-4aa9c6d4ac22	8b457ba79a7e6f607fc4ba5bb1130d53d8b27a3a	hyperpolymath/ephapax	formal/Semantics.v	(* SPDX-License-Identifier: PMPL-1.0-or-later *) (* SPDX-FileCopyrightText: 2025-2026 Jonathan D.A. Jewell *) (** * Ephapax Operational Semantics (De Bruijn, Substitution-Based) Small-step reduc	equiv	coq	success	14452	0.5	\N	batch-direct	2026-04-05 12:53:33.313	2026-04-05 12:53:47.775	direct:coq	\N
9e2ebaae-e83e-4dbb-8441-47f204a68ef7	222d804889e48c83652bed6e9dc619ab043f380b	hyperpolymath/echidna	proofs/coq/basic.v	(* ========================================================================= *) (* ECHIDNA Basic Coq Proofs *) (* Simple logical proofs demonstrating f	equiv	coq	success	144	0.5	\N	batch-direct	2026-04-05 12:59:06.496	2026-04-05 12:59:06.653	direct:coq	\N
081e57f7-1232-4586-bc2f-49d1f46b1c16	12bac536322a8feb585a621767059791ea4898f8	hyperpolymath/echidna	proofs/coq/nat.v	(* ========================================================================= *) (* ECHIDNA Natural Number Proofs *) (* Proofs about natural numbers, arithme	equiv	coq	failure	554	0.5	\N	batch-direct	2026-04-05 12:59:06.724	2026-04-05 12:59:07.287	direct:coq	\N
e2399ebe-7757-4ac9-bc8e-65837d933e85	e01777c72b0f0893790ec665e737a79b085e8d78	hyperpolymath/echidna	proofs/coq/propositional.v	(* ========================================================================= *) (* ECHIDNA Propositional Logic Proofs *) (* Advanced propositional logic includin	equiv	coq	success	320	0.5	\N	batch-direct	2026-04-05 12:59:07.355	2026-04-05 12:59:07.685	direct:coq	\N
16144fd9-2e96-4627-8153-2d43fbb17e79	5248c8c9a5c0ca3e2a0f820d0a9e07518ffe5bce	hyperpolymath/echidna	proofs/coq/algebra/GroupTheory.v	(** SPDX-License-Identifier: PMPL-1.0-or-later Copyright (c) 2026 ECHIDNA Project Group Theory Examples for ML Training Corpus *) Require Import GroupTheory.Groups. Require Import GroupTheory	equiv	coq	failure	104	0.5	\N	batch-direct	2026-04-05 12:59:07.750	2026-04-05 12:59:07.863	direct:coq	\N
def7a4a1-e7d2-4272-b8b3-045cf46f4e50	6d0770e774f183594fb6e07feefd96ec242fa6d9	hyperpolymath/echidna	proofs/coq/list.v	(* ========================================================================= *) (* ECHIDNA List Proofs *) (* Proofs about lists, append, length, m	equiv	coq	failure	623	0.5	\N	batch-direct	2026-04-05 12:59:07.928	2026-04-05 12:59:08.560	direct:coq	\N
8ea4540f-b830-4769-b4ac-d699b80feda7	e147dd1a5a82725e6efe11cfac86fb090cfc6129	hyperpolymath/ephapax	formal/Syntax.v	(* SPDX-License-Identifier: PMPL-1.0-or-later *) (* SPDX-FileCopyrightText: 2025-2026 Jonathan D.A. Jewell *) (** * Ephapax: A Linear Type System for Safe Memory Management Formal semantics in C	equiv	coq	success	646	0.5	\N	batch-direct	2026-04-05 12:59:35.607	2026-04-05 12:59:36.262	direct:coq	\N
a291d185-bc38-4175-94fc-6a9218f76ca1	521719f6e3f2b60d69193d360cd16842563bc124	hyperpolymath/ephapax	formal/Typing.v	(* SPDX-License-Identifier: PMPL-1.0-or-later *) (* SPDX-FileCopyrightText: 2025-2026 Jonathan D.A. Jewell *) (** * Ephapax Typing Rules (De Bruijn) Linear typing judgement: R; G |- e : T -| G\' 	equiv	coq	success	726	0.5	\N	batch-direct	2026-04-05 12:59:36.329	2026-04-05 12:59:37.064	direct:coq	\N
e9fc9332-a703-4569-9c04-62710c0de431	8b457ba79a7e6f607fc4ba5bb1130d53d8b27a3a	hyperpolymath/ephapax	formal/Semantics.v	(* SPDX-License-Identifier: PMPL-1.0-or-later *) (* SPDX-FileCopyrightText: 2025-2026 Jonathan D.A. Jewell *) (** * Ephapax Operational Semantics (De Bruijn, Substitution-Based) Small-step reduc	equiv	coq	success	14291	0.5	\N	batch-direct	2026-04-05 12:59:37.133	2026-04-05 12:59:51.435	direct:coq	\N
7e7bb389-cc24-4c97-9d4d-ce9bacbd4ade	222d804889e48c83652bed6e9dc619ab043f380b	hyperpolymath/echidna	proofs/coq/basic.v	(* ========================================================================= *) (* ECHIDNA Basic Coq Proofs *) (* Simple logical proofs demonstrating f	equiv	coq	success	137	0.5	\N	batch-direct	2026-04-05 13:00:04.179	2026-04-05 13:00:04.326	direct:coq	\N
58f42ed8-a925-4d80-b7a4-6958a6a683dc	12bac536322a8feb585a621767059791ea4898f8	hyperpolymath/echidna	proofs/coq/nat.v	(* ========================================================================= *) (* ECHIDNA Natural Number Proofs *) (* Proofs about natural numbers, arithme	equiv	coq	failure	578	0.5	\N	batch-direct	2026-04-05 13:00:04.394	2026-04-05 13:00:04.982	direct:coq	\N
ab04c03b-4225-40a0-989b-a2b2ffe49585	e01777c72b0f0893790ec665e737a79b085e8d78	hyperpolymath/echidna	proofs/coq/propositional.v	(* ========================================================================= *) (* ECHIDNA Propositional Logic Proofs *) (* Advanced propositional logic includin	equiv	coq	success	305	0.5	\N	batch-direct	2026-04-05 13:00:05.052	2026-04-05 13:00:05.367	direct:coq	\N
9eedbab0-bdea-4fe5-98c3-b662473d7bfd	5248c8c9a5c0ca3e2a0f820d0a9e07518ffe5bce	hyperpolymath/echidna	proofs/coq/algebra/GroupTheory.v	(** SPDX-License-Identifier: PMPL-1.0-or-later Copyright (c) 2026 ECHIDNA Project Group Theory Examples for ML Training Corpus *) Require Import GroupTheory.Groups. Require Import GroupTheory	equiv	coq	failure	97	0.5	\N	batch-direct	2026-04-05 13:00:05.438	2026-04-05 13:00:05.546	direct:coq	\N
b5ef0f42-015d-4b7d-b691-5743ffddc388	6d0770e774f183594fb6e07feefd96ec242fa6d9	hyperpolymath/echidna	proofs/coq/list.v	(* ========================================================================= *) (* ECHIDNA List Proofs *) (* Proofs about lists, append, length, m	equiv	coq	failure	626	0.5	\N	batch-direct	2026-04-05 13:00:05.611	2026-04-05 13:00:06.247	direct:coq	\N
af43467b-b726-4657-a583-ee4a167a6b84	e147dd1a5a82725e6efe11cfac86fb090cfc6129	hyperpolymath/ephapax	formal/Syntax.v	(* SPDX-License-Identifier: PMPL-1.0-or-later *) (* SPDX-FileCopyrightText: 2025-2026 Jonathan D.A. Jewell *) (** * Ephapax: A Linear Type System for Safe Memory Management Formal semantics in C	equiv	coq	success	643	0.5	\N	batch-direct	2026-04-05 13:00:32.890	2026-04-05 13:00:33.543	direct:coq	\N
0243c4ea-e006-415b-86a2-976ef1ad8137	521719f6e3f2b60d69193d360cd16842563bc124	hyperpolymath/ephapax	formal/Typing.v	(* SPDX-License-Identifier: PMPL-1.0-or-later *) (* SPDX-FileCopyrightText: 2025-2026 Jonathan D.A. Jewell *) (** * Ephapax Typing Rules (De Bruijn) Linear typing judgement: R; G |- e : T -| G\' 	equiv	coq	success	720	0.5	\N	batch-direct	2026-04-05 13:00:33.609	2026-04-05 13:00:34.338	direct:coq	\N
6a031ede-1976-48d9-a897-b0835f44c26e	8b457ba79a7e6f607fc4ba5bb1130d53d8b27a3a	hyperpolymath/ephapax	formal/Semantics.v	(* SPDX-License-Identifier: PMPL-1.0-or-later *) (* SPDX-FileCopyrightText: 2025-2026 Jonathan D.A. Jewell *) (** * Ephapax Operational Semantics (De Bruijn, Substitution-Based) Small-step reduc	equiv	coq	success	14477	0.5	\N	batch-direct	2026-04-05 13:00:34.404	2026-04-05 13:00:48.891	direct:coq	\N
3e647271-74ce-497a-92c3-e7b0a92c824b	222d804889e48c83652bed6e9dc619ab043f380b	hyperpolymath/echidna	proofs/coq/basic.v	(* ========================================================================= *) (* ECHIDNA Basic Coq Proofs *) (* Simple logical proofs demonstrating f	equiv	coq	success	136	0.5	\N	batch-direct	2026-04-05 13:01:36.931	2026-04-05 13:01:37.076	direct:coq	\N
b8f61911-b5ca-4a69-857f-4672dea313a4	12bac536322a8feb585a621767059791ea4898f8	hyperpolymath/echidna	proofs/coq/nat.v	(* ========================================================================= *) (* ECHIDNA Natural Number Proofs *) (* Proofs about natural numbers, arithme	equiv	coq	failure	556	0.5	\N	batch-direct	2026-04-05 13:01:37.137	2026-04-05 13:01:37.702	direct:coq	\N
bd84ee1a-7bea-41fb-8d3e-de4a660a61fd	e01777c72b0f0893790ec665e737a79b085e8d78	hyperpolymath/echidna	proofs/coq/propositional.v	(* ========================================================================= *) (* ECHIDNA Propositional Logic Proofs *) (* Advanced propositional logic includin	equiv	coq	success	316	0.5	\N	batch-direct	2026-04-05 13:01:37.763	2026-04-05 13:01:38.088	direct:coq	\N
712b78db-670c-4525-8ffc-914b4e89f759	5248c8c9a5c0ca3e2a0f820d0a9e07518ffe5bce	hyperpolymath/echidna	proofs/coq/algebra/GroupTheory.v	(** SPDX-License-Identifier: PMPL-1.0-or-later Copyright (c) 2026 ECHIDNA Project Group Theory Examples for ML Training Corpus *) Require Import GroupTheory.Groups. Require Import GroupTheory	equiv	coq	failure	100	0.5	\N	batch-direct	2026-04-05 13:01:38.150	2026-04-05 13:01:38.259	direct:coq	\N
37c7516d-eef1-421c-a76a-55b68872b0fc	6d0770e774f183594fb6e07feefd96ec242fa6d9	hyperpolymath/echidna	proofs/coq/list.v	(* ========================================================================= *) (* ECHIDNA List Proofs *) (* Proofs about lists, append, length, m	equiv	coq	failure	661	0.5	\N	batch-direct	2026-04-05 13:01:38.320	2026-04-05 13:01:38.990	direct:coq	\N
f7bb39ef-19a4-42d5-9685-57b0c1b31f20	e147dd1a5a82725e6efe11cfac86fb090cfc6129	hyperpolymath/ephapax	formal/Syntax.v	(* SPDX-License-Identifier: PMPL-1.0-or-later *) (* SPDX-FileCopyrightText: 2025-2026 Jonathan D.A. Jewell *) (** * Ephapax: A Linear Type System for Safe Memory Management Formal semantics in C	equiv	coq	success	667	0.5	\N	batch-direct	2026-04-05 13:02:05.973	2026-04-05 13:02:06.652	direct:coq	\N
03acb701-c74e-4f26-91f8-f28668916824	521719f6e3f2b60d69193d360cd16842563bc124	hyperpolymath/ephapax	formal/Typing.v	(* SPDX-License-Identifier: PMPL-1.0-or-later *) (* SPDX-FileCopyrightText: 2025-2026 Jonathan D.A. Jewell *) (** * Ephapax Typing Rules (De Bruijn) Linear typing judgement: R; G |- e : T -| G\' 	equiv	coq	success	702	0.5	\N	batch-direct	2026-04-05 13:02:06.717	2026-04-05 13:02:07.428	direct:coq	\N
95ee5574-99fd-4999-b358-9f6a7e6ce933	8b457ba79a7e6f607fc4ba5bb1130d53d8b27a3a	hyperpolymath/ephapax	formal/Semantics.v	(* SPDX-License-Identifier: PMPL-1.0-or-later *) (* SPDX-FileCopyrightText: 2025-2026 Jonathan D.A. Jewell *) (** * Ephapax Operational Semantics (De Bruijn, Substitution-Based) Small-step reduc	equiv	coq	success	14384	0.5	\N	batch-direct	2026-04-05 13:02:07.490	2026-04-05 13:02:21.884	direct:coq	\N
41f17411-c42f-410e-ae33-45390b48a253	222d804889e48c83652bed6e9dc619ab043f380b	hyperpolymath/echidna	proofs/coq/basic.v	(* ========================================================================= *) (* ECHIDNA Basic Coq Proofs *) (* Simple logical proofs demonstrating f	equiv	coq	success	132	0.5	\N	batch-direct	2026-04-05 13:02:34.278	2026-04-05 13:02:34.419	direct:coq	\N
5fb9f92b-570b-461c-ae0a-b9562f25816f	12bac536322a8feb585a621767059791ea4898f8	hyperpolymath/echidna	proofs/coq/nat.v	(* ========================================================================= *) (* ECHIDNA Natural Number Proofs *) (* Proofs about natural numbers, arithme	equiv	coq	failure	585	0.5	\N	batch-direct	2026-04-05 13:02:34.483	2026-04-05 13:02:35.079	direct:coq	\N
ac2b82a8-6691-4b8f-b79a-8f1cd9732d09	e01777c72b0f0893790ec665e737a79b085e8d78	hyperpolymath/echidna	proofs/coq/propositional.v	(* ========================================================================= *) (* ECHIDNA Propositional Logic Proofs *) (* Advanced propositional logic includin	equiv	coq	success	311	0.5	\N	batch-direct	2026-04-05 13:02:35.144	2026-04-05 13:02:35.465	direct:coq	\N
d103ddf4-ac4f-4da9-bd2f-d85e61a60643	5248c8c9a5c0ca3e2a0f820d0a9e07518ffe5bce	hyperpolymath/echidna	proofs/coq/algebra/GroupTheory.v	(** SPDX-License-Identifier: PMPL-1.0-or-later Copyright (c) 2026 ECHIDNA Project Group Theory Examples for ML Training Corpus *) Require Import GroupTheory.Groups. Require Import GroupTheory	equiv	coq	failure	100	0.5	\N	batch-direct	2026-04-05 13:02:35.528	2026-04-05 13:02:35.637	direct:coq	\N
ab6c07e6-eae5-41eb-9975-ca8adfde553c	6d0770e774f183594fb6e07feefd96ec242fa6d9	hyperpolymath/echidna	proofs/coq/list.v	(* ========================================================================= *) (* ECHIDNA List Proofs *) (* Proofs about lists, append, length, m	equiv	coq	failure	658	0.5	\N	batch-direct	2026-04-05 13:02:35.701	2026-04-05 13:02:36.369	direct:coq	\N
83faa59d-d057-4a02-bbf7-19510b632927	e147dd1a5a82725e6efe11cfac86fb090cfc6129	hyperpolymath/ephapax	formal/Syntax.v	(* SPDX-License-Identifier: PMPL-1.0-or-later *) (* SPDX-FileCopyrightText: 2025-2026 Jonathan D.A. Jewell *) (** * Ephapax: A Linear Type System for Safe Memory Management Formal semantics in C	equiv	coq	success	681	0.5	\N	batch-direct	2026-04-05 13:03:02.972	2026-04-05 13:03:03.662	direct:coq	\N
58667ca3-41cc-403b-9773-69ef2e96cebe	521719f6e3f2b60d69193d360cd16842563bc124	hyperpolymath/ephapax	formal/Typing.v	(* SPDX-License-Identifier: PMPL-1.0-or-later *) (* SPDX-FileCopyrightText: 2025-2026 Jonathan D.A. Jewell *) (** * Ephapax Typing Rules (De Bruijn) Linear typing judgement: R; G |- e : T -| G\' 	equiv	coq	success	716	0.5	\N	batch-direct	2026-04-05 13:03:03.724	2026-04-05 13:03:04.449	direct:coq	\N
ff63dd99-f906-4b26-b344-c0952a6d11d4	8b457ba79a7e6f607fc4ba5bb1130d53d8b27a3a	hyperpolymath/ephapax	formal/Semantics.v	(* SPDX-License-Identifier: PMPL-1.0-or-later *) (* SPDX-FileCopyrightText: 2025-2026 Jonathan D.A. Jewell *) (** * Ephapax Operational Semantics (De Bruijn, Substitution-Based) Small-step reduc	equiv	coq	success	14329	0.5	\N	batch-direct	2026-04-05 13:03:04.513	2026-04-05 13:03:18.852	direct:coq	\N
7e429e90-f578-4f04-80fb-d70b92f8d017	222d804889e48c83652bed6e9dc619ab043f380b	hyperpolymath/echidna	proofs/coq/basic.v	(* ========================================================================= *) (* ECHIDNA Basic Coq Proofs *) (* Simple logical proofs demonstrating f	equiv	coq	success	131	0.5	\N	batch-direct	2026-04-05 13:03:31.333	2026-04-05 13:03:31.473	direct:coq	\N
bd309c7a-17a2-42d2-b568-1d9dfb56e7e9	12bac536322a8feb585a621767059791ea4898f8	hyperpolymath/echidna	proofs/coq/nat.v	(* ========================================================================= *) (* ECHIDNA Natural Number Proofs *) (* Proofs about natural numbers, arithme	equiv	coq	failure	564	0.5	\N	batch-direct	2026-04-05 13:03:31.536	2026-04-05 13:03:32.110	direct:coq	\N
f17df314-fc36-4707-8e7d-04086b50f7e4	e01777c72b0f0893790ec665e737a79b085e8d78	hyperpolymath/echidna	proofs/coq/propositional.v	(* ========================================================================= *) (* ECHIDNA Propositional Logic Proofs *) (* Advanced propositional logic includin	equiv	coq	success	328	0.5	\N	batch-direct	2026-04-05 13:03:32.174	2026-04-05 13:03:32.512	direct:coq	\N
37748308-d81f-4e33-b4f2-d8c4fcaaf4fd	5248c8c9a5c0ca3e2a0f820d0a9e07518ffe5bce	hyperpolymath/echidna	proofs/coq/algebra/GroupTheory.v	(** SPDX-License-Identifier: PMPL-1.0-or-later Copyright (c) 2026 ECHIDNA Project Group Theory Examples for ML Training Corpus *) Require Import GroupTheory.Groups. Require Import GroupTheory	equiv	coq	failure	112	0.5	\N	batch-direct	2026-04-05 13:03:32.581	2026-04-05 13:03:32.704	direct:coq	\N
79120948-b111-480a-9f70-635cf9adf250	6d0770e774f183594fb6e07feefd96ec242fa6d9	hyperpolymath/echidna	proofs/coq/list.v	(* ========================================================================= *) (* ECHIDNA List Proofs *) (* Proofs about lists, append, length, m	equiv	coq	failure	625	0.5	\N	batch-direct	2026-04-05 13:03:32.776	2026-04-05 13:03:33.410	direct:coq	\N
b0820910-f59b-40ce-912e-c6c7f2028aca	e147dd1a5a82725e6efe11cfac86fb090cfc6129	hyperpolymath/ephapax	formal/Syntax.v	(* SPDX-License-Identifier: PMPL-1.0-or-later *) (* SPDX-FileCopyrightText: 2025-2026 Jonathan D.A. Jewell *) (** * Ephapax: A Linear Type System for Safe Memory Management Formal semantics in C	equiv	coq	success	660	0.5	\N	batch-direct	2026-04-05 13:04:00.147	2026-04-05 13:04:00.818	direct:coq	\N
5524285c-daf5-4877-b076-356f9e0f9829	521719f6e3f2b60d69193d360cd16842563bc124	hyperpolymath/ephapax	formal/Typing.v	(* SPDX-License-Identifier: PMPL-1.0-or-later *) (* SPDX-FileCopyrightText: 2025-2026 Jonathan D.A. Jewell *) (** * Ephapax Typing Rules (De Bruijn) Linear typing judgement: R; G |- e : T -| G\' 	equiv	coq	success	712	0.5	\N	batch-direct	2026-04-05 13:04:00.893	2026-04-05 13:04:01.615	direct:coq	\N
15d10083-c0d9-4046-84c0-31a685584135	8b457ba79a7e6f607fc4ba5bb1130d53d8b27a3a	hyperpolymath/ephapax	formal/Semantics.v	(* SPDX-License-Identifier: PMPL-1.0-or-later *) (* SPDX-FileCopyrightText: 2025-2026 Jonathan D.A. Jewell *) (** * Ephapax Operational Semantics (De Bruijn, Substitution-Based) Small-step reduc	equiv	coq	success	14413	0.5	\N	batch-direct	2026-04-05 13:04:01.679	2026-04-05 13:04:16.103	direct:coq	\N
efdb401b-1429-4405-8afb-d9b1eee2cacf	222d804889e48c83652bed6e9dc619ab043f380b	hyperpolymath/echidna	proofs/coq/basic.v	(* ========================================================================= *) (* ECHIDNA Basic Coq Proofs *) (* Simple logical proofs demonstrating f	equiv	coq	success	203	0.5	\N	batch-direct	2026-04-05 14:53:05.855	2026-04-05 14:53:06.068	direct:coq	\N
2af50eba-e5f8-4460-b0d9-1b02ab512ebf	12bac536322a8feb585a621767059791ea4898f8	hyperpolymath/echidna	proofs/coq/nat.v	(* ========================================================================= *) (* ECHIDNA Natural Number Proofs *) (* Proofs about natural numbers, arithme	equiv	coq	failure	670	0.5	\N	batch-direct	2026-04-05 14:53:06.138	2026-04-05 14:53:06.822	direct:coq	\N
209fdf48-be7c-4bff-b9f4-30b9fdd85fde	e01777c72b0f0893790ec665e737a79b085e8d78	hyperpolymath/echidna	proofs/coq/propositional.v	(* ========================================================================= *) (* ECHIDNA Propositional Logic Proofs *) (* Advanced propositional logic includin	equiv	coq	success	363	0.5	\N	batch-direct	2026-04-05 14:53:06.905	2026-04-05 14:53:07.279	direct:coq	\N
e1ea0339-b7fa-4a0c-a0c8-5d9e167d97a8	5248c8c9a5c0ca3e2a0f820d0a9e07518ffe5bce	hyperpolymath/echidna	proofs/coq/algebra/GroupTheory.v	(** SPDX-License-Identifier: PMPL-1.0-or-later Copyright (c) 2026 ECHIDNA Project Group Theory Examples for ML Training Corpus *) Require Import GroupTheory.Groups. Require Import GroupTheory	equiv	coq	failure	112	0.5	\N	batch-direct	2026-04-05 14:53:07.354	2026-04-05 14:53:07.481	direct:coq	\N
9779b8c7-cf94-4b7d-8ad1-2b33469df321	6d0770e774f183594fb6e07feefd96ec242fa6d9	hyperpolymath/echidna	proofs/coq/list.v	(* ========================================================================= *) (* ECHIDNA List Proofs *) (* Proofs about lists, append, length, m	equiv	coq	failure	661	0.5	\N	batch-direct	2026-04-05 14:53:07.562	2026-04-05 14:53:08.233	direct:coq	\N
2d323fc1-deef-484f-b60a-d59beaf739bf	e147dd1a5a82725e6efe11cfac86fb090cfc6129	hyperpolymath/ephapax	formal/Syntax.v	(* SPDX-License-Identifier: PMPL-1.0-or-later *) (* SPDX-FileCopyrightText: 2025-2026 Jonathan D.A. Jewell *) (** * Ephapax: A Linear Type System for Safe Memory Management Formal semantics in C	equiv	coq	success	893	0.5	\N	batch-direct	2026-04-05 14:53:40.528	2026-04-05 14:53:41.431	direct:coq	\N
bd722433-61c0-461b-9c0d-0b27e7eee619	521719f6e3f2b60d69193d360cd16842563bc124	hyperpolymath/ephapax	formal/Typing.v	(* SPDX-License-Identifier: PMPL-1.0-or-later *) (* SPDX-FileCopyrightText: 2025-2026 Jonathan D.A. Jewell *) (** * Ephapax Typing Rules (De Bruijn) Linear typing judgement: R; G |- e : T -| G\' 	equiv	coq	success	1086	0.5	\N	batch-direct	2026-04-05 14:53:41.516	2026-04-05 14:53:42.612	direct:coq	\N
5068d6d8-82c7-4da3-8799-5d686017b245	8b457ba79a7e6f607fc4ba5bb1130d53d8b27a3a	hyperpolymath/ephapax	formal/Semantics.v	(* SPDX-License-Identifier: PMPL-1.0-or-later *) (* SPDX-FileCopyrightText: 2025-2026 Jonathan D.A. Jewell *) (** * Ephapax Operational Semantics (De Bruijn, Substitution-Based) Small-step reduc	equiv	coq	success	15799	0.5	\N	batch-direct	2026-04-05 14:53:42.688	2026-04-05 14:53:58.496	direct:coq	\N
aaa2101c-73e4-448e-90c0-534639db9d46	222d804889e48c83652bed6e9dc619ab043f380b	hyperpolymath/echidna	proofs/coq/basic.v	(* ========================================================================= *) (* ECHIDNA Basic Coq Proofs *) (* Simple logical proofs demonstrating f	equiv	coq	success	157	0.5	\N	batch-direct	2026-04-05 15:04:26.110	2026-04-05 15:04:26.280	direct:coq	\N
a3f724cf-f9fd-43eb-817d-38933d042583	12bac536322a8feb585a621767059791ea4898f8	hyperpolymath/echidna	proofs/coq/nat.v	(* ========================================================================= *) (* ECHIDNA Natural Number Proofs *) (* Proofs about natural numbers, arithme	equiv	coq	failure	687	0.5	\N	batch-direct	2026-04-05 15:04:26.372	2026-04-05 15:04:27.073	direct:coq	\N
fbb403a3-fe95-4948-a010-a43e4fa8e266	e01777c72b0f0893790ec665e737a79b085e8d78	hyperpolymath/echidna	proofs/coq/propositional.v	(* ========================================================================= *) (* ECHIDNA Propositional Logic Proofs *) (* Advanced propositional logic includin	equiv	coq	success	346	0.5	\N	batch-direct	2026-04-05 15:04:27.170	2026-04-05 15:04:27.526	direct:coq	\N
bd4698fc-7974-46dc-adc2-0f0fc80c90cf	5248c8c9a5c0ca3e2a0f820d0a9e07518ffe5bce	hyperpolymath/echidna	proofs/coq/algebra/GroupTheory.v	(** SPDX-License-Identifier: PMPL-1.0-or-later Copyright (c) 2026 ECHIDNA Project Group Theory Examples for ML Training Corpus *) Require Import GroupTheory.Groups. Require Import GroupTheory	equiv	coq	failure	119	0.5	\N	batch-direct	2026-04-05 15:04:27.604	2026-04-05 15:04:27.734	direct:coq	\N
8cdaf793-200a-4076-bc29-129836ec330c	6d0770e774f183594fb6e07feefd96ec242fa6d9	hyperpolymath/echidna	proofs/coq/list.v	(* ========================================================================= *) (* ECHIDNA List Proofs *) (* Proofs about lists, append, length, m	equiv	coq	failure	654	0.5	\N	batch-direct	2026-04-05 15:04:27.817	2026-04-05 15:04:28.480	direct:coq	\N
76805918-13f1-4023-8893-79ce932a6da9	e147dd1a5a82725e6efe11cfac86fb090cfc6129	hyperpolymath/ephapax	formal/Syntax.v	(* SPDX-License-Identifier: PMPL-1.0-or-later *) (* SPDX-FileCopyrightText: 2025-2026 Jonathan D.A. Jewell *) (** * Ephapax: A Linear Type System for Safe Memory Management Formal semantics in C	equiv	coq	success	2141	0.5	\N	batch-direct	2026-04-05 15:05:29.989	2026-04-05 15:05:32.161	direct:coq	\N
f8e928e8-be6e-4465-8756-5d984ad4938d	521719f6e3f2b60d69193d360cd16842563bc124	hyperpolymath/ephapax	formal/Typing.v	(* SPDX-License-Identifier: PMPL-1.0-or-later *) (* SPDX-FileCopyrightText: 2025-2026 Jonathan D.A. Jewell *) (** * Ephapax Typing Rules (De Bruijn) Linear typing judgement: R; G |- e : T -| G\' 	equiv	coq	success	1993	0.5	\N	batch-direct	2026-04-05 15:05:32.375	2026-04-05 15:05:34.423	direct:coq	\N
deccd533-43e1-4242-971b-c01fdfb40e43	8b457ba79a7e6f607fc4ba5bb1130d53d8b27a3a	hyperpolymath/ephapax	formal/Semantics.v	(* SPDX-License-Identifier: PMPL-1.0-or-later *) (* SPDX-FileCopyrightText: 2025-2026 Jonathan D.A. Jewell *) (** * Ephapax Operational Semantics (De Bruijn, Substitution-Based) Small-step reduc	equiv	coq	success	37187	0.5	\N	batch-direct	2026-04-05 15:05:34.602	2026-04-05 15:06:11.863	direct:coq	\N
a98215de-29e3-46a1-b351-75a5ed39f1fb	54efd5555be76ebee5317f8d83af0be280095fa1	hyperpolymath/echidna	proofs/lean/Basic.lean	/- SPDX-FileCopyrightText: 2025 ECHIDNA Project Team SPDX-License-Identifier: MIT Basic Lean 4 Proofs - Foundation Level This file demonstrates fundamental proof patterns in Lean 4: - Identity proof	equiv	lean	success	1065	0.5	\N	batch-direct	2026-04-05 10:01:42.784	2026-04-05 10:01:43.859	direct:lean	\N
439fad0a-d1c8-436c-bcc1-250b00c4cc57	9e784c07035e43e7f55da2ab7ea43ca8de040f7c	hyperpolymath/echidna	proofs/lean/List.lean	/- SPDX-FileCopyrightText: 2025 ECHIDNA Project Team SPDX-License-Identifier: MIT List Proofs in Lean 4 This file demonstrates proofs about lists: - Append properties - Length theorems - Map and fol	equiv	lean	failure	1043	0.5	\N	batch-direct	2026-04-05 10:01:43.971	2026-04-05 10:01:45.026	direct:lean	\N
26fcdb61-25f8-4b5d-bd46-ecdfe39fdfab	330a00c86b83128561ee25512ead3a60c83cef2c	hyperpolymath/echidna	proofs/lean/Propositional.lean	/- SPDX-FileCopyrightText: 2025 ECHIDNA Project Team SPDX-License-Identifier: MIT Propositional Logic Proofs in Lean 4 This file demonstrates propositional logic theorems: - De Morgan\'s laws - Doubl	equiv	lean	failure	900	0.5	\N	batch-direct	2026-04-05 10:01:45.150	2026-04-05 10:01:46.062	direct:lean	\N
1833fe42-ce2d-4dfa-835b-d1637cdc2ef9	4ed7b7f2c577e411c45f1e4863e6a85a36b1ef34	hyperpolymath/echidna	proofs/lean/lakefile.lean	import Lake open Lake DSL package echidna_proofs where -- add package configuration options here @[default_target] lean_lib ECHIDNA where -- add library configuration options here roots := #[`	equiv	lean	failure	1345	0.5	\N	batch-direct	2026-04-05 10:01:46.176	2026-04-05 10:01:47.534	direct:lean	\N
f1984f38-c4cf-4fb5-b773-c1401be4ce64	cbf94318bc983531757a91b2034bef1b97bb5608	hyperpolymath/echidna	proofs/lean/Nat.lean	/- SPDX-FileCopyrightText: 2025 Jonathan D.A. Jewell <j.d.a.jewell@open.ac.uk> SPDX-License-Identifier: PMPL-1.0-or-later Natural Number Proofs in Lean 4 This file demonstrates proofs about natural 	equiv	lean	failure	1092	0.5	\N	batch-direct	2026-04-05 10:01:47.650	2026-04-05 10:01:48.756	direct:lean	\N
041b6a91-1794-4a3b-bf71-fb0f0fa79517	43d55ab7ae27b2357fb40c4f0796d6da3c232262	hyperpolymath/echidna	proofs/lean/algebra/GroupTheory.lean	-- SPDX-License-Identifier: PMPL-1.0-or-later -- Copyright (c) 2026 ECHIDNA Project -- Group Theory Examples for ML Training Corpus import Mathlib.Algebra.Group.Defs import Mathlib.Tactic -- Basic g	equiv	lean	failure	678	0.5	\N	batch-direct	2026-04-05 10:01:48.874	2026-04-05 10:01:49.563	direct:lean	\N
7d041607-1ad5-4f73-9095-3e9c52907235	6008debedcca85b6aeb2d868feaeb8add3f049ac	hyperpolymath/echidna	proofs/lean/mvp_basic.lean	-- Minimal Lean example for ECHIDNA MVP axiom A : Prop 	equiv	lean	success	854	0.5	\N	batch-direct	2026-04-05 10:01:49.686	2026-04-05 10:01:50.551	direct:lean	\N
bf97ff49-7647-4274-a26a-c434ff9e71ac	54efd5555be76ebee5317f8d83af0be280095fa1	hyperpolymath/echidna	proofs/lean/Basic.lean	/- SPDX-FileCopyrightText: 2025 ECHIDNA Project Team SPDX-License-Identifier: MIT Basic Lean 4 Proofs - Foundation Level This file demonstrates fundamental proof patterns in Lean 4: - Identity proof	equiv	lean	success	1036	0.5	\N	batch-direct	2026-04-05 10:19:03.317	2026-04-05 10:19:04.363	direct:lean	\N
20b915fb-f0e4-4347-b3e9-2c6c5eca1889	9e784c07035e43e7f55da2ab7ea43ca8de040f7c	hyperpolymath/echidna	proofs/lean/List.lean	/- SPDX-FileCopyrightText: 2025 ECHIDNA Project Team SPDX-License-Identifier: MIT List Proofs in Lean 4 This file demonstrates proofs about lists: - Append properties - Length theorems - Map and fol	equiv	lean	failure	999	0.5	\N	batch-direct	2026-04-05 10:19:04.474	2026-04-05 10:19:05.483	direct:lean	\N
edbc116f-06ad-4220-bf4f-35fef97e3800	330a00c86b83128561ee25512ead3a60c83cef2c	hyperpolymath/echidna	proofs/lean/Propositional.lean	/- SPDX-FileCopyrightText: 2025 ECHIDNA Project Team SPDX-License-Identifier: MIT Propositional Logic Proofs in Lean 4 This file demonstrates propositional logic theorems: - De Morgan\'s laws - Doubl	equiv	lean	failure	970	0.5	\N	batch-direct	2026-04-05 10:19:05.595	2026-04-05 10:19:06.576	direct:lean	\N
81ff37a7-5d9c-4650-88ea-b9319357e938	4ed7b7f2c577e411c45f1e4863e6a85a36b1ef34	hyperpolymath/echidna	proofs/lean/lakefile.lean	import Lake open Lake DSL package echidna_proofs where -- add package configuration options here @[default_target] lean_lib ECHIDNA where -- add library configuration options here roots := #[`	equiv	lean	failure	1823	0.5	\N	batch-direct	2026-04-05 10:19:06.691	2026-04-05 10:19:08.536	direct:lean	\N
73a18c6e-7fc6-428b-989d-c55110963d61	cbf94318bc983531757a91b2034bef1b97bb5608	hyperpolymath/echidna	proofs/lean/Nat.lean	/- SPDX-FileCopyrightText: 2025 Jonathan D.A. Jewell <j.d.a.jewell@open.ac.uk> SPDX-License-Identifier: PMPL-1.0-or-later Natural Number Proofs in Lean 4 This file demonstrates proofs about natural 	equiv	lean	failure	962	0.5	\N	batch-direct	2026-04-05 10:19:08.699	2026-04-05 10:19:09.675	direct:lean	\N
d44ad7a1-e66c-46ea-ab64-7677eb007a10	43d55ab7ae27b2357fb40c4f0796d6da3c232262	hyperpolymath/echidna	proofs/lean/algebra/GroupTheory.lean	-- SPDX-License-Identifier: PMPL-1.0-or-later -- Copyright (c) 2026 ECHIDNA Project -- Group Theory Examples for ML Training Corpus import Mathlib.Algebra.Group.Defs import Mathlib.Tactic -- Basic g	equiv	lean	failure	701	0.5	\N	batch-direct	2026-04-05 10:19:09.789	2026-04-05 10:19:10.500	direct:lean	\N
022a8232-5a34-4de8-9321-36f46895de43	6008debedcca85b6aeb2d868feaeb8add3f049ac	hyperpolymath/echidna	proofs/lean/mvp_basic.lean	-- Minimal Lean example for ECHIDNA MVP axiom A : Prop 	equiv	lean	success	786	0.5	\N	batch-direct	2026-04-05 10:19:10.607	2026-04-05 10:19:11.404	direct:lean	\N
89139776-cbc0-4a37-bcfc-8c28fdb80a7a	54efd5555be76ebee5317f8d83af0be280095fa1	hyperpolymath/echidna	proofs/lean/Basic.lean	/- SPDX-FileCopyrightText: 2025 ECHIDNA Project Team SPDX-License-Identifier: MIT Basic Lean 4 Proofs - Foundation Level This file demonstrates fundamental proof patterns in Lean 4: - Identity proof	equiv	lean	success	936	0.5	\N	batch-direct	2026-04-05 10:37:24.915	2026-04-05 10:37:25.862	direct:lean	\N
375f8788-f57b-4b8c-86cf-6631ccce5929	9e784c07035e43e7f55da2ab7ea43ca8de040f7c	hyperpolymath/echidna	proofs/lean/List.lean	/- SPDX-FileCopyrightText: 2025 ECHIDNA Project Team SPDX-License-Identifier: MIT List Proofs in Lean 4 This file demonstrates proofs about lists: - Append properties - Length theorems - Map and fol	equiv	lean	failure	1215	0.5	\N	batch-direct	2026-04-05 10:37:25.979	2026-04-05 10:37:27.205	direct:lean	\N
8a9d9e27-35c4-434f-af0b-563b2d0f12cf	330a00c86b83128561ee25512ead3a60c83cef2c	hyperpolymath/echidna	proofs/lean/Propositional.lean	/- SPDX-FileCopyrightText: 2025 ECHIDNA Project Team SPDX-License-Identifier: MIT Propositional Logic Proofs in Lean 4 This file demonstrates propositional logic theorems: - De Morgan\'s laws - Doubl	equiv	lean	failure	967	0.5	\N	batch-direct	2026-04-05 10:37:27.317	2026-04-05 10:37:28.294	direct:lean	\N
0983824b-98d2-45ce-b088-3748d65a7da8	4ed7b7f2c577e411c45f1e4863e6a85a36b1ef34	hyperpolymath/echidna	proofs/lean/lakefile.lean	import Lake open Lake DSL package echidna_proofs where -- add package configuration options here @[default_target] lean_lib ECHIDNA where -- add library configuration options here roots := #[`	equiv	lean	failure	1313	0.5	\N	batch-direct	2026-04-05 10:37:28.416	2026-04-05 10:37:29.740	direct:lean	\N
a60c975b-e468-4d5c-86e6-38d9166e1ab5	cbf94318bc983531757a91b2034bef1b97bb5608	hyperpolymath/echidna	proofs/lean/Nat.lean	/- SPDX-FileCopyrightText: 2025 Jonathan D.A. Jewell <j.d.a.jewell@open.ac.uk> SPDX-License-Identifier: PMPL-1.0-or-later Natural Number Proofs in Lean 4 This file demonstrates proofs about natural 	equiv	lean	failure	1096	0.5	\N	batch-direct	2026-04-05 10:37:29.863	2026-04-05 10:37:30.968	direct:lean	\N
be9376ac-a8ce-4211-a741-86c7ffed8751	54efd5555be76ebee5317f8d83af0be280095fa1	hyperpolymath/echidna	proofs/lean/Basic.lean	/- SPDX-FileCopyrightText: 2025 ECHIDNA Project Team SPDX-License-Identifier: MIT Basic Lean 4 Proofs - Foundation Level This file demonstrates fundamental proof patterns in Lean 4: - Identity proof	equiv	lean	success	13158	0.5	\N	batch-direct	2026-04-05 10:40:36.512	2026-04-05 10:40:49.680	direct:lean	\N
223931e3-d9ba-4b3c-b2f5-8c6e8ab27c30	9e784c07035e43e7f55da2ab7ea43ca8de040f7c	hyperpolymath/echidna	proofs/lean/List.lean	/- SPDX-FileCopyrightText: 2025 ECHIDNA Project Team SPDX-License-Identifier: MIT List Proofs in Lean 4 This file demonstrates proofs about lists: - Append properties - Length theorems - Map and fol	equiv	lean	failure	38069	0.5	\N	batch-direct	2026-04-05 10:40:49.822	2026-04-05 10:41:27.901	direct:lean	\N
3b5b52b4-f0d1-40fd-93b3-0ce60f9ac2df	330a00c86b83128561ee25512ead3a60c83cef2c	hyperpolymath/echidna	proofs/lean/Propositional.lean	/- SPDX-FileCopyrightText: 2025 ECHIDNA Project Team SPDX-License-Identifier: MIT Propositional Logic Proofs in Lean 4 This file demonstrates propositional logic theorems: - De Morgan\'s laws - Doubl	equiv	lean	failure	3017	0.5	\N	batch-direct	2026-04-05 10:41:28.017	2026-04-05 10:41:31.045	direct:lean	\N
ec79f691-9e95-4264-8667-9f86668e5bca	54efd5555be76ebee5317f8d83af0be280095fa1	hyperpolymath/echidna	proofs/lean/Basic.lean	/- SPDX-FileCopyrightText: 2025 ECHIDNA Project Team SPDX-License-Identifier: MIT Basic Lean 4 Proofs - Foundation Level This file demonstrates fundamental proof patterns in Lean 4: - Identity proof	equiv	lean	success	851	0.5	\N	batch-direct	2026-04-05 10:46:30.609	2026-04-05 10:46:31.471	direct:lean	\N
eaa4d539-7e7e-4eef-a2c6-db3a227a3cb1	9e784c07035e43e7f55da2ab7ea43ca8de040f7c	hyperpolymath/echidna	proofs/lean/List.lean	/- SPDX-FileCopyrightText: 2025 ECHIDNA Project Team SPDX-License-Identifier: MIT List Proofs in Lean 4 This file demonstrates proofs about lists: - Append properties - Length theorems - Map and fol	equiv	lean	failure	1093	0.5	\N	batch-direct	2026-04-05 10:46:31.588	2026-04-05 10:46:32.692	direct:lean	\N
c553d3ac-7286-45b2-a6bc-7ba20fb4e4c4	330a00c86b83128561ee25512ead3a60c83cef2c	hyperpolymath/echidna	proofs/lean/Propositional.lean	/- SPDX-FileCopyrightText: 2025 ECHIDNA Project Team SPDX-License-Identifier: MIT Propositional Logic Proofs in Lean 4 This file demonstrates propositional logic theorems: - De Morgan\'s laws - Doubl	equiv	lean	failure	872	0.5	\N	batch-direct	2026-04-05 10:46:32.806	2026-04-05 10:46:33.689	direct:lean	\N
a8466779-46d9-43eb-b192-2105372d1cab	54efd5555be76ebee5317f8d83af0be280095fa1	hyperpolymath/echidna	proofs/lean/Basic.lean	/- SPDX-FileCopyrightText: 2025 ECHIDNA Project Team SPDX-License-Identifier: MIT Basic Lean 4 Proofs - Foundation Level This file demonstrates fundamental proof patterns in Lean 4: - Identity proof	equiv	lean	success	897	0.5	\N	batch-direct	2026-04-05 10:47:47.968	2026-04-05 10:47:48.876	direct:lean	\N
597912b1-4ad6-4867-9704-26478b4261c2	9e784c07035e43e7f55da2ab7ea43ca8de040f7c	hyperpolymath/echidna	proofs/lean/List.lean	/- SPDX-FileCopyrightText: 2025 ECHIDNA Project Team SPDX-License-Identifier: MIT List Proofs in Lean 4 This file demonstrates proofs about lists: - Append properties - Length theorems - Map and fol	equiv	lean	failure	1158	0.5	\N	batch-direct	2026-04-05 10:47:48.987	2026-04-05 10:47:50.155	direct:lean	\N
fcb2e37b-9bc6-4ecd-bc07-dc811b7398a3	330a00c86b83128561ee25512ead3a60c83cef2c	hyperpolymath/echidna	proofs/lean/Propositional.lean	/- SPDX-FileCopyrightText: 2025 ECHIDNA Project Team SPDX-License-Identifier: MIT Propositional Logic Proofs in Lean 4 This file demonstrates propositional logic theorems: - De Morgan\'s laws - Doubl	equiv	lean	failure	871	0.5	\N	batch-direct	2026-04-05 10:47:50.266	2026-04-05 10:47:51.147	direct:lean	\N
62fbaeb8-6a46-41ad-808f-b7332251fc8b	4ed7b7f2c577e411c45f1e4863e6a85a36b1ef34	hyperpolymath/echidna	proofs/lean/lakefile.lean	import Lake open Lake DSL package echidna_proofs where -- add package configuration options here @[default_target] lean_lib ECHIDNA where -- add library configuration options here roots := #[`	equiv	lean	failure	1869	0.5	\N	batch-direct	2026-04-05 10:47:51.262	2026-04-05 10:47:53.142	direct:lean	\N
183a552a-577f-4e07-b604-1683dba86744	cbf94318bc983531757a91b2034bef1b97bb5608	hyperpolymath/echidna	proofs/lean/Nat.lean	/- SPDX-FileCopyrightText: 2025 Jonathan D.A. Jewell <j.d.a.jewell@open.ac.uk> SPDX-License-Identifier: PMPL-1.0-or-later Natural Number Proofs in Lean 4 This file demonstrates proofs about natural 	equiv	lean	failure	1080	0.5	\N	batch-direct	2026-04-05 10:47:53.255	2026-04-05 10:47:54.346	direct:lean	\N
a2fe0cfe-0f84-4159-9c78-c1ccc4fbadae	54efd5555be76ebee5317f8d83af0be280095fa1	hyperpolymath/echidna	proofs/lean/Basic.lean	/- SPDX-FileCopyrightText: 2025 ECHIDNA Project Team SPDX-License-Identifier: MIT Basic Lean 4 Proofs - Foundation Level This file demonstrates fundamental proof patterns in Lean 4: - Identity proof	equiv	lean	success	1247	0.5	\N	batch-direct	2026-04-05 12:09:34.669	2026-04-05 12:09:35.927	direct:lean	\N
bf29272b-581a-4917-aa83-f459ddace34c	9e784c07035e43e7f55da2ab7ea43ca8de040f7c	hyperpolymath/echidna	proofs/lean/List.lean	/- SPDX-FileCopyrightText: 2025 ECHIDNA Project Team SPDX-License-Identifier: MIT List Proofs in Lean 4 This file demonstrates proofs about lists: - Append properties - Length theorems - Map and fol	equiv	lean	failure	1215	0.5	\N	batch-direct	2026-04-05 12:09:36.060	2026-04-05 12:09:37.288	direct:lean	\N
afecbf0b-628a-4ff9-b7c5-bb0579f64054	330a00c86b83128561ee25512ead3a60c83cef2c	hyperpolymath/echidna	proofs/lean/Propositional.lean	/- SPDX-FileCopyrightText: 2025 ECHIDNA Project Team SPDX-License-Identifier: MIT Propositional Logic Proofs in Lean 4 This file demonstrates propositional logic theorems: - De Morgan\'s laws - Doubl	equiv	lean	failure	942	0.5	\N	batch-direct	2026-04-05 12:09:37.414	2026-04-05 12:09:38.369	direct:lean	\N
6debda0a-94e0-496c-a84a-3d4093fdc8c6	4ed7b7f2c577e411c45f1e4863e6a85a36b1ef34	hyperpolymath/echidna	proofs/lean/lakefile.lean	import Lake open Lake DSL package echidna_proofs where -- add package configuration options here @[default_target] lean_lib ECHIDNA where -- add library configuration options here roots := #[`	equiv	lean	failure	1036	0.5	\N	batch-direct	2026-04-05 12:09:38.478	2026-04-05 12:09:39.523	direct:lean	\N
b389f3f6-a0db-4952-94e9-36f8ad41b369	cbf94318bc983531757a91b2034bef1b97bb5608	hyperpolymath/echidna	proofs/lean/Nat.lean	/- SPDX-FileCopyrightText: 2025 Jonathan D.A. Jewell <j.d.a.jewell@open.ac.uk> SPDX-License-Identifier: PMPL-1.0-or-later Natural Number Proofs in Lean 4 This file demonstrates proofs about natural 	equiv	lean	failure	1060	0.5	\N	batch-direct	2026-04-05 12:09:39.633	2026-04-05 12:09:40.703	direct:lean	\N
c27a92aa-fafa-4337-8be7-70aedb8c7b1f	43d55ab7ae27b2357fb40c4f0796d6da3c232262	hyperpolymath/echidna	proofs/lean/algebra/GroupTheory.lean	-- SPDX-License-Identifier: PMPL-1.0-or-later -- Copyright (c) 2026 ECHIDNA Project -- Group Theory Examples for ML Training Corpus import Mathlib.Algebra.Group.Defs import Mathlib.Tactic -- Basic g	equiv	lean	failure	716	0.5	\N	batch-direct	2026-04-05 12:09:40.812	2026-04-05 12:09:41.538	direct:lean	\N
f720a099-a9c8-440d-892f-edca57669eb4	6008debedcca85b6aeb2d868feaeb8add3f049ac	hyperpolymath/echidna	proofs/lean/mvp_basic.lean	-- Minimal Lean example for ECHIDNA MVP axiom A : Prop 	equiv	lean	success	829	0.5	\N	batch-direct	2026-04-05 12:09:41.648	2026-04-05 12:09:42.488	direct:lean	\N
320fd5fa-2419-4e2a-84de-df4ac702ac7c	54efd5555be76ebee5317f8d83af0be280095fa1	hyperpolymath/echidna	proofs/lean/Basic.lean	/- SPDX-FileCopyrightText: 2025 ECHIDNA Project Team SPDX-License-Identifier: MIT Basic Lean 4 Proofs - Foundation Level This file demonstrates fundamental proof patterns in Lean 4: - Identity proof	equiv	lean	success	878	0.5	\N	batch-direct	2026-04-05 12:10:59.902	2026-04-05 12:11:00.790	direct:lean	\N
a807050c-5a2a-473c-bb42-681ad3f077f1	9e784c07035e43e7f55da2ab7ea43ca8de040f7c	hyperpolymath/echidna	proofs/lean/List.lean	/- SPDX-FileCopyrightText: 2025 ECHIDNA Project Team SPDX-License-Identifier: MIT List Proofs in Lean 4 This file demonstrates proofs about lists: - Append properties - Length theorems - Map and fol	equiv	lean	failure	1089	0.5	\N	batch-direct	2026-04-05 12:11:00.858	2026-04-05 12:11:01.956	direct:lean	\N
a8328fa5-7719-4a18-8620-b042e20630a4	330a00c86b83128561ee25512ead3a60c83cef2c	hyperpolymath/echidna	proofs/lean/Propositional.lean	/- SPDX-FileCopyrightText: 2025 ECHIDNA Project Team SPDX-License-Identifier: MIT Propositional Logic Proofs in Lean 4 This file demonstrates propositional logic theorems: - De Morgan\'s laws - Doubl	equiv	lean	failure	858	0.5	\N	batch-direct	2026-04-05 12:11:02.032	2026-04-05 12:11:02.899	direct:lean	\N
ddbc7b02-0721-4fc0-81d8-a410ca5419ee	4ed7b7f2c577e411c45f1e4863e6a85a36b1ef34	hyperpolymath/echidna	proofs/lean/lakefile.lean	import Lake open Lake DSL package echidna_proofs where -- add package configuration options here @[default_target] lean_lib ECHIDNA where -- add library configuration options here roots := #[`	equiv	lean	failure	1056	0.5	\N	batch-direct	2026-04-05 12:11:02.966	2026-04-05 12:11:04.031	direct:lean	\N
2e2c8daf-88d2-442c-8083-0063a8e074ee	cbf94318bc983531757a91b2034bef1b97bb5608	hyperpolymath/echidna	proofs/lean/Nat.lean	/- SPDX-FileCopyrightText: 2025 Jonathan D.A. Jewell <j.d.a.jewell@open.ac.uk> SPDX-License-Identifier: PMPL-1.0-or-later Natural Number Proofs in Lean 4 This file demonstrates proofs about natural 	equiv	lean	failure	1022	0.5	\N	batch-direct	2026-04-05 12:11:04.099	2026-04-05 12:11:05.130	direct:lean	\N
aca98126-4004-410c-913b-7fd25e29064e	43d55ab7ae27b2357fb40c4f0796d6da3c232262	hyperpolymath/echidna	proofs/lean/algebra/GroupTheory.lean	-- SPDX-License-Identifier: PMPL-1.0-or-later -- Copyright (c) 2026 ECHIDNA Project -- Group Theory Examples for ML Training Corpus import Mathlib.Algebra.Group.Defs import Mathlib.Tactic -- Basic g	equiv	lean	failure	668	0.5	\N	batch-direct	2026-04-05 12:11:05.198	2026-04-05 12:11:05.875	direct:lean	\N
1a7071d3-efd3-491a-a1c1-77e0720f22ba	6008debedcca85b6aeb2d868feaeb8add3f049ac	hyperpolymath/echidna	proofs/lean/mvp_basic.lean	-- Minimal Lean example for ECHIDNA MVP axiom A : Prop 	equiv	lean	success	784	0.5	\N	batch-direct	2026-04-05 12:11:05.942	2026-04-05 12:11:06.738	direct:lean	\N
0363f899-3bca-4634-92f8-0106194c9bc2	54efd5555be76ebee5317f8d83af0be280095fa1	hyperpolymath/echidna	proofs/lean/Basic.lean	/- SPDX-FileCopyrightText: 2025 ECHIDNA Project Team SPDX-License-Identifier: MIT Basic Lean 4 Proofs - Foundation Level This file demonstrates fundamental proof patterns in Lean 4: - Identity proof	equiv	lean	success	819	0.5	\N	batch-direct	2026-04-05 12:11:56.351	2026-04-05 12:11:57.179	direct:lean	\N
d178f5ec-2da8-4bac-93ba-298ce6d29135	9e784c07035e43e7f55da2ab7ea43ca8de040f7c	hyperpolymath/echidna	proofs/lean/List.lean	/- SPDX-FileCopyrightText: 2025 ECHIDNA Project Team SPDX-License-Identifier: MIT List Proofs in Lean 4 This file demonstrates proofs about lists: - Append properties - Length theorems - Map and fol	equiv	lean	failure	1050	0.5	\N	batch-direct	2026-04-05 12:11:57.247	2026-04-05 12:11:58.307	direct:lean	\N
ec6f6a0c-4e38-42cc-8e89-0e9d0af1709b	330a00c86b83128561ee25512ead3a60c83cef2c	hyperpolymath/echidna	proofs/lean/Propositional.lean	/- SPDX-FileCopyrightText: 2025 ECHIDNA Project Team SPDX-License-Identifier: MIT Propositional Logic Proofs in Lean 4 This file demonstrates propositional logic theorems: - De Morgan\'s laws - Doubl	equiv	lean	failure	844	0.5	\N	batch-direct	2026-04-05 12:11:58.374	2026-04-05 12:11:59.228	direct:lean	\N
6705fe4d-d6b4-4640-8d91-0e62d7179954	4ed7b7f2c577e411c45f1e4863e6a85a36b1ef34	hyperpolymath/echidna	proofs/lean/lakefile.lean	import Lake open Lake DSL package echidna_proofs where -- add package configuration options here @[default_target] lean_lib ECHIDNA where -- add library configuration options here roots := #[`	equiv	lean	failure	1010	0.5	\N	batch-direct	2026-04-05 12:11:59.295	2026-04-05 12:12:00.315	direct:lean	\N
4f337c7d-b9b5-4c4e-9b60-a0c8b322da4c	cbf94318bc983531757a91b2034bef1b97bb5608	hyperpolymath/echidna	proofs/lean/Nat.lean	/- SPDX-FileCopyrightText: 2025 Jonathan D.A. Jewell <j.d.a.jewell@open.ac.uk> SPDX-License-Identifier: PMPL-1.0-or-later Natural Number Proofs in Lean 4 This file demonstrates proofs about natural 	equiv	lean	failure	980	0.5	\N	batch-direct	2026-04-05 12:12:00.381	2026-04-05 12:12:01.372	direct:lean	\N
f3abf3a4-57e0-463f-bd9e-93cd39546664	43d55ab7ae27b2357fb40c4f0796d6da3c232262	hyperpolymath/echidna	proofs/lean/algebra/GroupTheory.lean	-- SPDX-License-Identifier: PMPL-1.0-or-later -- Copyright (c) 2026 ECHIDNA Project -- Group Theory Examples for ML Training Corpus import Mathlib.Algebra.Group.Defs import Mathlib.Tactic -- Basic g	equiv	lean	failure	706	0.5	\N	batch-direct	2026-04-05 12:12:01.440	2026-04-05 12:12:02.157	direct:lean	\N
a44daecd-8cb1-4248-9f30-5735de8c5581	6008debedcca85b6aeb2d868feaeb8add3f049ac	hyperpolymath/echidna	proofs/lean/mvp_basic.lean	-- Minimal Lean example for ECHIDNA MVP axiom A : Prop 	equiv	lean	success	740	0.5	\N	batch-direct	2026-04-05 12:12:02.229	2026-04-05 12:12:02.978	direct:lean	\N
0b74a963-c2fb-4871-8f09-ad3e3ee5162d	54efd5555be76ebee5317f8d83af0be280095fa1	hyperpolymath/echidna	proofs/lean/Basic.lean	/- SPDX-FileCopyrightText: 2025 ECHIDNA Project Team SPDX-License-Identifier: MIT Basic Lean 4 Proofs - Foundation Level This file demonstrates fundamental proof patterns in Lean 4: - Identity proof	equiv	lean	success	910	0.5	\N	batch-direct	2026-04-05 12:12:49.447	2026-04-05 12:12:50.366	direct:lean	\N
044727d2-3a58-4548-aa85-16ecf371b127	9e784c07035e43e7f55da2ab7ea43ca8de040f7c	hyperpolymath/echidna	proofs/lean/List.lean	/- SPDX-FileCopyrightText: 2025 ECHIDNA Project Team SPDX-License-Identifier: MIT List Proofs in Lean 4 This file demonstrates proofs about lists: - Append properties - Length theorems - Map and fol	equiv	lean	failure	1048	0.5	\N	batch-direct	2026-04-05 12:12:50.434	2026-04-05 12:12:51.492	direct:lean	\N
b5376eb3-09b4-47dc-a556-130df979a703	330a00c86b83128561ee25512ead3a60c83cef2c	hyperpolymath/echidna	proofs/lean/Propositional.lean	/- SPDX-FileCopyrightText: 2025 ECHIDNA Project Team SPDX-License-Identifier: MIT Propositional Logic Proofs in Lean 4 This file demonstrates propositional logic theorems: - De Morgan\'s laws - Doubl	equiv	lean	failure	866	0.5	\N	batch-direct	2026-04-05 12:12:51.572	2026-04-05 12:12:52.448	direct:lean	\N
924c872d-7f22-436d-a53c-85150f95fb18	4ed7b7f2c577e411c45f1e4863e6a85a36b1ef34	hyperpolymath/echidna	proofs/lean/lakefile.lean	import Lake open Lake DSL package echidna_proofs where -- add package configuration options here @[default_target] lean_lib ECHIDNA where -- add library configuration options here roots := #[`	equiv	lean	failure	1077	0.5	\N	batch-direct	2026-04-05 12:12:52.519	2026-04-05 12:12:53.606	direct:lean	\N
9052abe0-97e4-462c-8c25-6d6614cea056	cbf94318bc983531757a91b2034bef1b97bb5608	hyperpolymath/echidna	proofs/lean/Nat.lean	/- SPDX-FileCopyrightText: 2025 Jonathan D.A. Jewell <j.d.a.jewell@open.ac.uk> SPDX-License-Identifier: PMPL-1.0-or-later Natural Number Proofs in Lean 4 This file demonstrates proofs about natural 	equiv	lean	failure	1061	0.5	\N	batch-direct	2026-04-05 12:12:53.681	2026-04-05 12:12:54.752	direct:lean	\N
bd50f61d-9f67-436f-a90f-ebef73b03dc2	43d55ab7ae27b2357fb40c4f0796d6da3c232262	hyperpolymath/echidna	proofs/lean/algebra/GroupTheory.lean	-- SPDX-License-Identifier: PMPL-1.0-or-later -- Copyright (c) 2026 ECHIDNA Project -- Group Theory Examples for ML Training Corpus import Mathlib.Algebra.Group.Defs import Mathlib.Tactic -- Basic g	equiv	lean	failure	716	0.5	\N	batch-direct	2026-04-05 12:12:54.822	2026-04-05 12:12:55.548	direct:lean	\N
d939dc9c-07a3-4ba3-b9d5-d881d502a364	6008debedcca85b6aeb2d868feaeb8add3f049ac	hyperpolymath/echidna	proofs/lean/mvp_basic.lean	-- Minimal Lean example for ECHIDNA MVP axiom A : Prop 	equiv	lean	success	894	0.5	\N	batch-direct	2026-04-05 12:12:55.623	2026-04-05 12:12:56.528	direct:lean	\N
9dfa1879-0eaa-4691-9af5-9a5dc839e298	54efd5555be76ebee5317f8d83af0be280095fa1	hyperpolymath/echidna	proofs/lean/Basic.lean	/- SPDX-FileCopyrightText: 2025 ECHIDNA Project Team SPDX-License-Identifier: MIT Basic Lean 4 Proofs - Foundation Level This file demonstrates fundamental proof patterns in Lean 4: - Identity proof	equiv	lean	success	827	0.5	\N	batch-direct	2026-04-05 12:13:45.903	2026-04-05 12:13:46.739	direct:lean	\N
3c36a9ad-ed88-442a-a4ac-69fd21b96102	9e784c07035e43e7f55da2ab7ea43ca8de040f7c	hyperpolymath/echidna	proofs/lean/List.lean	/- SPDX-FileCopyrightText: 2025 ECHIDNA Project Team SPDX-License-Identifier: MIT List Proofs in Lean 4 This file demonstrates proofs about lists: - Append properties - Length theorems - Map and fol	equiv	lean	failure	1054	0.5	\N	batch-direct	2026-04-05 12:13:46.808	2026-04-05 12:13:47.871	direct:lean	\N
95a25bdb-e47b-4aa8-8c7e-e1278309f822	330a00c86b83128561ee25512ead3a60c83cef2c	hyperpolymath/echidna	proofs/lean/Propositional.lean	/- SPDX-FileCopyrightText: 2025 ECHIDNA Project Team SPDX-License-Identifier: MIT Propositional Logic Proofs in Lean 4 This file demonstrates propositional logic theorems: - De Morgan\'s laws - Doubl	equiv	lean	failure	921	0.5	\N	batch-direct	2026-04-05 12:13:47.937	2026-04-05 12:13:48.869	direct:lean	\N
3ce1d3da-2ec2-4b4c-b05f-9e9806de8e13	4ed7b7f2c577e411c45f1e4863e6a85a36b1ef34	hyperpolymath/echidna	proofs/lean/lakefile.lean	import Lake open Lake DSL package echidna_proofs where -- add package configuration options here @[default_target] lean_lib ECHIDNA where -- add library configuration options here roots := #[`	equiv	lean	failure	1056	0.5	\N	batch-direct	2026-04-05 12:13:48.938	2026-04-05 12:13:50.007	direct:lean	\N
ab9f2a91-9e6b-4724-a1bc-55846f7ac362	cbf94318bc983531757a91b2034bef1b97bb5608	hyperpolymath/echidna	proofs/lean/Nat.lean	/- SPDX-FileCopyrightText: 2025 Jonathan D.A. Jewell <j.d.a.jewell@open.ac.uk> SPDX-License-Identifier: PMPL-1.0-or-later Natural Number Proofs in Lean 4 This file demonstrates proofs about natural 	equiv	lean	failure	969	0.5	\N	batch-direct	2026-04-05 12:13:50.075	2026-04-05 12:13:51.054	direct:lean	\N
a9313abe-1dae-436f-ba4b-1d4ecbd11c15	43d55ab7ae27b2357fb40c4f0796d6da3c232262	hyperpolymath/echidna	proofs/lean/algebra/GroupTheory.lean	-- SPDX-License-Identifier: PMPL-1.0-or-later -- Copyright (c) 2026 ECHIDNA Project -- Group Theory Examples for ML Training Corpus import Mathlib.Algebra.Group.Defs import Mathlib.Tactic -- Basic g	equiv	lean	failure	691	0.5	\N	batch-direct	2026-04-05 12:13:51.123	2026-04-05 12:13:51.823	direct:lean	\N
649f7792-82a4-4dab-9021-5d89cb634d5b	6008debedcca85b6aeb2d868feaeb8add3f049ac	hyperpolymath/echidna	proofs/lean/mvp_basic.lean	-- Minimal Lean example for ECHIDNA MVP axiom A : Prop 	equiv	lean	success	732	0.5	\N	batch-direct	2026-04-05 12:13:51.892	2026-04-05 12:13:52.636	direct:lean	\N
063a31c4-7190-43ef-8e6c-1c99f3f602e3	54efd5555be76ebee5317f8d83af0be280095fa1	hyperpolymath/echidna	proofs/lean/Basic.lean	/- SPDX-FileCopyrightText: 2025 ECHIDNA Project Team SPDX-License-Identifier: MIT Basic Lean 4 Proofs - Foundation Level This file demonstrates fundamental proof patterns in Lean 4: - Identity proof	equiv	lean	success	830	0.5	\N	batch-direct	2026-04-05 12:14:42.037	2026-04-05 12:14:42.877	direct:lean	\N
2b52d0b3-6aef-4147-8847-26d9dea4c213	9e784c07035e43e7f55da2ab7ea43ca8de040f7c	hyperpolymath/echidna	proofs/lean/List.lean	/- SPDX-FileCopyrightText: 2025 ECHIDNA Project Team SPDX-License-Identifier: MIT List Proofs in Lean 4 This file demonstrates proofs about lists: - Append properties - Length theorems - Map and fol	equiv	lean	failure	1021	0.5	\N	batch-direct	2026-04-05 12:14:42.946	2026-04-05 12:14:43.978	direct:lean	\N
8ce64d5b-b47e-4e91-93c7-6b912afc7288	330a00c86b83128561ee25512ead3a60c83cef2c	hyperpolymath/echidna	proofs/lean/Propositional.lean	/- SPDX-FileCopyrightText: 2025 ECHIDNA Project Team SPDX-License-Identifier: MIT Propositional Logic Proofs in Lean 4 This file demonstrates propositional logic theorems: - De Morgan\'s laws - Doubl	equiv	lean	failure	869	0.5	\N	batch-direct	2026-04-05 12:14:44.052	2026-04-05 12:14:44.930	direct:lean	\N
325dcb50-8057-4163-a24d-c42a7fa6bf00	4ed7b7f2c577e411c45f1e4863e6a85a36b1ef34	hyperpolymath/echidna	proofs/lean/lakefile.lean	import Lake open Lake DSL package echidna_proofs where -- add package configuration options here @[default_target] lean_lib ECHIDNA where -- add library configuration options here roots := #[`	equiv	lean	failure	1016	0.5	\N	batch-direct	2026-04-05 12:14:44.999	2026-04-05 12:14:46.025	direct:lean	\N
c2f2acf4-a802-4c9a-a7dc-da89ac263eda	cbf94318bc983531757a91b2034bef1b97bb5608	hyperpolymath/echidna	proofs/lean/Nat.lean	/- SPDX-FileCopyrightText: 2025 Jonathan D.A. Jewell <j.d.a.jewell@open.ac.uk> SPDX-License-Identifier: PMPL-1.0-or-later Natural Number Proofs in Lean 4 This file demonstrates proofs about natural 	equiv	lean	failure	1027	0.5	\N	batch-direct	2026-04-05 12:14:46.106	2026-04-05 12:14:47.142	direct:lean	\N
7720f229-5f08-44ca-bbf6-56e5bee1655a	43d55ab7ae27b2357fb40c4f0796d6da3c232262	hyperpolymath/echidna	proofs/lean/algebra/GroupTheory.lean	-- SPDX-License-Identifier: PMPL-1.0-or-later -- Copyright (c) 2026 ECHIDNA Project -- Group Theory Examples for ML Training Corpus import Mathlib.Algebra.Group.Defs import Mathlib.Tactic -- Basic g	equiv	lean	failure	640	0.5	\N	batch-direct	2026-04-05 12:14:47.208	2026-04-05 12:14:47.858	direct:lean	\N
c3665ddf-0e6d-4891-9bf1-d76009bf2eb2	6008debedcca85b6aeb2d868feaeb8add3f049ac	hyperpolymath/echidna	proofs/lean/mvp_basic.lean	-- Minimal Lean example for ECHIDNA MVP axiom A : Prop 	equiv	lean	success	826	0.5	\N	batch-direct	2026-04-05 12:14:47.932	2026-04-05 12:14:48.767	direct:lean	\N
d4629033-c731-41d5-8710-574a4ade1608	54efd5555be76ebee5317f8d83af0be280095fa1	hyperpolymath/echidna	proofs/lean/Basic.lean	/- SPDX-FileCopyrightText: 2025 ECHIDNA Project Team SPDX-License-Identifier: MIT Basic Lean 4 Proofs - Foundation Level This file demonstrates fundamental proof patterns in Lean 4: - Identity proof	equiv	lean	success	871	0.5	\N	batch-direct	2026-04-05 12:15:58.132	2026-04-05 12:15:59.013	direct:lean	\N
ad8f4334-3e5d-491b-b6eb-7990b79f2436	9e784c07035e43e7f55da2ab7ea43ca8de040f7c	hyperpolymath/echidna	proofs/lean/List.lean	/- SPDX-FileCopyrightText: 2025 ECHIDNA Project Team SPDX-License-Identifier: MIT List Proofs in Lean 4 This file demonstrates proofs about lists: - Append properties - Length theorems - Map and fol	equiv	lean	failure	1075	0.5	\N	batch-direct	2026-04-05 12:15:59.081	2026-04-05 12:16:00.166	direct:lean	\N
2d40b95a-8a1a-44e9-96b9-61c373155978	330a00c86b83128561ee25512ead3a60c83cef2c	hyperpolymath/echidna	proofs/lean/Propositional.lean	/- SPDX-FileCopyrightText: 2025 ECHIDNA Project Team SPDX-License-Identifier: MIT Propositional Logic Proofs in Lean 4 This file demonstrates propositional logic theorems: - De Morgan\'s laws - Doubl	equiv	lean	failure	915	0.5	\N	batch-direct	2026-04-05 12:16:00.236	2026-04-05 12:16:01.161	direct:lean	\N
f1e52c98-bfed-49cc-899a-8b22f9a56188	4ed7b7f2c577e411c45f1e4863e6a85a36b1ef34	hyperpolymath/echidna	proofs/lean/lakefile.lean	import Lake open Lake DSL package echidna_proofs where -- add package configuration options here @[default_target] lean_lib ECHIDNA where -- add library configuration options here roots := #[`	equiv	lean	failure	1086	0.5	\N	batch-direct	2026-04-05 12:16:01.231	2026-04-05 12:16:02.326	direct:lean	\N
6f9d759d-6a15-481d-9bba-5b88b4e1930a	cbf94318bc983531757a91b2034bef1b97bb5608	hyperpolymath/echidna	proofs/lean/Nat.lean	/- SPDX-FileCopyrightText: 2025 Jonathan D.A. Jewell <j.d.a.jewell@open.ac.uk> SPDX-License-Identifier: PMPL-1.0-or-later Natural Number Proofs in Lean 4 This file demonstrates proofs about natural 	equiv	lean	failure	1018	0.5	\N	batch-direct	2026-04-05 12:16:02.394	2026-04-05 12:16:03.422	direct:lean	\N
4ae144c0-8c4d-481a-b244-b38b6c52a63e	43d55ab7ae27b2357fb40c4f0796d6da3c232262	hyperpolymath/echidna	proofs/lean/algebra/GroupTheory.lean	-- SPDX-License-Identifier: PMPL-1.0-or-later -- Copyright (c) 2026 ECHIDNA Project -- Group Theory Examples for ML Training Corpus import Mathlib.Algebra.Group.Defs import Mathlib.Tactic -- Basic g	equiv	lean	failure	634	0.5	\N	batch-direct	2026-04-05 12:16:03.488	2026-04-05 12:16:04.132	direct:lean	\N
85669232-fe14-4a68-b274-814a82485b97	6008debedcca85b6aeb2d868feaeb8add3f049ac	hyperpolymath/echidna	proofs/lean/mvp_basic.lean	-- Minimal Lean example for ECHIDNA MVP axiom A : Prop 	equiv	lean	success	861	0.5	\N	batch-direct	2026-04-05 12:16:04.206	2026-04-05 12:16:05.078	direct:lean	\N
d49bc25a-f18c-4fa0-8a53-fe55cfc91ff0	54efd5555be76ebee5317f8d83af0be280095fa1	hyperpolymath/echidna	proofs/lean/Basic.lean	/- SPDX-FileCopyrightText: 2025 ECHIDNA Project Team SPDX-License-Identifier: MIT Basic Lean 4 Proofs - Foundation Level This file demonstrates fundamental proof patterns in Lean 4: - Identity proof	equiv	lean	success	965	0.5	\N	batch-direct	2026-04-05 12:46:38.966	2026-04-05 12:46:39.941	direct:lean	\N
6a10b23b-40a5-4b90-aa18-c6a3bd4290b5	9e784c07035e43e7f55da2ab7ea43ca8de040f7c	hyperpolymath/echidna	proofs/lean/List.lean	/- SPDX-FileCopyrightText: 2025 ECHIDNA Project Team SPDX-License-Identifier: MIT List Proofs in Lean 4 This file demonstrates proofs about lists: - Append properties - Length theorems - Map and fol	equiv	lean	failure	1034	0.5	\N	batch-direct	2026-04-05 12:46:40.021	2026-04-05 12:46:41.064	direct:lean	\N
d775e88c-961d-46de-88a0-686da6a0c6e6	330a00c86b83128561ee25512ead3a60c83cef2c	hyperpolymath/echidna	proofs/lean/Propositional.lean	/- SPDX-FileCopyrightText: 2025 ECHIDNA Project Team SPDX-License-Identifier: MIT Propositional Logic Proofs in Lean 4 This file demonstrates propositional logic theorems: - De Morgan\'s laws - Doubl	equiv	lean	failure	896	0.5	\N	batch-direct	2026-04-05 12:46:41.141	2026-04-05 12:46:42.046	direct:lean	\N
579392cf-5f13-4cd9-b98f-ad53e8cfd9ae	4ed7b7f2c577e411c45f1e4863e6a85a36b1ef34	hyperpolymath/echidna	proofs/lean/lakefile.lean	import Lake open Lake DSL package echidna_proofs where -- add package configuration options here @[default_target] lean_lib ECHIDNA where -- add library configuration options here roots := #[`	equiv	lean	failure	1014	0.5	\N	batch-direct	2026-04-05 12:46:42.130	2026-04-05 12:46:43.155	direct:lean	\N
b18f1e18-c777-465d-8515-6d9f3459fdc5	cbf94318bc983531757a91b2034bef1b97bb5608	hyperpolymath/echidna	proofs/lean/Nat.lean	/- SPDX-FileCopyrightText: 2025 Jonathan D.A. Jewell <j.d.a.jewell@open.ac.uk> SPDX-License-Identifier: PMPL-1.0-or-later Natural Number Proofs in Lean 4 This file demonstrates proofs about natural 	equiv	lean	failure	1026	0.5	\N	batch-direct	2026-04-05 12:46:43.232	2026-04-05 12:46:44.268	direct:lean	\N
480d733b-f750-4883-bebc-9f7c1318eac3	54efd5555be76ebee5317f8d83af0be280095fa1	hyperpolymath/echidna	proofs/lean/Basic.lean	/- SPDX-FileCopyrightText: 2025 ECHIDNA Project Team SPDX-License-Identifier: MIT Basic Lean 4 Proofs - Foundation Level This file demonstrates fundamental proof patterns in Lean 4: - Identity proof	equiv	lean	success	869	0.5	\N	batch-direct	2026-04-05 12:53:04.861	2026-04-05 12:53:05.740	direct:lean	\N
f8cf0c52-078b-4355-9332-a973c26c0704	9e784c07035e43e7f55da2ab7ea43ca8de040f7c	hyperpolymath/echidna	proofs/lean/List.lean	/- SPDX-FileCopyrightText: 2025 ECHIDNA Project Team SPDX-License-Identifier: MIT List Proofs in Lean 4 This file demonstrates proofs about lists: - Append properties - Length theorems - Map and fol	equiv	lean	failure	1052	0.5	\N	batch-direct	2026-04-05 12:53:05.820	2026-04-05 12:53:06.881	direct:lean	\N
75bff132-44e7-4261-8545-ba55c56bf6f0	330a00c86b83128561ee25512ead3a60c83cef2c	hyperpolymath/echidna	proofs/lean/Propositional.lean	/- SPDX-FileCopyrightText: 2025 ECHIDNA Project Team SPDX-License-Identifier: MIT Propositional Logic Proofs in Lean 4 This file demonstrates propositional logic theorems: - De Morgan\'s laws - Doubl	equiv	lean	failure	839	0.5	\N	batch-direct	2026-04-05 12:53:06.958	2026-04-05 12:53:07.806	direct:lean	\N
ef59b682-caa3-4773-a01d-3bf6c257188d	4ed7b7f2c577e411c45f1e4863e6a85a36b1ef34	hyperpolymath/echidna	proofs/lean/lakefile.lean	import Lake open Lake DSL package echidna_proofs where -- add package configuration options here @[default_target] lean_lib ECHIDNA where -- add library configuration options here roots := #[`	equiv	lean	failure	980	0.5	\N	batch-direct	2026-04-05 12:53:07.885	2026-04-05 12:53:08.874	direct:lean	\N
d39ce231-1fca-43e6-b682-bc2c3b616d1e	cbf94318bc983531757a91b2034bef1b97bb5608	hyperpolymath/echidna	proofs/lean/Nat.lean	/- SPDX-FileCopyrightText: 2025 Jonathan D.A. Jewell <j.d.a.jewell@open.ac.uk> SPDX-License-Identifier: PMPL-1.0-or-later Natural Number Proofs in Lean 4 This file demonstrates proofs about natural 	equiv	lean	failure	992	0.5	\N	batch-direct	2026-04-05 12:53:08.951	2026-04-05 12:53:09.952	direct:lean	\N
05af6764-4448-4b7a-ba5c-c5193a7b1bb1	43d55ab7ae27b2357fb40c4f0796d6da3c232262	hyperpolymath/echidna	proofs/lean/algebra/GroupTheory.lean	-- SPDX-License-Identifier: PMPL-1.0-or-later -- Copyright (c) 2026 ECHIDNA Project -- Group Theory Examples for ML Training Corpus import Mathlib.Algebra.Group.Defs import Mathlib.Tactic -- Basic g	equiv	lean	failure	728	0.5	\N	batch-direct	2026-04-05 12:53:10.029	2026-04-05 12:53:10.768	direct:lean	\N
6e91c036-217a-404b-86de-ded91e681391	6008debedcca85b6aeb2d868feaeb8add3f049ac	hyperpolymath/echidna	proofs/lean/mvp_basic.lean	-- Minimal Lean example for ECHIDNA MVP axiom A : Prop 	equiv	lean	success	778	0.5	\N	batch-direct	2026-04-05 12:53:10.844	2026-04-05 12:53:11.633	direct:lean	\N
ea37fdd5-9dc7-4795-aa1b-aa6c6cf58f08	54efd5555be76ebee5317f8d83af0be280095fa1	hyperpolymath/echidna	proofs/lean/Basic.lean	/- SPDX-FileCopyrightText: 2025 ECHIDNA Project Team SPDX-License-Identifier: MIT Basic Lean 4 Proofs - Foundation Level This file demonstrates fundamental proof patterns in Lean 4: - Identity proof	equiv	lean	success	788	0.5	\N	batch-direct	2026-04-05 12:59:08.633	2026-04-05 12:59:09.432	direct:lean	\N
e8c92cb9-85d0-487b-b38a-dffc9475ed89	9e784c07035e43e7f55da2ab7ea43ca8de040f7c	hyperpolymath/echidna	proofs/lean/List.lean	/- SPDX-FileCopyrightText: 2025 ECHIDNA Project Team SPDX-License-Identifier: MIT List Proofs in Lean 4 This file demonstrates proofs about lists: - Append properties - Length theorems - Map and fol	equiv	lean	failure	1006	0.5	\N	batch-direct	2026-04-05 12:59:09.501	2026-04-05 12:59:10.517	direct:lean	\N
a7eab141-636f-422b-ab6b-abe5bdb155de	330a00c86b83128561ee25512ead3a60c83cef2c	hyperpolymath/echidna	proofs/lean/Propositional.lean	/- SPDX-FileCopyrightText: 2025 ECHIDNA Project Team SPDX-License-Identifier: MIT Propositional Logic Proofs in Lean 4 This file demonstrates propositional logic theorems: - De Morgan\'s laws - Doubl	equiv	lean	failure	920	0.5	\N	batch-direct	2026-04-05 12:59:10.585	2026-04-05 12:59:11.514	direct:lean	\N
2a4f9146-c2b1-4de0-b3d3-6e1f5c5023d3	4ed7b7f2c577e411c45f1e4863e6a85a36b1ef34	hyperpolymath/echidna	proofs/lean/lakefile.lean	import Lake open Lake DSL package echidna_proofs where -- add package configuration options here @[default_target] lean_lib ECHIDNA where -- add library configuration options here roots := #[`	equiv	lean	failure	990	0.5	\N	batch-direct	2026-04-05 12:59:11.583	2026-04-05 12:59:12.582	direct:lean	\N
5d36bb40-151c-4e12-b220-f28cda8ce888	cbf94318bc983531757a91b2034bef1b97bb5608	hyperpolymath/echidna	proofs/lean/Nat.lean	/- SPDX-FileCopyrightText: 2025 Jonathan D.A. Jewell <j.d.a.jewell@open.ac.uk> SPDX-License-Identifier: PMPL-1.0-or-later Natural Number Proofs in Lean 4 This file demonstrates proofs about natural 	equiv	lean	failure	1017	0.5	\N	batch-direct	2026-04-05 12:59:12.662	2026-04-05 12:59:13.691	direct:lean	\N
d00df51a-d567-485e-aa72-8b705771bf86	43d55ab7ae27b2357fb40c4f0796d6da3c232262	hyperpolymath/echidna	proofs/lean/algebra/GroupTheory.lean	-- SPDX-License-Identifier: PMPL-1.0-or-later -- Copyright (c) 2026 ECHIDNA Project -- Group Theory Examples for ML Training Corpus import Mathlib.Algebra.Group.Defs import Mathlib.Tactic -- Basic g	equiv	lean	failure	593	0.5	\N	batch-direct	2026-04-05 12:59:13.769	2026-04-05 12:59:14.372	direct:lean	\N
e6c2d63d-1c5f-4a47-8420-20514ecb208a	6008debedcca85b6aeb2d868feaeb8add3f049ac	hyperpolymath/echidna	proofs/lean/mvp_basic.lean	-- Minimal Lean example for ECHIDNA MVP axiom A : Prop 	equiv	lean	success	819	0.5	\N	batch-direct	2026-04-05 12:59:14.441	2026-04-05 12:59:15.271	direct:lean	\N
48b7adc2-c27e-4cfb-b809-46aa73e45350	54efd5555be76ebee5317f8d83af0be280095fa1	hyperpolymath/echidna	proofs/lean/Basic.lean	/- SPDX-FileCopyrightText: 2025 ECHIDNA Project Team SPDX-License-Identifier: MIT Basic Lean 4 Proofs - Foundation Level This file demonstrates fundamental proof patterns in Lean 4: - Identity proof	equiv	lean	success	816	0.5	\N	batch-direct	2026-04-05 13:00:06.316	2026-04-05 13:00:07.142	direct:lean	\N
7790846c-a27d-4cf1-8921-0b7cba10d56e	9e784c07035e43e7f55da2ab7ea43ca8de040f7c	hyperpolymath/echidna	proofs/lean/List.lean	/- SPDX-FileCopyrightText: 2025 ECHIDNA Project Team SPDX-License-Identifier: MIT List Proofs in Lean 4 This file demonstrates proofs about lists: - Append properties - Length theorems - Map and fol	equiv	lean	failure	1037	0.5	\N	batch-direct	2026-04-05 13:00:07.212	2026-04-05 13:00:08.259	direct:lean	\N
3c76c29c-3fcb-48c0-8ef1-3343f88fafdc	330a00c86b83128561ee25512ead3a60c83cef2c	hyperpolymath/echidna	proofs/lean/Propositional.lean	/- SPDX-FileCopyrightText: 2025 ECHIDNA Project Team SPDX-License-Identifier: MIT Propositional Logic Proofs in Lean 4 This file demonstrates propositional logic theorems: - De Morgan\'s laws - Doubl	equiv	lean	failure	856	0.5	\N	batch-direct	2026-04-05 13:00:08.325	2026-04-05 13:00:09.191	direct:lean	\N
b932d376-fec6-4bb9-b4cc-68b4e029e5f5	4ed7b7f2c577e411c45f1e4863e6a85a36b1ef34	hyperpolymath/echidna	proofs/lean/lakefile.lean	import Lake open Lake DSL package echidna_proofs where -- add package configuration options here @[default_target] lean_lib ECHIDNA where -- add library configuration options here roots := #[`	equiv	lean	failure	1006	0.5	\N	batch-direct	2026-04-05 13:00:09.261	2026-04-05 13:00:10.277	direct:lean	\N
fa8d073d-4601-4dcd-91bc-6b7099380a8a	cbf94318bc983531757a91b2034bef1b97bb5608	hyperpolymath/echidna	proofs/lean/Nat.lean	/- SPDX-FileCopyrightText: 2025 Jonathan D.A. Jewell <j.d.a.jewell@open.ac.uk> SPDX-License-Identifier: PMPL-1.0-or-later Natural Number Proofs in Lean 4 This file demonstrates proofs about natural 	equiv	lean	failure	1033	0.5	\N	batch-direct	2026-04-05 13:00:10.346	2026-04-05 13:00:11.389	direct:lean	\N
496e36d7-6bb5-421c-a21f-7117a00dc108	43d55ab7ae27b2357fb40c4f0796d6da3c232262	hyperpolymath/echidna	proofs/lean/algebra/GroupTheory.lean	-- SPDX-License-Identifier: PMPL-1.0-or-later -- Copyright (c) 2026 ECHIDNA Project -- Group Theory Examples for ML Training Corpus import Mathlib.Algebra.Group.Defs import Mathlib.Tactic -- Basic g	equiv	lean	failure	607	0.5	\N	batch-direct	2026-04-05 13:00:11.458	2026-04-05 13:00:12.075	direct:lean	\N
912b2e2b-913e-4a78-ac58-766c027b752f	6008debedcca85b6aeb2d868feaeb8add3f049ac	hyperpolymath/echidna	proofs/lean/mvp_basic.lean	-- Minimal Lean example for ECHIDNA MVP axiom A : Prop 	equiv	lean	success	815	0.5	\N	batch-direct	2026-04-05 13:00:12.142	2026-04-05 13:00:12.968	direct:lean	\N
3a39b38d-687b-4e30-88b3-ec1644b95f8d	54efd5555be76ebee5317f8d83af0be280095fa1	hyperpolymath/echidna	proofs/lean/Basic.lean	/- SPDX-FileCopyrightText: 2025 ECHIDNA Project Team SPDX-License-Identifier: MIT Basic Lean 4 Proofs - Foundation Level This file demonstrates fundamental proof patterns in Lean 4: - Identity proof	equiv	lean	success	900	0.5	\N	batch-direct	2026-04-05 13:01:39.059	2026-04-05 13:01:39.970	direct:lean	\N
6629f0d1-8001-469d-82ee-ebaef7228b7e	9e784c07035e43e7f55da2ab7ea43ca8de040f7c	hyperpolymath/echidna	proofs/lean/List.lean	/- SPDX-FileCopyrightText: 2025 ECHIDNA Project Team SPDX-License-Identifier: MIT List Proofs in Lean 4 This file demonstrates proofs about lists: - Append properties - Length theorems - Map and fol	equiv	lean	failure	1002	0.5	\N	batch-direct	2026-04-05 13:01:40.034	2026-04-05 13:01:41.045	direct:lean	\N
efab75fc-2c60-435e-b92e-3b4b00bd03c3	330a00c86b83128561ee25512ead3a60c83cef2c	hyperpolymath/echidna	proofs/lean/Propositional.lean	/- SPDX-FileCopyrightText: 2025 ECHIDNA Project Team SPDX-License-Identifier: MIT Propositional Logic Proofs in Lean 4 This file demonstrates propositional logic theorems: - De Morgan\'s laws - Doubl	equiv	lean	failure	838	0.5	\N	batch-direct	2026-04-05 13:01:41.106	2026-04-05 13:01:41.953	direct:lean	\N
230174ea-03b0-4594-8d4f-329648f9754b	4ed7b7f2c577e411c45f1e4863e6a85a36b1ef34	hyperpolymath/echidna	proofs/lean/lakefile.lean	import Lake open Lake DSL package echidna_proofs where -- add package configuration options here @[default_target] lean_lib ECHIDNA where -- add library configuration options here roots := #[`	equiv	lean	failure	1004	0.5	\N	batch-direct	2026-04-05 13:01:42.024	2026-04-05 13:01:43.040	direct:lean	\N
4b334dff-54e4-4fe9-bf93-9d518a17b941	cbf94318bc983531757a91b2034bef1b97bb5608	hyperpolymath/echidna	proofs/lean/Nat.lean	/- SPDX-FileCopyrightText: 2025 Jonathan D.A. Jewell <j.d.a.jewell@open.ac.uk> SPDX-License-Identifier: PMPL-1.0-or-later Natural Number Proofs in Lean 4 This file demonstrates proofs about natural 	equiv	lean	failure	1007	0.5	\N	batch-direct	2026-04-05 13:01:43.102	2026-04-05 13:01:44.119	direct:lean	\N
467ddd8e-127a-49c5-aa20-2597a724ebea	43d55ab7ae27b2357fb40c4f0796d6da3c232262	hyperpolymath/echidna	proofs/lean/algebra/GroupTheory.lean	-- SPDX-License-Identifier: PMPL-1.0-or-later -- Copyright (c) 2026 ECHIDNA Project -- Group Theory Examples for ML Training Corpus import Mathlib.Algebra.Group.Defs import Mathlib.Tactic -- Basic g	equiv	lean	failure	613	0.5	\N	batch-direct	2026-04-05 13:01:44.180	2026-04-05 13:01:44.804	direct:lean	\N
af5b15ee-2992-4144-b48b-3061c2d71aac	6008debedcca85b6aeb2d868feaeb8add3f049ac	hyperpolymath/echidna	proofs/lean/mvp_basic.lean	-- Minimal Lean example for ECHIDNA MVP axiom A : Prop 	equiv	lean	success	841	0.5	\N	batch-direct	2026-04-05 13:01:44.864	2026-04-05 13:01:45.714	direct:lean	\N
35ae0193-e216-44a8-8dbc-c9d14128de1b	54efd5555be76ebee5317f8d83af0be280095fa1	hyperpolymath/echidna	proofs/lean/Basic.lean	/- SPDX-FileCopyrightText: 2025 ECHIDNA Project Team SPDX-License-Identifier: MIT Basic Lean 4 Proofs - Foundation Level This file demonstrates fundamental proof patterns in Lean 4: - Identity proof	equiv	lean	success	794	0.5	\N	batch-direct	2026-04-05 13:02:36.434	2026-04-05 13:02:37.239	direct:lean	\N
4df24710-a5b8-4ffe-82f5-89ffe1e6d91d	9e784c07035e43e7f55da2ab7ea43ca8de040f7c	hyperpolymath/echidna	proofs/lean/List.lean	/- SPDX-FileCopyrightText: 2025 ECHIDNA Project Team SPDX-License-Identifier: MIT List Proofs in Lean 4 This file demonstrates proofs about lists: - Append properties - Length theorems - Map and fol	equiv	lean	failure	1022	0.5	\N	batch-direct	2026-04-05 13:02:37.301	2026-04-05 13:02:38.332	direct:lean	\N
7ecefc6c-a8e0-4603-99ef-4a30394fc42b	330a00c86b83128561ee25512ead3a60c83cef2c	hyperpolymath/echidna	proofs/lean/Propositional.lean	/- SPDX-FileCopyrightText: 2025 ECHIDNA Project Team SPDX-License-Identifier: MIT Propositional Logic Proofs in Lean 4 This file demonstrates propositional logic theorems: - De Morgan\'s laws - Doubl	equiv	lean	failure	879	0.5	\N	batch-direct	2026-04-05 13:02:38.393	2026-04-05 13:02:39.282	direct:lean	\N
a29312c7-d7a9-496a-8745-42f0a07d9538	4ed7b7f2c577e411c45f1e4863e6a85a36b1ef34	hyperpolymath/echidna	proofs/lean/lakefile.lean	import Lake open Lake DSL package echidna_proofs where -- add package configuration options here @[default_target] lean_lib ECHIDNA where -- add library configuration options here roots := #[`	equiv	lean	failure	1034	0.5	\N	batch-direct	2026-04-05 13:02:39.345	2026-04-05 13:02:40.390	direct:lean	\N
b4933806-a4b6-439d-9c36-cb48a027b923	cbf94318bc983531757a91b2034bef1b97bb5608	hyperpolymath/echidna	proofs/lean/Nat.lean	/- SPDX-FileCopyrightText: 2025 Jonathan D.A. Jewell <j.d.a.jewell@open.ac.uk> SPDX-License-Identifier: PMPL-1.0-or-later Natural Number Proofs in Lean 4 This file demonstrates proofs about natural 	equiv	lean	failure	1000	0.5	\N	batch-direct	2026-04-05 13:02:40.455	2026-04-05 13:02:41.464	direct:lean	\N
3b7f9890-4e29-4760-9e61-85b1f596b446	43d55ab7ae27b2357fb40c4f0796d6da3c232262	hyperpolymath/echidna	proofs/lean/algebra/GroupTheory.lean	-- SPDX-License-Identifier: PMPL-1.0-or-later -- Copyright (c) 2026 ECHIDNA Project -- Group Theory Examples for ML Training Corpus import Mathlib.Algebra.Group.Defs import Mathlib.Tactic -- Basic g	equiv	lean	failure	611	0.5	\N	batch-direct	2026-04-05 13:02:41.526	2026-04-05 13:02:42.148	direct:lean	\N
330b518d-327a-4df5-9ff8-f43417f1ea9a	6008debedcca85b6aeb2d868feaeb8add3f049ac	hyperpolymath/echidna	proofs/lean/mvp_basic.lean	-- Minimal Lean example for ECHIDNA MVP axiom A : Prop 	equiv	lean	success	734	0.5	\N	batch-direct	2026-04-05 13:02:42.209	2026-04-05 13:02:42.953	direct:lean	\N
ed9a7a00-3f32-4cac-8e7a-a7edf574a81a	54efd5555be76ebee5317f8d83af0be280095fa1	hyperpolymath/echidna	proofs/lean/Basic.lean	/- SPDX-FileCopyrightText: 2025 ECHIDNA Project Team SPDX-License-Identifier: MIT Basic Lean 4 Proofs - Foundation Level This file demonstrates fundamental proof patterns in Lean 4: - Identity proof	equiv	lean	success	813	0.5	\N	batch-direct	2026-04-05 13:03:33.483	2026-04-05 13:03:34.307	direct:lean	\N
9b0abefe-13b0-4031-acf5-9eaf0f2e9c96	9e784c07035e43e7f55da2ab7ea43ca8de040f7c	hyperpolymath/echidna	proofs/lean/List.lean	/- SPDX-FileCopyrightText: 2025 ECHIDNA Project Team SPDX-License-Identifier: MIT List Proofs in Lean 4 This file demonstrates proofs about lists: - Append properties - Length theorems - Map and fol	equiv	lean	failure	1028	0.5	\N	batch-direct	2026-04-05 13:03:34.370	2026-04-05 13:03:35.407	direct:lean	\N
662f2c9e-5563-4d60-a6d9-19b1f66a35e9	330a00c86b83128561ee25512ead3a60c83cef2c	hyperpolymath/echidna	proofs/lean/Propositional.lean	/- SPDX-FileCopyrightText: 2025 ECHIDNA Project Team SPDX-License-Identifier: MIT Propositional Logic Proofs in Lean 4 This file demonstrates propositional logic theorems: - De Morgan\'s laws - Doubl	equiv	lean	failure	907	0.5	\N	batch-direct	2026-04-05 13:03:35.468	2026-04-05 13:03:36.386	direct:lean	\N
46095633-1116-451d-ab88-566179bbc9ce	4ed7b7f2c577e411c45f1e4863e6a85a36b1ef34	hyperpolymath/echidna	proofs/lean/lakefile.lean	import Lake open Lake DSL package echidna_proofs where -- add package configuration options here @[default_target] lean_lib ECHIDNA where -- add library configuration options here roots := #[`	equiv	lean	failure	1061	0.5	\N	batch-direct	2026-04-05 13:03:36.452	2026-04-05 13:03:37.523	direct:lean	\N
8ee4a928-8e5e-4612-b8fd-4a94ed7495ad	cbf94318bc983531757a91b2034bef1b97bb5608	hyperpolymath/echidna	proofs/lean/Nat.lean	/- SPDX-FileCopyrightText: 2025 Jonathan D.A. Jewell <j.d.a.jewell@open.ac.uk> SPDX-License-Identifier: PMPL-1.0-or-later Natural Number Proofs in Lean 4 This file demonstrates proofs about natural 	equiv	lean	failure	989	0.5	\N	batch-direct	2026-04-05 13:03:37.601	2026-04-05 13:03:38.601	direct:lean	\N
497ccffc-e9fb-441f-85ab-9c2d3ad58fe7	43d55ab7ae27b2357fb40c4f0796d6da3c232262	hyperpolymath/echidna	proofs/lean/algebra/GroupTheory.lean	-- SPDX-License-Identifier: PMPL-1.0-or-later -- Copyright (c) 2026 ECHIDNA Project -- Group Theory Examples for ML Training Corpus import Mathlib.Algebra.Group.Defs import Mathlib.Tactic -- Basic g	equiv	lean	failure	691	0.5	\N	batch-direct	2026-04-05 13:03:38.675	2026-04-05 13:03:39.376	direct:lean	\N
1c7dde75-0247-4307-96af-03fd88f76578	6008debedcca85b6aeb2d868feaeb8add3f049ac	hyperpolymath/echidna	proofs/lean/mvp_basic.lean	-- Minimal Lean example for ECHIDNA MVP axiom A : Prop 	equiv	lean	success	760	0.5	\N	batch-direct	2026-04-05 13:03:39.439	2026-04-05 13:03:40.211	direct:lean	\N
d421a365-bf61-42cf-a1d5-c96780d030a1	54efd5555be76ebee5317f8d83af0be280095fa1	hyperpolymath/echidna	proofs/lean/Basic.lean	/- SPDX-FileCopyrightText: 2025 ECHIDNA Project Team SPDX-License-Identifier: MIT Basic Lean 4 Proofs - Foundation Level This file demonstrates fundamental proof patterns in Lean 4: - Identity proof	equiv	lean	success	2785	0.5	\N	batch-direct	2026-04-05 14:53:08.303	2026-04-05 14:53:11.097	direct:lean	\N
99221f39-d828-4089-81dc-7496b01365b7	9e784c07035e43e7f55da2ab7ea43ca8de040f7c	hyperpolymath/echidna	proofs/lean/List.lean	/- SPDX-FileCopyrightText: 2025 ECHIDNA Project Team SPDX-License-Identifier: MIT List Proofs in Lean 4 This file demonstrates proofs about lists: - Append properties - Length theorems - Map and fol	equiv	lean	failure	984	0.5	\N	batch-direct	2026-04-05 14:53:11.165	2026-04-05 14:53:12.159	direct:lean	\N
9a9d6513-2744-4664-a570-8c50802ae2a0	330a00c86b83128561ee25512ead3a60c83cef2c	hyperpolymath/echidna	proofs/lean/Propositional.lean	/- SPDX-FileCopyrightText: 2025 ECHIDNA Project Team SPDX-License-Identifier: MIT Propositional Logic Proofs in Lean 4 This file demonstrates propositional logic theorems: - De Morgan\'s laws - Doubl	equiv	lean	failure	902	0.5	\N	batch-direct	2026-04-05 14:53:12.229	2026-04-05 14:53:13.143	direct:lean	\N
48a08f98-7616-4bc1-8581-f759ebf74f2b	4ed7b7f2c577e411c45f1e4863e6a85a36b1ef34	hyperpolymath/echidna	proofs/lean/lakefile.lean	import Lake open Lake DSL package echidna_proofs where -- add package configuration options here @[default_target] lean_lib ECHIDNA where -- add library configuration options here roots := #[`	equiv	lean	failure	2058	0.5	\N	batch-direct	2026-04-05 14:53:13.220	2026-04-05 14:53:15.289	direct:lean	\N
e2401c6d-5fb4-4a5f-bbb1-7a17d46c17bb	cbf94318bc983531757a91b2034bef1b97bb5608	hyperpolymath/echidna	proofs/lean/Nat.lean	/- SPDX-FileCopyrightText: 2025 Jonathan D.A. Jewell <j.d.a.jewell@open.ac.uk> SPDX-License-Identifier: PMPL-1.0-or-later Natural Number Proofs in Lean 4 This file demonstrates proofs about natural 	equiv	lean	failure	1035	0.5	\N	batch-direct	2026-04-05 14:53:15.360	2026-04-05 14:53:16.406	direct:lean	\N
804ac348-874c-488f-a751-2f10de76b085	43d55ab7ae27b2357fb40c4f0796d6da3c232262	hyperpolymath/echidna	proofs/lean/algebra/GroupTheory.lean	-- SPDX-License-Identifier: PMPL-1.0-or-later -- Copyright (c) 2026 ECHIDNA Project -- Group Theory Examples for ML Training Corpus import Mathlib.Algebra.Group.Defs import Mathlib.Tactic -- Basic g	equiv	lean	failure	629	0.5	\N	batch-direct	2026-04-05 14:53:16.484	2026-04-05 14:53:17.125	direct:lean	\N
2f9ac50d-f8a7-4188-8613-0efe08abcaa6	6008debedcca85b6aeb2d868feaeb8add3f049ac	hyperpolymath/echidna	proofs/lean/mvp_basic.lean	-- Minimal Lean example for ECHIDNA MVP axiom A : Prop 	equiv	lean	success	751	0.5	\N	batch-direct	2026-04-05 14:53:17.203	2026-04-05 14:53:17.964	direct:lean	\N
003f917a-ca22-4d38-a2a4-0fcfd26f3a20	54efd5555be76ebee5317f8d83af0be280095fa1	hyperpolymath/echidna	proofs/lean/Basic.lean	/- SPDX-FileCopyrightText: 2025 ECHIDNA Project Team SPDX-License-Identifier: MIT Basic Lean 4 Proofs - Foundation Level This file demonstrates fundamental proof patterns in Lean 4: - Identity proof	equiv	lean	success	928	0.5	\N	batch-direct	2026-04-05 15:04:28.562	2026-04-05 15:04:29.502	direct:lean	\N
e22b7502-43a9-45e0-992f-c20e1aa81d30	9e784c07035e43e7f55da2ab7ea43ca8de040f7c	hyperpolymath/echidna	proofs/lean/List.lean	/- SPDX-FileCopyrightText: 2025 ECHIDNA Project Team SPDX-License-Identifier: MIT List Proofs in Lean 4 This file demonstrates proofs about lists: - Append properties - Length theorems - Map and fol	equiv	lean	failure	996	0.5	\N	batch-direct	2026-04-05 15:04:29.597	2026-04-05 15:04:30.603	direct:lean	\N
4d5b24be-97b4-4e65-8562-a37288dc02b6	330a00c86b83128561ee25512ead3a60c83cef2c	hyperpolymath/echidna	proofs/lean/Propositional.lean	/- SPDX-FileCopyrightText: 2025 ECHIDNA Project Team SPDX-License-Identifier: MIT Propositional Logic Proofs in Lean 4 This file demonstrates propositional logic theorems: - De Morgan\'s laws - Doubl	equiv	lean	failure	858	0.5	\N	batch-direct	2026-04-05 15:04:30.686	2026-04-05 15:04:31.555	direct:lean	\N
062eca7e-a846-4d26-96db-21a883b61b18	4ed7b7f2c577e411c45f1e4863e6a85a36b1ef34	hyperpolymath/echidna	proofs/lean/lakefile.lean	import Lake open Lake DSL package echidna_proofs where -- add package configuration options here @[default_target] lean_lib ECHIDNA where -- add library configuration options here roots := #[`	equiv	lean	failure	1361	0.5	\N	batch-direct	2026-04-05 15:04:31.638	2026-04-05 15:04:33.011	direct:lean	\N
f398c36d-24fe-43d2-ae11-c487bf2455c3	cbf94318bc983531757a91b2034bef1b97bb5608	hyperpolymath/echidna	proofs/lean/Nat.lean	/- SPDX-FileCopyrightText: 2025 Jonathan D.A. Jewell <j.d.a.jewell@open.ac.uk> SPDX-License-Identifier: PMPL-1.0-or-later Natural Number Proofs in Lean 4 This file demonstrates proofs about natural 	equiv	lean	failure	1044	0.5	\N	batch-direct	2026-04-05 15:04:33.103	2026-04-05 15:04:34.158	direct:lean	\N
31cb4ce3-f1dd-4c8a-a8c9-195337261fec	43d55ab7ae27b2357fb40c4f0796d6da3c232262	hyperpolymath/echidna	proofs/lean/algebra/GroupTheory.lean	-- SPDX-License-Identifier: PMPL-1.0-or-later -- Copyright (c) 2026 ECHIDNA Project -- Group Theory Examples for ML Training Corpus import Mathlib.Algebra.Group.Defs import Mathlib.Tactic -- Basic g	equiv	lean	failure	619	0.5	\N	batch-direct	2026-04-05 15:04:34.251	2026-04-05 15:04:34.881	direct:lean	\N
3a22b41e-d341-4c24-b402-c785c3c2f2c0	ad3875a37cad6009019949aa0cc7dc59e5f1db56	hyperpolymath/echidna	proofs/agda/Basic.agda	-- SPDX-FileCopyrightText: 2025 ECHIDNA Project Team -- SPDX-License-Identifier: MIT AND Palimpsest-0.6 -- -- Basic.agda - Simple proofs demonstrating fundamental logical principles -- -- This file co	equiv	agda	failure	71	0.5	\N	batch-direct	2026-04-05 10:37:31.089	2026-04-05 10:37:31.171	direct:agda	\N
b4aa95e0-d557-4462-8dbc-86cf4cf6f22e	89398df63f94573b7195dfee40ec1eb939f0a61f	hyperpolymath/echidna	proofs/agda/List.agda	-- SPDX-FileCopyrightText: 2025 ECHIDNA Project Team -- SPDX-License-Identifier: MIT AND Palimpsest-0.6 -- -- List.agda - List data structure proofs -- -- This file demonstrates list operations and th	equiv	agda	failure	122	0.5	\N	batch-direct	2026-04-05 10:37:31.293	2026-04-05 10:37:31.428	direct:agda	\N
87641c22-b7a0-45db-9866-be61abe3d0d7	6e2df3a7ab81721fcf7597545478b08aae82eab3	hyperpolymath/echidna	proofs/agda/Nat.agda	-- SPDX-FileCopyrightText: 2025 ECHIDNA Project Team -- SPDX-License-Identifier: MIT AND Palimpsest-0.6 -- -- Nat.agda - Natural number proofs and arithmetic properties -- -- This file demonstrates na	equiv	agda	failure	131	0.5	\N	batch-direct	2026-04-05 10:37:31.549	2026-04-05 10:37:31.690	direct:agda	\N
c078ddb0-59d0-4edf-804c-f704ab821e59	1768c2d50e85ee0cebb6492aacdd2d961bdb352d	hyperpolymath/echidna	proofs/agda/Propositional.agda	-- SPDX-FileCopyrightText: 2025 ECHIDNA Project Team -- SPDX-License-Identifier: MIT AND Palimpsest-0.6 -- -- Propositional.agda - Propositional logic proofs -- -- This file demonstrates propositional	equiv	agda	failure	81	0.5	\N	batch-direct	2026-04-05 10:37:31.814	2026-04-05 10:37:31.905	direct:agda	\N
492052fe-edde-442e-9e33-fe6ce5d98995	55fe7dea3e6bd5fa95998cc4f589e9a5aa29d103	hyperpolymath/echidna	proofs/agda/ProofComposition.agda	-- SPDX-License-Identifier: PMPL-1.0-or-later -- Copyright (c) 2026 Jonathan D.A. Jewell (hyperpolymath) <j.d.a.jewell@open.ac.uk> -- -- ProofComposition.agda -- -- Proves that combining sub-proofs fr	equiv	agda	failure	62	0.5	\N	batch-direct	2026-04-05 10:37:32.021	2026-04-05 10:37:32.092	direct:agda	\N
d5c6b42f-eb0b-43f5-aefb-5aec51278177	ad3875a37cad6009019949aa0cc7dc59e5f1db56	hyperpolymath/echidna	proofs/agda/Basic.agda	-- SPDX-FileCopyrightText: 2025 ECHIDNA Project Team -- SPDX-License-Identifier: MIT AND Palimpsest-0.6 -- -- Basic.agda - Simple proofs demonstrating fundamental logical principles -- -- This file co	equiv	agda	failure	85	0.5	\N	batch-direct	2026-04-05 10:41:31.166	2026-04-05 10:41:31.264	direct:agda	\N
a6e60008-3622-4f62-8c47-5f91a6c1b0b8	89398df63f94573b7195dfee40ec1eb939f0a61f	hyperpolymath/echidna	proofs/agda/List.agda	-- SPDX-FileCopyrightText: 2025 ECHIDNA Project Team -- SPDX-License-Identifier: MIT AND Palimpsest-0.6 -- -- List.agda - List data structure proofs -- -- This file demonstrates list operations and th	equiv	agda	failure	160	0.5	\N	batch-direct	2026-04-05 10:41:31.402	2026-04-05 10:41:31.578	direct:agda	\N
95704e3b-0706-411a-9858-5160b20b54f4	6e2df3a7ab81721fcf7597545478b08aae82eab3	hyperpolymath/echidna	proofs/agda/Nat.agda	-- SPDX-FileCopyrightText: 2025 ECHIDNA Project Team -- SPDX-License-Identifier: MIT AND Palimpsest-0.6 -- -- Nat.agda - Natural number proofs and arithmetic properties -- -- This file demonstrates na	equiv	agda	failure	164	0.5	\N	batch-direct	2026-04-05 10:41:31.713	2026-04-05 10:41:31.888	direct:agda	\N
7d12ccdd-b28a-4af3-bca2-43bc116fefc3	ad3875a37cad6009019949aa0cc7dc59e5f1db56	hyperpolymath/echidna	proofs/agda/Basic.agda	-- SPDX-FileCopyrightText: 2025 ECHIDNA Project Team -- SPDX-License-Identifier: MIT AND Palimpsest-0.6 -- -- Basic.agda - Simple proofs demonstrating fundamental logical principles -- -- This file co	equiv	agda	failure	72	0.5	\N	batch-direct	2026-04-05 10:46:33.805	2026-04-05 10:46:33.887	direct:agda	\N
a9cd05f8-7d6f-45d9-b2aa-7c090f82a89b	89398df63f94573b7195dfee40ec1eb939f0a61f	hyperpolymath/echidna	proofs/agda/List.agda	-- SPDX-FileCopyrightText: 2025 ECHIDNA Project Team -- SPDX-License-Identifier: MIT AND Palimpsest-0.6 -- -- List.agda - List data structure proofs -- -- This file demonstrates list operations and th	equiv	agda	failure	114	0.5	\N	batch-direct	2026-04-05 10:46:33.996	2026-04-05 10:46:34.121	direct:agda	\N
5e79ed19-0461-459f-8089-a9ee08d48c4a	6e2df3a7ab81721fcf7597545478b08aae82eab3	hyperpolymath/echidna	proofs/agda/Nat.agda	-- SPDX-FileCopyrightText: 2025 ECHIDNA Project Team -- SPDX-License-Identifier: MIT AND Palimpsest-0.6 -- -- Nat.agda - Natural number proofs and arithmetic properties -- -- This file demonstrates na	equiv	agda	failure	112	0.5	\N	batch-direct	2026-04-05 10:46:34.236	2026-04-05 10:46:34.358	direct:agda	\N
b49a9dd7-4429-4f26-91b9-ef042767034a	ad3875a37cad6009019949aa0cc7dc59e5f1db56	hyperpolymath/echidna	proofs/agda/Basic.agda	-- SPDX-FileCopyrightText: 2025 ECHIDNA Project Team -- SPDX-License-Identifier: MIT AND Palimpsest-0.6 -- -- Basic.agda - Simple proofs demonstrating fundamental logical principles -- -- This file co	equiv	agda	failure	63	0.5	\N	batch-direct	2026-04-05 10:47:54.463	2026-04-05 10:47:54.536	direct:agda	\N
9ca1913e-19a4-4a3a-bfe3-6943cc2b8cee	89398df63f94573b7195dfee40ec1eb939f0a61f	hyperpolymath/echidna	proofs/agda/List.agda	-- SPDX-FileCopyrightText: 2025 ECHIDNA Project Team -- SPDX-License-Identifier: MIT AND Palimpsest-0.6 -- -- List.agda - List data structure proofs -- -- This file demonstrates list operations and th	equiv	agda	failure	114	0.5	\N	batch-direct	2026-04-05 10:47:54.650	2026-04-05 10:47:54.775	direct:agda	\N
69f5e011-1994-4c54-a770-56f46ce19e8a	6e2df3a7ab81721fcf7597545478b08aae82eab3	hyperpolymath/echidna	proofs/agda/Nat.agda	-- SPDX-FileCopyrightText: 2025 ECHIDNA Project Team -- SPDX-License-Identifier: MIT AND Palimpsest-0.6 -- -- Nat.agda - Natural number proofs and arithmetic properties -- -- This file demonstrates na	equiv	agda	failure	112	0.5	\N	batch-direct	2026-04-05 10:47:54.886	2026-04-05 10:47:55.011	direct:agda	\N
68ec7b04-b4d7-4c5a-b0b9-52c0dff7641c	1768c2d50e85ee0cebb6492aacdd2d961bdb352d	hyperpolymath/echidna	proofs/agda/Propositional.agda	-- SPDX-FileCopyrightText: 2025 ECHIDNA Project Team -- SPDX-License-Identifier: MIT AND Palimpsest-0.6 -- -- Propositional.agda - Propositional logic proofs -- -- This file demonstrates propositional	equiv	agda	failure	91	0.5	\N	batch-direct	2026-04-05 10:47:55.123	2026-04-05 10:47:55.225	direct:agda	\N
b7d717e4-2153-4de5-8797-243ba8287664	55fe7dea3e6bd5fa95998cc4f589e9a5aa29d103	hyperpolymath/echidna	proofs/agda/ProofComposition.agda	-- SPDX-License-Identifier: PMPL-1.0-or-later -- Copyright (c) 2026 Jonathan D.A. Jewell (hyperpolymath) <j.d.a.jewell@open.ac.uk> -- -- ProofComposition.agda -- -- Proves that combining sub-proofs fr	equiv	agda	failure	62	0.5	\N	batch-direct	2026-04-05 10:47:55.336	2026-04-05 10:47:55.408	direct:agda	\N
e2e02b0e-52ff-432d-86f6-eb97bcb0adea	ad3875a37cad6009019949aa0cc7dc59e5f1db56	hyperpolymath/echidna	proofs/agda/Basic.agda	-- SPDX-FileCopyrightText: 2025 ECHIDNA Project Team -- SPDX-License-Identifier: MIT AND Palimpsest-0.6 -- -- Basic.agda - Simple proofs demonstrating fundamental logical principles -- -- This file co	equiv	agda	failure	72	0.5	\N	batch-direct	2026-04-05 12:09:42.599	2026-04-05 12:09:42.680	direct:agda	\N
9b0a9d5f-30c9-4ca8-9541-40c12e8e68f7	89398df63f94573b7195dfee40ec1eb939f0a61f	hyperpolymath/echidna	proofs/agda/List.agda	-- SPDX-FileCopyrightText: 2025 ECHIDNA Project Team -- SPDX-License-Identifier: MIT AND Palimpsest-0.6 -- -- List.agda - List data structure proofs -- -- This file demonstrates list operations and th	equiv	agda	failure	102	0.5	\N	batch-direct	2026-04-05 12:09:42.788	2026-04-05 12:09:42.899	direct:agda	\N
47bf4152-2a30-4265-8ebe-954c9c31c970	6e2df3a7ab81721fcf7597545478b08aae82eab3	hyperpolymath/echidna	proofs/agda/Nat.agda	-- SPDX-FileCopyrightText: 2025 ECHIDNA Project Team -- SPDX-License-Identifier: MIT AND Palimpsest-0.6 -- -- Nat.agda - Natural number proofs and arithmetic properties -- -- This file demonstrates na	equiv	agda	failure	112	0.5	\N	batch-direct	2026-04-05 12:09:43.006	2026-04-05 12:09:43.128	direct:agda	\N
b7e9f4a3-38a7-440b-b057-d72fda1f391f	1768c2d50e85ee0cebb6492aacdd2d961bdb352d	hyperpolymath/echidna	proofs/agda/Propositional.agda	-- SPDX-FileCopyrightText: 2025 ECHIDNA Project Team -- SPDX-License-Identifier: MIT AND Palimpsest-0.6 -- -- Propositional.agda - Propositional logic proofs -- -- This file demonstrates propositional	equiv	agda	failure	82	0.5	\N	batch-direct	2026-04-05 12:09:43.236	2026-04-05 12:09:43.327	direct:agda	\N
febf3827-c17b-4393-a76d-8f0fec567b1b	55fe7dea3e6bd5fa95998cc4f589e9a5aa29d103	hyperpolymath/echidna	proofs/agda/ProofComposition.agda	-- SPDX-License-Identifier: PMPL-1.0-or-later -- Copyright (c) 2026 Jonathan D.A. Jewell (hyperpolymath) <j.d.a.jewell@open.ac.uk> -- -- ProofComposition.agda -- -- Proves that combining sub-proofs fr	equiv	agda	failure	5747	0.5	\N	batch-direct	2026-04-05 12:09:43.442	2026-04-05 12:09:49.198	direct:agda	\N
81ac8846-dbf4-46f6-b841-8fc5a355c8c8	bbcffee3503c4e15268832e4da82d9cad0602498	hyperpolymath/echidna	proofs/agda/IdentityLaws.agda	-- SPDX-License-Identifier: PMPL-1.0-or-later -- IdentityLaws.agda — trivial proofs that compile cleanly against -- agda-stdlib v2.3. Exists to exercise the echidnabot agda runner -- with a known-go	equiv	agda	success	3863	0.5	\N	batch-direct	2026-04-05 12:09:49.305	2026-04-05 12:09:53.177	direct:agda	\N
e8c4ea9e-1a17-4241-a3ac-bd0979522c73	ad3875a37cad6009019949aa0cc7dc59e5f1db56	hyperpolymath/echidna	proofs/agda/Basic.agda	-- SPDX-FileCopyrightText: 2025 ECHIDNA Project Team -- SPDX-License-Identifier: MIT AND Palimpsest-0.6 -- -- Basic.agda - Simple proofs demonstrating fundamental logical principles -- -- This file co	equiv	agda	failure	60	0.5	\N	batch-direct	2026-04-05 12:11:06.812	2026-04-05 12:11:06.882	direct:agda	\N
3a07ea83-06dc-4050-814f-e255213f2b01	89398df63f94573b7195dfee40ec1eb939f0a61f	hyperpolymath/echidna	proofs/agda/List.agda	-- SPDX-FileCopyrightText: 2025 ECHIDNA Project Team -- SPDX-License-Identifier: MIT AND Palimpsest-0.6 -- -- List.agda - List data structure proofs -- -- This file demonstrates list operations and th	equiv	agda	failure	101	0.5	\N	batch-direct	2026-04-05 12:11:06.950	2026-04-05 12:11:07.060	direct:agda	\N
3e09e103-0fb6-4e79-94e4-d47887abfa45	6e2df3a7ab81721fcf7597545478b08aae82eab3	hyperpolymath/echidna	proofs/agda/Nat.agda	-- SPDX-FileCopyrightText: 2025 ECHIDNA Project Team -- SPDX-License-Identifier: MIT AND Palimpsest-0.6 -- -- Nat.agda - Natural number proofs and arithmetic properties -- -- This file demonstrates na	equiv	agda	failure	122	0.5	\N	batch-direct	2026-04-05 12:11:07.129	2026-04-05 12:11:07.261	direct:agda	\N
4fff317c-49cf-4ed3-aecf-58263e278e71	1768c2d50e85ee0cebb6492aacdd2d961bdb352d	hyperpolymath/echidna	proofs/agda/Propositional.agda	-- SPDX-FileCopyrightText: 2025 ECHIDNA Project Team -- SPDX-License-Identifier: MIT AND Palimpsest-0.6 -- -- Propositional.agda - Propositional logic proofs -- -- This file demonstrates propositional	equiv	agda	failure	82	0.5	\N	batch-direct	2026-04-05 12:11:07.331	2026-04-05 12:11:07.423	direct:agda	\N
da46613a-4cf0-4d6c-93cf-377e197b5827	55fe7dea3e6bd5fa95998cc4f589e9a5aa29d103	hyperpolymath/echidna	proofs/agda/ProofComposition.agda	-- SPDX-License-Identifier: PMPL-1.0-or-later -- Copyright (c) 2026 Jonathan D.A. Jewell (hyperpolymath) <j.d.a.jewell@open.ac.uk> -- -- ProofComposition.agda -- -- Proves that combining sub-proofs fr	equiv	agda	failure	5712	0.5	\N	batch-direct	2026-04-05 12:11:07.496	2026-04-05 12:11:13.217	direct:agda	\N
66476fca-4977-4961-adf9-f9f1f1654020	bbcffee3503c4e15268832e4da82d9cad0602498	hyperpolymath/echidna	proofs/agda/IdentityLaws.agda	-- SPDX-License-Identifier: PMPL-1.0-or-later -- IdentityLaws.agda — trivial proofs that compile cleanly against -- agda-stdlib v2.3. Exists to exercise the echidnabot agda runner -- with a known-go	equiv	agda	success	3882	0.5	\N	batch-direct	2026-04-05 12:11:13.283	2026-04-05 12:11:17.174	direct:agda	\N
3181383f-c937-40a4-970e-1ec892ff6955	ad3875a37cad6009019949aa0cc7dc59e5f1db56	hyperpolymath/echidna	proofs/agda/Basic.agda	-- SPDX-FileCopyrightText: 2025 ECHIDNA Project Team -- SPDX-License-Identifier: MIT AND Palimpsest-0.6 -- -- Basic.agda - Simple proofs demonstrating fundamental logical principles -- -- This file co	equiv	agda	failure	61	0.5	\N	batch-direct	2026-04-05 12:12:03.047	2026-04-05 12:12:03.118	direct:agda	\N
8f9c463c-8251-4d62-903f-825eb8a26fc5	89398df63f94573b7195dfee40ec1eb939f0a61f	hyperpolymath/echidna	proofs/agda/List.agda	-- SPDX-FileCopyrightText: 2025 ECHIDNA Project Team -- SPDX-License-Identifier: MIT AND Palimpsest-0.6 -- -- List.agda - List data structure proofs -- -- This file demonstrates list operations and th	equiv	agda	failure	113	0.5	\N	batch-direct	2026-04-05 12:12:03.185	2026-04-05 12:12:03.308	direct:agda	\N
e11f4fd1-e116-4eb8-901f-664b69bf945c	6e2df3a7ab81721fcf7597545478b08aae82eab3	hyperpolymath/echidna	proofs/agda/Nat.agda	-- SPDX-FileCopyrightText: 2025 ECHIDNA Project Team -- SPDX-License-Identifier: MIT AND Palimpsest-0.6 -- -- Nat.agda - Natural number proofs and arithmetic properties -- -- This file demonstrates na	equiv	agda	failure	122	0.5	\N	batch-direct	2026-04-05 12:12:03.375	2026-04-05 12:12:03.506	direct:agda	\N
d5689611-beca-40fd-a6e5-63620c4cc201	1768c2d50e85ee0cebb6492aacdd2d961bdb352d	hyperpolymath/echidna	proofs/agda/Propositional.agda	-- SPDX-FileCopyrightText: 2025 ECHIDNA Project Team -- SPDX-License-Identifier: MIT AND Palimpsest-0.6 -- -- Propositional.agda - Propositional logic proofs -- -- This file demonstrates propositional	equiv	agda	failure	91	0.5	\N	batch-direct	2026-04-05 12:12:03.587	2026-04-05 12:12:03.689	direct:agda	\N
20727c0d-1175-4415-94ff-13af9d7ac309	55fe7dea3e6bd5fa95998cc4f589e9a5aa29d103	hyperpolymath/echidna	proofs/agda/ProofComposition.agda	-- SPDX-License-Identifier: PMPL-1.0-or-later -- Copyright (c) 2026 Jonathan D.A. Jewell (hyperpolymath) <j.d.a.jewell@open.ac.uk> -- -- ProofComposition.agda -- -- Proves that combining sub-proofs fr	equiv	agda	failure	5547	0.5	\N	batch-direct	2026-04-05 12:12:03.755	2026-04-05 12:12:09.311	direct:agda	\N
62d78d7b-5a4c-46dd-b73a-28ddba875702	bbcffee3503c4e15268832e4da82d9cad0602498	hyperpolymath/echidna	proofs/agda/IdentityLaws.agda	-- SPDX-License-Identifier: PMPL-1.0-or-later -- IdentityLaws.agda — trivial proofs that compile cleanly against -- agda-stdlib v2.3. Exists to exercise the echidnabot agda runner -- with a known-go	equiv	agda	success	3759	0.5	\N	batch-direct	2026-04-05 12:12:09.380	2026-04-05 12:12:13.148	direct:agda	\N
ed3581ee-4aa4-4a3b-af85-c61b5a78878e	ad3875a37cad6009019949aa0cc7dc59e5f1db56	hyperpolymath/echidna	proofs/agda/Basic.agda	-- SPDX-FileCopyrightText: 2025 ECHIDNA Project Team -- SPDX-License-Identifier: MIT AND Palimpsest-0.6 -- -- Basic.agda - Simple proofs demonstrating fundamental logical principles -- -- This file co	equiv	agda	failure	72	0.5	\N	batch-direct	2026-04-05 12:12:56.612	2026-04-05 12:12:56.694	direct:agda	\N
faf61dff-b157-4b4a-b908-4a3370607e11	89398df63f94573b7195dfee40ec1eb939f0a61f	hyperpolymath/echidna	proofs/agda/List.agda	-- SPDX-FileCopyrightText: 2025 ECHIDNA Project Team -- SPDX-License-Identifier: MIT AND Palimpsest-0.6 -- -- List.agda - List data structure proofs -- -- This file demonstrates list operations and th	equiv	agda	failure	112	0.5	\N	batch-direct	2026-04-05 12:12:56.765	2026-04-05 12:12:56.886	direct:agda	\N
56833aa5-be9e-40ce-bd8b-d694920f50b1	6e2df3a7ab81721fcf7597545478b08aae82eab3	hyperpolymath/echidna	proofs/agda/Nat.agda	-- SPDX-FileCopyrightText: 2025 ECHIDNA Project Team -- SPDX-License-Identifier: MIT AND Palimpsest-0.6 -- -- Nat.agda - Natural number proofs and arithmetic properties -- -- This file demonstrates na	equiv	agda	failure	133	0.5	\N	batch-direct	2026-04-05 12:12:56.955	2026-04-05 12:12:57.099	direct:agda	\N
68c63a35-b21b-4de7-9bc5-946d3dcd7a8e	1768c2d50e85ee0cebb6492aacdd2d961bdb352d	hyperpolymath/echidna	proofs/agda/Propositional.agda	-- SPDX-FileCopyrightText: 2025 ECHIDNA Project Team -- SPDX-License-Identifier: MIT AND Palimpsest-0.6 -- -- Propositional.agda - Propositional logic proofs -- -- This file demonstrates propositional	equiv	agda	failure	91	0.5	\N	batch-direct	2026-04-05 12:12:57.170	2026-04-05 12:12:57.271	direct:agda	\N
bb91eb8b-8843-4088-8cad-7da226793a19	55fe7dea3e6bd5fa95998cc4f589e9a5aa29d103	hyperpolymath/echidna	proofs/agda/ProofComposition.agda	-- SPDX-License-Identifier: PMPL-1.0-or-later -- Copyright (c) 2026 Jonathan D.A. Jewell (hyperpolymath) <j.d.a.jewell@open.ac.uk> -- -- ProofComposition.agda -- -- Proves that combining sub-proofs fr	equiv	agda	failure	6185	0.5	\N	batch-direct	2026-04-05 12:12:57.338	2026-04-05 12:13:03.533	direct:agda	\N
2a6e53b8-b900-4d8b-b35b-d8d7fdcb8d76	bbcffee3503c4e15268832e4da82d9cad0602498	hyperpolymath/echidna	proofs/agda/IdentityLaws.agda	-- SPDX-License-Identifier: PMPL-1.0-or-later -- IdentityLaws.agda — trivial proofs that compile cleanly against -- agda-stdlib v2.3. Exists to exercise the echidnabot agda runner -- with a known-go	equiv	agda	success	4065	0.5	\N	batch-direct	2026-04-05 12:13:03.617	2026-04-05 12:13:07.693	direct:agda	\N
6bf20cb9-5e55-4a61-932b-e8b74393f2c4	ad3875a37cad6009019949aa0cc7dc59e5f1db56	hyperpolymath/echidna	proofs/agda/Basic.agda	-- SPDX-FileCopyrightText: 2025 ECHIDNA Project Team -- SPDX-License-Identifier: MIT AND Palimpsest-0.6 -- -- Basic.agda - Simple proofs demonstrating fundamental logical principles -- -- This file co	equiv	agda	failure	72	0.5	\N	batch-direct	2026-04-05 12:13:52.710	2026-04-05 12:13:52.791	direct:agda	\N
0b05c3f0-7933-4bb6-86c5-6bcf900c14d2	89398df63f94573b7195dfee40ec1eb939f0a61f	hyperpolymath/echidna	proofs/agda/List.agda	-- SPDX-FileCopyrightText: 2025 ECHIDNA Project Team -- SPDX-License-Identifier: MIT AND Palimpsest-0.6 -- -- List.agda - List data structure proofs -- -- This file demonstrates list operations and th	equiv	agda	failure	112	0.5	\N	batch-direct	2026-04-05 12:13:52.861	2026-04-05 12:13:52.983	direct:agda	\N
95caed5c-c77d-4b78-ad31-50baeec50f82	6e2df3a7ab81721fcf7597545478b08aae82eab3	hyperpolymath/echidna	proofs/agda/Nat.agda	-- SPDX-FileCopyrightText: 2025 ECHIDNA Project Team -- SPDX-License-Identifier: MIT AND Palimpsest-0.6 -- -- Nat.agda - Natural number proofs and arithmetic properties -- -- This file demonstrates na	equiv	agda	failure	122	0.5	\N	batch-direct	2026-04-05 12:13:53.051	2026-04-05 12:13:53.182	direct:agda	\N
1649750b-ce70-4221-8b6d-eece7c5e6a7d	1768c2d50e85ee0cebb6492aacdd2d961bdb352d	hyperpolymath/echidna	proofs/agda/Propositional.agda	-- SPDX-FileCopyrightText: 2025 ECHIDNA Project Team -- SPDX-License-Identifier: MIT AND Palimpsest-0.6 -- -- Propositional.agda - Propositional logic proofs -- -- This file demonstrates propositional	equiv	agda	failure	81	0.5	\N	batch-direct	2026-04-05 12:13:53.251	2026-04-05 12:13:53.343	direct:agda	\N
b7c3112e-a56b-452f-91c6-0ef2fbcbfd48	55fe7dea3e6bd5fa95998cc4f589e9a5aa29d103	hyperpolymath/echidna	proofs/agda/ProofComposition.agda	-- SPDX-License-Identifier: PMPL-1.0-or-later -- Copyright (c) 2026 Jonathan D.A. Jewell (hyperpolymath) <j.d.a.jewell@open.ac.uk> -- -- ProofComposition.agda -- -- Proves that combining sub-proofs fr	equiv	agda	failure	5500	0.5	\N	batch-direct	2026-04-05 12:13:53.409	2026-04-05 12:13:58.918	direct:agda	\N
d1255c4a-eb53-4963-941d-e9470f80c166	bbcffee3503c4e15268832e4da82d9cad0602498	hyperpolymath/echidna	proofs/agda/IdentityLaws.agda	-- SPDX-License-Identifier: PMPL-1.0-or-later -- IdentityLaws.agda — trivial proofs that compile cleanly against -- agda-stdlib v2.3. Exists to exercise the echidnabot agda runner -- with a known-go	equiv	agda	success	3781	0.5	\N	batch-direct	2026-04-05 12:13:58.984	2026-04-05 12:14:02.775	direct:agda	\N
1201237b-08f9-42af-a368-2010b6c9d311	ad3875a37cad6009019949aa0cc7dc59e5f1db56	hyperpolymath/echidna	proofs/agda/Basic.agda	-- SPDX-FileCopyrightText: 2025 ECHIDNA Project Team -- SPDX-License-Identifier: MIT AND Palimpsest-0.6 -- -- Basic.agda - Simple proofs demonstrating fundamental logical principles -- -- This file co	equiv	agda	failure	61	0.5	\N	batch-direct	2026-04-05 12:14:48.849	2026-04-05 12:14:48.919	direct:agda	\N
a8046b4c-f202-4480-ab98-3bc7f2a36183	89398df63f94573b7195dfee40ec1eb939f0a61f	hyperpolymath/echidna	proofs/agda/List.agda	-- SPDX-FileCopyrightText: 2025 ECHIDNA Project Team -- SPDX-License-Identifier: MIT AND Palimpsest-0.6 -- -- List.agda - List data structure proofs -- -- This file demonstrates list operations and th	equiv	agda	failure	122	0.5	\N	batch-direct	2026-04-05 12:14:48.988	2026-04-05 12:14:49.120	direct:agda	\N
474aa202-d63e-4729-812a-569208b60aa4	6e2df3a7ab81721fcf7597545478b08aae82eab3	hyperpolymath/echidna	proofs/agda/Nat.agda	-- SPDX-FileCopyrightText: 2025 ECHIDNA Project Team -- SPDX-License-Identifier: MIT AND Palimpsest-0.6 -- -- Nat.agda - Natural number proofs and arithmetic properties -- -- This file demonstrates na	equiv	agda	failure	132	0.5	\N	batch-direct	2026-04-05 12:14:49.192	2026-04-05 12:14:49.333	direct:agda	\N
b5e2991e-2da5-441a-b609-e78d3561b382	1768c2d50e85ee0cebb6492aacdd2d961bdb352d	hyperpolymath/echidna	proofs/agda/Propositional.agda	-- SPDX-FileCopyrightText: 2025 ECHIDNA Project Team -- SPDX-License-Identifier: MIT AND Palimpsest-0.6 -- -- Propositional.agda - Propositional logic proofs -- -- This file demonstrates propositional	equiv	agda	failure	81	0.5	\N	batch-direct	2026-04-05 12:14:49.399	2026-04-05 12:14:49.489	direct:agda	\N
19c76870-6e0a-4f45-8049-d45fbfc8229a	55fe7dea3e6bd5fa95998cc4f589e9a5aa29d103	hyperpolymath/echidna	proofs/agda/ProofComposition.agda	-- SPDX-License-Identifier: PMPL-1.0-or-later -- Copyright (c) 2026 Jonathan D.A. Jewell (hyperpolymath) <j.d.a.jewell@open.ac.uk> -- -- ProofComposition.agda -- -- Proves that combining sub-proofs fr	equiv	agda	failure	6162	0.5	\N	batch-direct	2026-04-05 12:14:49.555	2026-04-05 12:14:55.726	direct:agda	\N
6008beed-0521-41ff-8aed-c8d28de01d6b	bbcffee3503c4e15268832e4da82d9cad0602498	hyperpolymath/echidna	proofs/agda/IdentityLaws.agda	-- SPDX-License-Identifier: PMPL-1.0-or-later -- IdentityLaws.agda — trivial proofs that compile cleanly against -- agda-stdlib v2.3. Exists to exercise the echidnabot agda runner -- with a known-go	equiv	agda	success	3993	0.5	\N	batch-direct	2026-04-05 12:14:55.809	2026-04-05 12:14:59.813	direct:agda	\N
7a1f0c0d-33ea-41fd-a950-29933fd629ce	ad3875a37cad6009019949aa0cc7dc59e5f1db56	hyperpolymath/echidna	proofs/agda/Basic.agda	-- SPDX-FileCopyrightText: 2025 ECHIDNA Project Team -- SPDX-License-Identifier: MIT AND Palimpsest-0.6 -- -- Basic.agda - Simple proofs demonstrating fundamental logical principles -- -- This file co	equiv	agda	failure	71	0.5	\N	batch-direct	2026-04-05 12:16:05.152	2026-04-05 12:16:05.233	direct:agda	\N
af359827-0e90-40bb-8849-4dbdec7f4365	89398df63f94573b7195dfee40ec1eb939f0a61f	hyperpolymath/echidna	proofs/agda/List.agda	-- SPDX-FileCopyrightText: 2025 ECHIDNA Project Team -- SPDX-License-Identifier: MIT AND Palimpsest-0.6 -- -- List.agda - List data structure proofs -- -- This file demonstrates list operations and th	equiv	agda	failure	112	0.5	\N	batch-direct	2026-04-05 12:16:05.301	2026-04-05 12:16:05.422	direct:agda	\N
cc737722-7763-4202-9983-c6b3b3ada70e	6e2df3a7ab81721fcf7597545478b08aae82eab3	hyperpolymath/echidna	proofs/agda/Nat.agda	-- SPDX-FileCopyrightText: 2025 ECHIDNA Project Team -- SPDX-License-Identifier: MIT AND Palimpsest-0.6 -- -- Nat.agda - Natural number proofs and arithmetic properties -- -- This file demonstrates na	equiv	agda	failure	122	0.5	\N	batch-direct	2026-04-05 12:16:05.489	2026-04-05 12:16:05.621	direct:agda	\N
4a2c2383-a05f-4442-9445-24bcb9fd7fd1	1768c2d50e85ee0cebb6492aacdd2d961bdb352d	hyperpolymath/echidna	proofs/agda/Propositional.agda	-- SPDX-FileCopyrightText: 2025 ECHIDNA Project Team -- SPDX-License-Identifier: MIT AND Palimpsest-0.6 -- -- Propositional.agda - Propositional logic proofs -- -- This file demonstrates propositional	equiv	agda	failure	91	0.5	\N	batch-direct	2026-04-05 12:16:05.690	2026-04-05 12:16:05.791	direct:agda	\N
0289c805-4af9-453f-b7b6-3d662a27c6e6	55fe7dea3e6bd5fa95998cc4f589e9a5aa29d103	hyperpolymath/echidna	proofs/agda/ProofComposition.agda	-- SPDX-License-Identifier: PMPL-1.0-or-later -- Copyright (c) 2026 Jonathan D.A. Jewell (hyperpolymath) <j.d.a.jewell@open.ac.uk> -- -- ProofComposition.agda -- -- Proves that combining sub-proofs fr	equiv	agda	failure	6262	0.5	\N	batch-direct	2026-04-05 12:16:05.858	2026-04-05 12:16:12.131	direct:agda	\N
897f1d66-fea9-4663-9333-ab09298ee2b1	bbcffee3503c4e15268832e4da82d9cad0602498	hyperpolymath/echidna	proofs/agda/IdentityLaws.agda	-- SPDX-License-Identifier: PMPL-1.0-or-later -- IdentityLaws.agda — trivial proofs that compile cleanly against -- agda-stdlib v2.3. Exists to exercise the echidnabot agda runner -- with a known-go	equiv	agda	success	4103	0.5	\N	batch-direct	2026-04-05 12:16:12.206	2026-04-05 12:16:16.319	direct:agda	\N
dbcddb10-d3f4-4a12-862f-f9d812cb8872	ad3875a37cad6009019949aa0cc7dc59e5f1db56	hyperpolymath/echidna	proofs/agda/Basic.agda	-- SPDX-FileCopyrightText: 2025 ECHIDNA Project Team -- SPDX-License-Identifier: MIT AND Palimpsest-0.6 -- -- Basic.agda - Simple proofs demonstrating fundamental logical principles -- -- This file co	equiv	agda	failure	62	0.5	\N	batch-direct	2026-04-05 12:46:44.349	2026-04-05 12:46:44.421	direct:agda	\N
d5a16a6d-a758-4bc8-8811-c15b96dfa8af	89398df63f94573b7195dfee40ec1eb939f0a61f	hyperpolymath/echidna	proofs/agda/List.agda	-- SPDX-FileCopyrightText: 2025 ECHIDNA Project Team -- SPDX-License-Identifier: MIT AND Palimpsest-0.6 -- -- List.agda - List data structure proofs -- -- This file demonstrates list operations and th	equiv	agda	failure	102	0.5	\N	batch-direct	2026-04-05 12:46:44.497	2026-04-05 12:46:44.609	direct:agda	\N
9a6e53cb-e1ac-4a84-8cec-56d24b8304f5	6e2df3a7ab81721fcf7597545478b08aae82eab3	hyperpolymath/echidna	proofs/agda/Nat.agda	-- SPDX-FileCopyrightText: 2025 ECHIDNA Project Team -- SPDX-License-Identifier: MIT AND Palimpsest-0.6 -- -- Nat.agda - Natural number proofs and arithmetic properties -- -- This file demonstrates na	equiv	agda	failure	121	0.5	\N	batch-direct	2026-04-05 12:46:44.700	2026-04-05 12:46:44.830	direct:agda	\N
0de22d4c-dba5-45a3-a0ba-805a6123061a	1768c2d50e85ee0cebb6492aacdd2d961bdb352d	hyperpolymath/echidna	proofs/agda/Propositional.agda	-- SPDX-FileCopyrightText: 2025 ECHIDNA Project Team -- SPDX-License-Identifier: MIT AND Palimpsest-0.6 -- -- Propositional.agda - Propositional logic proofs -- -- This file demonstrates propositional	equiv	agda	failure	81	0.5	\N	batch-direct	2026-04-05 12:46:44.906	2026-04-05 12:46:44.996	direct:agda	\N
724118b5-0fdf-471d-aac0-0c7f4c74b3c8	55fe7dea3e6bd5fa95998cc4f589e9a5aa29d103	hyperpolymath/echidna	proofs/agda/ProofComposition.agda	-- SPDX-License-Identifier: PMPL-1.0-or-later -- Copyright (c) 2026 Jonathan D.A. Jewell (hyperpolymath) <j.d.a.jewell@open.ac.uk> -- -- ProofComposition.agda -- -- Proves that combining sub-proofs fr	equiv	agda	failure	5679	0.5	\N	batch-direct	2026-04-05 12:46:45.073	2026-04-05 12:46:50.761	direct:agda	\N
547b8ec9-00e7-4935-8d56-350eee52ac45	ad3875a37cad6009019949aa0cc7dc59e5f1db56	hyperpolymath/echidna	proofs/agda/Basic.agda	-- SPDX-FileCopyrightText: 2025 ECHIDNA Project Team -- SPDX-License-Identifier: MIT AND Palimpsest-0.6 -- -- Basic.agda - Simple proofs demonstrating fundamental logical principles -- -- This file co	equiv	agda	failure	71	0.5	\N	batch-direct	2026-04-05 12:53:11.722	2026-04-05 12:53:11.803	direct:agda	\N
00df240d-d9e2-45ac-830c-cee8bbd21969	89398df63f94573b7195dfee40ec1eb939f0a61f	hyperpolymath/echidna	proofs/agda/List.agda	-- SPDX-FileCopyrightText: 2025 ECHIDNA Project Team -- SPDX-License-Identifier: MIT AND Palimpsest-0.6 -- -- List.agda - List data structure proofs -- -- This file demonstrates list operations and th	equiv	agda	failure	113	0.5	\N	batch-direct	2026-04-05 12:53:11.882	2026-04-05 12:53:12.004	direct:agda	\N
b0093752-9f3e-48df-a36a-14792789d8a7	6e2df3a7ab81721fcf7597545478b08aae82eab3	hyperpolymath/echidna	proofs/agda/Nat.agda	-- SPDX-FileCopyrightText: 2025 ECHIDNA Project Team -- SPDX-License-Identifier: MIT AND Palimpsest-0.6 -- -- Nat.agda - Natural number proofs and arithmetic properties -- -- This file demonstrates na	equiv	agda	failure	132	0.5	\N	batch-direct	2026-04-05 12:53:12.083	2026-04-05 12:53:12.225	direct:agda	\N
617ea7e9-b2b3-44a6-8b90-585173e21034	1768c2d50e85ee0cebb6492aacdd2d961bdb352d	hyperpolymath/echidna	proofs/agda/Propositional.agda	-- SPDX-FileCopyrightText: 2025 ECHIDNA Project Team -- SPDX-License-Identifier: MIT AND Palimpsest-0.6 -- -- Propositional.agda - Propositional logic proofs -- -- This file demonstrates propositional	equiv	agda	failure	82	0.5	\N	batch-direct	2026-04-05 12:53:12.305	2026-04-05 12:53:12.397	direct:agda	\N
59413de7-45bd-46f4-8ef0-7c9c613d5117	55fe7dea3e6bd5fa95998cc4f589e9a5aa29d103	hyperpolymath/echidna	proofs/agda/ProofComposition.agda	-- SPDX-License-Identifier: PMPL-1.0-or-later -- Copyright (c) 2026 Jonathan D.A. Jewell (hyperpolymath) <j.d.a.jewell@open.ac.uk> -- -- ProofComposition.agda -- -- Proves that combining sub-proofs fr	equiv	agda	failure	5673	0.5	\N	batch-direct	2026-04-05 12:53:12.473	2026-04-05 12:53:18.163	direct:agda	\N
3ad6b859-ed75-4578-b052-c00ac16834b7	bbcffee3503c4e15268832e4da82d9cad0602498	hyperpolymath/echidna	proofs/agda/IdentityLaws.agda	-- SPDX-License-Identifier: PMPL-1.0-or-later -- IdentityLaws.agda — trivial proofs that compile cleanly against -- agda-stdlib v2.3. Exists to exercise the echidnabot agda runner -- with a known-go	equiv	agda	success	3823	0.5	\N	batch-direct	2026-04-05 12:53:18.274	2026-04-05 12:53:22.107	direct:agda	\N
c538e67e-25c5-4408-8b61-91b5c9645de1	ad3875a37cad6009019949aa0cc7dc59e5f1db56	hyperpolymath/echidna	proofs/agda/Basic.agda	-- SPDX-FileCopyrightText: 2025 ECHIDNA Project Team -- SPDX-License-Identifier: MIT AND Palimpsest-0.6 -- -- Basic.agda - Simple proofs demonstrating fundamental logical principles -- -- This file co	equiv	agda	failure	73	0.5	\N	batch-direct	2026-04-05 12:59:15.345	2026-04-05 12:59:15.427	direct:agda	\N
f17181cb-73b5-4c89-a047-4aaa60aac3bb	89398df63f94573b7195dfee40ec1eb939f0a61f	hyperpolymath/echidna	proofs/agda/List.agda	-- SPDX-FileCopyrightText: 2025 ECHIDNA Project Team -- SPDX-License-Identifier: MIT AND Palimpsest-0.6 -- -- List.agda - List data structure proofs -- -- This file demonstrates list operations and th	equiv	agda	failure	112	0.5	\N	batch-direct	2026-04-05 12:59:15.491	2026-04-05 12:59:15.613	direct:agda	\N
2e5e4b5f-180b-4d9b-988f-2a133c1662f3	6e2df3a7ab81721fcf7597545478b08aae82eab3	hyperpolymath/echidna	proofs/agda/Nat.agda	-- SPDX-FileCopyrightText: 2025 ECHIDNA Project Team -- SPDX-License-Identifier: MIT AND Palimpsest-0.6 -- -- Nat.agda - Natural number proofs and arithmetic properties -- -- This file demonstrates na	equiv	agda	failure	121	0.5	\N	batch-direct	2026-04-05 12:59:15.679	2026-04-05 12:59:15.809	direct:agda	\N
b8ced293-39eb-4817-b9b5-41888a25d51b	1768c2d50e85ee0cebb6492aacdd2d961bdb352d	hyperpolymath/echidna	proofs/agda/Propositional.agda	-- SPDX-FileCopyrightText: 2025 ECHIDNA Project Team -- SPDX-License-Identifier: MIT AND Palimpsest-0.6 -- -- Propositional.agda - Propositional logic proofs -- -- This file demonstrates propositional	equiv	agda	failure	92	0.5	\N	batch-direct	2026-04-05 12:59:15.875	2026-04-05 12:59:15.976	direct:agda	\N
824dc1d5-059b-464f-a7a2-54d23c1f14d2	55fe7dea3e6bd5fa95998cc4f589e9a5aa29d103	hyperpolymath/echidna	proofs/agda/ProofComposition.agda	-- SPDX-License-Identifier: PMPL-1.0-or-later -- Copyright (c) 2026 Jonathan D.A. Jewell (hyperpolymath) <j.d.a.jewell@open.ac.uk> -- -- ProofComposition.agda -- -- Proves that combining sub-proofs fr	equiv	agda	failure	5816	0.5	\N	batch-direct	2026-04-05 12:59:16.049	2026-04-05 12:59:21.874	direct:agda	\N
3c291215-2a8e-43bb-9b26-42b454256817	bbcffee3503c4e15268832e4da82d9cad0602498	hyperpolymath/echidna	proofs/agda/IdentityLaws.agda	-- SPDX-License-Identifier: PMPL-1.0-or-later -- IdentityLaws.agda — trivial proofs that compile cleanly against -- agda-stdlib v2.3. Exists to exercise the echidnabot agda runner -- with a known-go	equiv	agda	success	3903	0.5	\N	batch-direct	2026-04-05 12:59:21.942	2026-04-05 12:59:25.855	direct:agda	\N
30d2f726-64bb-4cc6-a02b-92bfe31c89d3	ad3875a37cad6009019949aa0cc7dc59e5f1db56	hyperpolymath/echidna	proofs/agda/Basic.agda	-- SPDX-FileCopyrightText: 2025 ECHIDNA Project Team -- SPDX-License-Identifier: MIT AND Palimpsest-0.6 -- -- Basic.agda - Simple proofs demonstrating fundamental logical principles -- -- This file co	equiv	agda	failure	61	0.5	\N	batch-direct	2026-04-05 13:00:13.045	2026-04-05 13:00:13.116	direct:agda	\N
ab4b7489-1f0f-4455-b6bd-4103723b0732	89398df63f94573b7195dfee40ec1eb939f0a61f	hyperpolymath/echidna	proofs/agda/List.agda	-- SPDX-FileCopyrightText: 2025 ECHIDNA Project Team -- SPDX-License-Identifier: MIT AND Palimpsest-0.6 -- -- List.agda - List data structure proofs -- -- This file demonstrates list operations and th	equiv	agda	failure	102	0.5	\N	batch-direct	2026-04-05 13:00:13.183	2026-04-05 13:00:13.294	direct:agda	\N
531fbe24-db94-43fe-86b1-96f73a1edeb8	6e2df3a7ab81721fcf7597545478b08aae82eab3	hyperpolymath/echidna	proofs/agda/Nat.agda	-- SPDX-FileCopyrightText: 2025 ECHIDNA Project Team -- SPDX-License-Identifier: MIT AND Palimpsest-0.6 -- -- Nat.agda - Natural number proofs and arithmetic properties -- -- This file demonstrates na	equiv	agda	failure	112	0.5	\N	batch-direct	2026-04-05 13:00:13.363	2026-04-05 13:00:13.484	direct:agda	\N
ece0c5ee-89df-4973-8b48-235c3ae6cbbf	1768c2d50e85ee0cebb6492aacdd2d961bdb352d	hyperpolymath/echidna	proofs/agda/Propositional.agda	-- SPDX-FileCopyrightText: 2025 ECHIDNA Project Team -- SPDX-License-Identifier: MIT AND Palimpsest-0.6 -- -- Propositional.agda - Propositional logic proofs -- -- This file demonstrates propositional	equiv	agda	failure	82	0.5	\N	batch-direct	2026-04-05 13:00:13.553	2026-04-05 13:00:13.645	direct:agda	\N
04ceb60c-6de3-450a-94e8-939a93b7c338	55fe7dea3e6bd5fa95998cc4f589e9a5aa29d103	hyperpolymath/echidna	proofs/agda/ProofComposition.agda	-- SPDX-License-Identifier: PMPL-1.0-or-later -- Copyright (c) 2026 Jonathan D.A. Jewell (hyperpolymath) <j.d.a.jewell@open.ac.uk> -- -- ProofComposition.agda -- -- Proves that combining sub-proofs fr	equiv	agda	failure	5629	0.5	\N	batch-direct	2026-04-05 13:00:13.715	2026-04-05 13:00:19.355	direct:agda	\N
57d88e97-629e-4dfc-a937-ab21d392b657	bbcffee3503c4e15268832e4da82d9cad0602498	hyperpolymath/echidna	proofs/agda/IdentityLaws.agda	-- SPDX-License-Identifier: PMPL-1.0-or-later -- IdentityLaws.agda — trivial proofs that compile cleanly against -- agda-stdlib v2.3. Exists to exercise the echidnabot agda runner -- with a known-go	equiv	agda	success	3759	0.5	\N	batch-direct	2026-04-05 13:00:19.445	2026-04-05 13:00:23.215	direct:agda	\N
c2374a4c-f3cb-44eb-b9ad-28b5ac03b60f	ad3875a37cad6009019949aa0cc7dc59e5f1db56	hyperpolymath/echidna	proofs/agda/Basic.agda	-- SPDX-FileCopyrightText: 2025 ECHIDNA Project Team -- SPDX-License-Identifier: MIT AND Palimpsest-0.6 -- -- Basic.agda - Simple proofs demonstrating fundamental logical principles -- -- This file co	equiv	agda	failure	61	0.5	\N	batch-direct	2026-04-05 13:01:45.782	2026-04-05 13:01:45.853	direct:agda	\N
719bd8ae-9c28-4adb-865a-4a4c6a5d0d8d	89398df63f94573b7195dfee40ec1eb939f0a61f	hyperpolymath/echidna	proofs/agda/List.agda	-- SPDX-FileCopyrightText: 2025 ECHIDNA Project Team -- SPDX-License-Identifier: MIT AND Palimpsest-0.6 -- -- List.agda - List data structure proofs -- -- This file demonstrates list operations and th	equiv	agda	failure	111	0.5	\N	batch-direct	2026-04-05 13:01:45.917	2026-04-05 13:01:46.037	direct:agda	\N
e45e24b0-9d77-4791-af75-a04786bd2819	6e2df3a7ab81721fcf7597545478b08aae82eab3	hyperpolymath/echidna	proofs/agda/Nat.agda	-- SPDX-FileCopyrightText: 2025 ECHIDNA Project Team -- SPDX-License-Identifier: MIT AND Palimpsest-0.6 -- -- Nat.agda - Natural number proofs and arithmetic properties -- -- This file demonstrates na	equiv	agda	failure	112	0.5	\N	batch-direct	2026-04-05 13:01:46.098	2026-04-05 13:01:46.219	direct:agda	\N
ab5f3351-d246-466f-9f35-0eb7894c19ed	1768c2d50e85ee0cebb6492aacdd2d961bdb352d	hyperpolymath/echidna	proofs/agda/Propositional.agda	-- SPDX-FileCopyrightText: 2025 ECHIDNA Project Team -- SPDX-License-Identifier: MIT AND Palimpsest-0.6 -- -- Propositional.agda - Propositional logic proofs -- -- This file demonstrates propositional	equiv	agda	failure	82	0.5	\N	batch-direct	2026-04-05 13:01:46.281	2026-04-05 13:01:46.372	direct:agda	\N
4304a5f0-9e1d-4a68-a9d8-b2ad38deadd1	55fe7dea3e6bd5fa95998cc4f589e9a5aa29d103	hyperpolymath/echidna	proofs/agda/ProofComposition.agda	-- SPDX-License-Identifier: PMPL-1.0-or-later -- Copyright (c) 2026 Jonathan D.A. Jewell (hyperpolymath) <j.d.a.jewell@open.ac.uk> -- -- ProofComposition.agda -- -- Proves that combining sub-proofs fr	equiv	agda	failure	5610	0.5	\N	batch-direct	2026-04-05 13:01:46.433	2026-04-05 13:01:52.054	direct:agda	\N
abe7074a-a6ad-4d60-ac57-8bf00038745b	bbcffee3503c4e15268832e4da82d9cad0602498	hyperpolymath/echidna	proofs/agda/IdentityLaws.agda	-- SPDX-License-Identifier: PMPL-1.0-or-later -- IdentityLaws.agda — trivial proofs that compile cleanly against -- agda-stdlib v2.3. Exists to exercise the echidnabot agda runner -- with a known-go	equiv	agda	success	3883	0.5	\N	batch-direct	2026-04-05 13:01:52.120	2026-04-05 13:01:56.014	direct:agda	\N
663ef1b2-5d59-49b0-baeb-03215a56e2de	ad3875a37cad6009019949aa0cc7dc59e5f1db56	hyperpolymath/echidna	proofs/agda/Basic.agda	-- SPDX-FileCopyrightText: 2025 ECHIDNA Project Team -- SPDX-License-Identifier: MIT AND Palimpsest-0.6 -- -- Basic.agda - Simple proofs demonstrating fundamental logical principles -- -- This file co	equiv	agda	failure	72	0.5	\N	batch-direct	2026-04-05 13:02:43.026	2026-04-05 13:02:43.107	direct:agda	\N
3364c4f5-33ce-4e9d-99af-e5efc10eaac9	89398df63f94573b7195dfee40ec1eb939f0a61f	hyperpolymath/echidna	proofs/agda/List.agda	-- SPDX-FileCopyrightText: 2025 ECHIDNA Project Team -- SPDX-License-Identifier: MIT AND Palimpsest-0.6 -- -- List.agda - List data structure proofs -- -- This file demonstrates list operations and th	equiv	agda	failure	103	0.5	\N	batch-direct	2026-04-05 13:02:43.168	2026-04-05 13:02:43.281	direct:agda	\N
b7700c6a-d8bc-4680-a6d9-b135f81019fe	6e2df3a7ab81721fcf7597545478b08aae82eab3	hyperpolymath/echidna	proofs/agda/Nat.agda	-- SPDX-FileCopyrightText: 2025 ECHIDNA Project Team -- SPDX-License-Identifier: MIT AND Palimpsest-0.6 -- -- Nat.agda - Natural number proofs and arithmetic properties -- -- This file demonstrates na	equiv	agda	failure	123	0.5	\N	batch-direct	2026-04-05 13:02:43.345	2026-04-05 13:02:43.478	direct:agda	\N
83f5b825-6185-4085-80df-ed7ba665e170	1768c2d50e85ee0cebb6492aacdd2d961bdb352d	hyperpolymath/echidna	proofs/agda/Propositional.agda	-- SPDX-FileCopyrightText: 2025 ECHIDNA Project Team -- SPDX-License-Identifier: MIT AND Palimpsest-0.6 -- -- Propositional.agda - Propositional logic proofs -- -- This file demonstrates propositional	equiv	agda	failure	82	0.5	\N	batch-direct	2026-04-05 13:02:43.540	2026-04-05 13:02:43.631	direct:agda	\N
c5a4b1c9-1fa0-404c-84ed-2bd5f777a45f	55fe7dea3e6bd5fa95998cc4f589e9a5aa29d103	hyperpolymath/echidna	proofs/agda/ProofComposition.agda	-- SPDX-License-Identifier: PMPL-1.0-or-later -- Copyright (c) 2026 Jonathan D.A. Jewell (hyperpolymath) <j.d.a.jewell@open.ac.uk> -- -- ProofComposition.agda -- -- Proves that combining sub-proofs fr	equiv	agda	failure	5621	0.5	\N	batch-direct	2026-04-05 13:02:43.706	2026-04-05 13:02:49.337	direct:agda	\N
4595a3b6-6b3d-4145-9cec-59f9a558924c	bbcffee3503c4e15268832e4da82d9cad0602498	hyperpolymath/echidna	proofs/agda/IdentityLaws.agda	-- SPDX-License-Identifier: PMPL-1.0-or-later -- IdentityLaws.agda — trivial proofs that compile cleanly against -- agda-stdlib v2.3. Exists to exercise the echidnabot agda runner -- with a known-go	equiv	agda	success	3873	0.5	\N	batch-direct	2026-04-05 13:02:49.397	2026-04-05 13:02:53.279	direct:agda	\N
ccbe5c20-556a-469f-ad9a-c0c315a9820c	ad3875a37cad6009019949aa0cc7dc59e5f1db56	hyperpolymath/echidna	proofs/agda/Basic.agda	-- SPDX-FileCopyrightText: 2025 ECHIDNA Project Team -- SPDX-License-Identifier: MIT AND Palimpsest-0.6 -- -- Basic.agda - Simple proofs demonstrating fundamental logical principles -- -- This file co	equiv	agda	failure	72	0.5	\N	batch-direct	2026-04-05 13:03:40.278	2026-04-05 13:03:40.359	direct:agda	\N
da40a244-d73f-46f6-a5ff-ece804ef8b3d	89398df63f94573b7195dfee40ec1eb939f0a61f	hyperpolymath/echidna	proofs/agda/List.agda	-- SPDX-FileCopyrightText: 2025 ECHIDNA Project Team -- SPDX-License-Identifier: MIT AND Palimpsest-0.6 -- -- List.agda - List data structure proofs -- -- This file demonstrates list operations and th	equiv	agda	failure	111	0.5	\N	batch-direct	2026-04-05 13:03:40.420	2026-04-05 13:03:40.541	direct:agda	\N
237d832f-ed07-4a88-9720-cc019e0d4465	6e2df3a7ab81721fcf7597545478b08aae82eab3	hyperpolymath/echidna	proofs/agda/Nat.agda	-- SPDX-FileCopyrightText: 2025 ECHIDNA Project Team -- SPDX-License-Identifier: MIT AND Palimpsest-0.6 -- -- Nat.agda - Natural number proofs and arithmetic properties -- -- This file demonstrates na	equiv	agda	failure	132	0.5	\N	batch-direct	2026-04-05 13:03:40.604	2026-04-05 13:03:40.745	direct:agda	\N
9e9537cc-7422-4e05-82e1-6741a3929515	1768c2d50e85ee0cebb6492aacdd2d961bdb352d	hyperpolymath/echidna	proofs/agda/Propositional.agda	-- SPDX-FileCopyrightText: 2025 ECHIDNA Project Team -- SPDX-License-Identifier: MIT AND Palimpsest-0.6 -- -- Propositional.agda - Propositional logic proofs -- -- This file demonstrates propositional	equiv	agda	failure	92	0.5	\N	batch-direct	2026-04-05 13:03:40.808	2026-04-05 13:03:40.909	direct:agda	\N
5e85137f-90b3-4c03-ac24-e8cf29aa2b8d	55fe7dea3e6bd5fa95998cc4f589e9a5aa29d103	hyperpolymath/echidna	proofs/agda/ProofComposition.agda	-- SPDX-License-Identifier: PMPL-1.0-or-later -- Copyright (c) 2026 Jonathan D.A. Jewell (hyperpolymath) <j.d.a.jewell@open.ac.uk> -- -- ProofComposition.agda -- -- Proves that combining sub-proofs fr	equiv	agda	failure	5669	0.5	\N	batch-direct	2026-04-05 13:03:40.975	2026-04-05 13:03:46.655	direct:agda	\N
54cdd67d-c901-4780-88ca-ceee264e3a02	bbcffee3503c4e15268832e4da82d9cad0602498	hyperpolymath/echidna	proofs/agda/IdentityLaws.agda	-- SPDX-License-Identifier: PMPL-1.0-or-later -- IdentityLaws.agda — trivial proofs that compile cleanly against -- agda-stdlib v2.3. Exists to exercise the echidnabot agda runner -- with a known-go	equiv	agda	success	3794	0.5	\N	batch-direct	2026-04-05 13:03:46.722	2026-04-05 13:03:50.525	direct:agda	\N
aaeb290a-94da-46ef-9bd9-8b6e764e9fb1	ad3875a37cad6009019949aa0cc7dc59e5f1db56	hyperpolymath/echidna	proofs/agda/Basic.agda	-- SPDX-FileCopyrightText: 2025 ECHIDNA Project Team -- SPDX-License-Identifier: MIT AND Palimpsest-0.6 -- -- Basic.agda - Simple proofs demonstrating fundamental logical principles -- -- This file co	equiv	agda	failure	195	0.5	\N	batch-direct	2026-04-05 14:53:18.042	2026-04-05 14:53:18.247	direct:agda	\N
4f7dd5a8-7083-48c0-bd0c-6ca7bbaf4cb8	89398df63f94573b7195dfee40ec1eb939f0a61f	hyperpolymath/echidna	proofs/agda/List.agda	-- SPDX-FileCopyrightText: 2025 ECHIDNA Project Team -- SPDX-License-Identifier: MIT AND Palimpsest-0.6 -- -- List.agda - List data structure proofs -- -- This file demonstrates list operations and th	equiv	agda	failure	103	0.5	\N	batch-direct	2026-04-05 14:53:18.318	2026-04-05 14:53:18.430	direct:agda	\N
3ab00417-dbee-412b-b035-86801c9941aa	6e2df3a7ab81721fcf7597545478b08aae82eab3	hyperpolymath/echidna	proofs/agda/Nat.agda	-- SPDX-FileCopyrightText: 2025 ECHIDNA Project Team -- SPDX-License-Identifier: MIT AND Palimpsest-0.6 -- -- Nat.agda - Natural number proofs and arithmetic properties -- -- This file demonstrates na	equiv	agda	failure	121	0.5	\N	batch-direct	2026-04-05 14:53:18.499	2026-04-05 14:53:18.631	direct:agda	\N
af60b720-9c67-48e5-8aa5-29be5ba01431	1768c2d50e85ee0cebb6492aacdd2d961bdb352d	hyperpolymath/echidna	proofs/agda/Propositional.agda	-- SPDX-FileCopyrightText: 2025 ECHIDNA Project Team -- SPDX-License-Identifier: MIT AND Palimpsest-0.6 -- -- Propositional.agda - Propositional logic proofs -- -- This file demonstrates propositional	equiv	agda	failure	102	0.5	\N	batch-direct	2026-04-05 14:53:18.705	2026-04-05 14:53:18.817	direct:agda	\N
aa971144-e845-489c-a599-48cc49afc8c3	55fe7dea3e6bd5fa95998cc4f589e9a5aa29d103	hyperpolymath/echidna	proofs/agda/ProofComposition.agda	-- SPDX-License-Identifier: PMPL-1.0-or-later -- Copyright (c) 2026 Jonathan D.A. Jewell (hyperpolymath) <j.d.a.jewell@open.ac.uk> -- -- ProofComposition.agda -- -- Proves that combining sub-proofs fr	equiv	agda	failure	6623	0.5	\N	batch-direct	2026-04-05 14:53:18.888	2026-04-05 14:53:25.523	direct:agda	\N
9e843a4a-64ab-4d98-921f-04fcea4e97b9	bbcffee3503c4e15268832e4da82d9cad0602498	hyperpolymath/echidna	proofs/agda/IdentityLaws.agda	-- SPDX-License-Identifier: PMPL-1.0-or-later -- IdentityLaws.agda — trivial proofs that compile cleanly against -- agda-stdlib v2.3. Exists to exercise the echidnabot agda runner -- with a known-go	equiv	agda	success	4349	0.5	\N	batch-direct	2026-04-05 14:53:25.606	2026-04-05 14:53:29.964	direct:agda	\N
38e9abf0-53e3-4348-ba51-e64aab5e9cee	40a039457a7a944574c4e0547272655104dee138	hyperpolymath/echidna	proofs/agda/Basic.agda	-- SPDX-FileCopyrightText: 2025 ECHIDNA Project Team -- SPDX-License-Identifier: PMPL-1.0-or-later -- -- Basic.agda — Simple proofs demonstrating fundamental logical principles. -- Uses agda-stdlib 	equiv	agda	success	4661	0.5	\N	batch-direct	2026-04-05 15:04:34.962	2026-04-05 15:04:39.640	direct:agda	\N
3b48050d-1f71-432a-8a97-18b07a713638	15e9e36792e06f765b3f56c1f8f2acbe3df22079	hyperpolymath/echidna	proofs/agda/List.agda	-- SPDX-License-Identifier: PMPL-1.0-or-later -- List.agda — list-manipulation proofs over agda-stdlib. module List where open import Data.List using (List; []; _∷_; _++_; length; map) open impo	equiv	agda	success	4641	0.5	\N	batch-direct	2026-04-05 15:04:39.749	2026-04-05 15:04:44.403	direct:agda	\N
644db32b-d80c-4d02-a539-8ba6432c106f	0267510f3af50d25740d76ed7e2cd4d36ed0f8ef	hyperpolymath/echidna	proofs/agda/Nat.agda	-- SPDX-License-Identifier: PMPL-1.0-or-later -- Nat.agda — natural number arithmetic proofs over agda-stdlib. module Nat where open import Data.Nat using (ℕ; zero; suc; _+_; _*_) open import Re	equiv	agda	success	4302	0.5	\N	batch-direct	2026-04-05 15:04:44.480	2026-04-05 15:04:48.794	direct:agda	\N
0d88741a-3c4d-4544-910d-e05db04a2173	69fba5e49b1060791c040d6bc3440222490c72c5	hyperpolymath/echidna	proofs/agda/Propositional.agda	-- SPDX-License-Identifier: PMPL-1.0-or-later -- Propositional.agda — intuitionistic propositional-logic proofs. module Propositional where open import Data.Empty using (⊥; ⊥-elim) open import	equiv	agda	success	284	0.5	\N	batch-direct	2026-04-05 15:04:48.906	2026-04-05 15:04:49.201	direct:agda	\N
d84db91e-df0d-4f90-a95c-728769ae5510	55fe7dea3e6bd5fa95998cc4f589e9a5aa29d103	hyperpolymath/echidna	proofs/agda/ProofComposition.agda	-- SPDX-License-Identifier: PMPL-1.0-or-later -- Copyright (c) 2026 Jonathan D.A. Jewell (hyperpolymath) <j.d.a.jewell@open.ac.uk> -- -- ProofComposition.agda -- -- Proves that combining sub-proofs fr	equiv	agda	failure	6790	0.5	\N	batch-direct	2026-04-05 15:04:49.280	2026-04-05 15:04:56.083	direct:agda	\N
20166a65-650f-4d5b-9e5f-5b920529ec38	bbcffee3503c4e15268832e4da82d9cad0602498	hyperpolymath/echidna	proofs/agda/IdentityLaws.agda	-- SPDX-License-Identifier: PMPL-1.0-or-later -- IdentityLaws.agda — trivial proofs that compile cleanly against -- agda-stdlib v2.3. Exists to exercise the echidnabot agda runner -- with a known-go	equiv	agda	success	4474	0.5	\N	batch-direct	2026-04-05 15:04:56.179	2026-04-05 15:05:00.664	direct:agda	\N
e9171d6e-1a62-487b-91e3-7e5e4f7b4b01	6723acf68554499e36bba83a27d5839e97805dcc	hyperpolymath/echidna	proofs/metamath/basic.mm	$( Minimal Metamath example for ECHIDNA )$ $c wff $. $v ph $. ph $f wff ph $. 	invariant	metamath	failure	6	0.5	\N	batch-direct	2026-04-05 12:46:36.126	2026-04-05 12:46:36.144	direct:metamath	\N
31e07fff-d675-4f66-a2a2-b6704b9859ef	de1b3acd2f601e046fbc4dfeaff3ef77f47f4adc	hyperpolymath/echidna	proofs/metamath/tiny.mm	$( SPDX-License-Identifier: PMPL-1.0-or-later $) $( tiny.mm -- a very small self-contained Metamath proof $) $( Constants and variables $) $c wff |- ( ) -> $. $v P Q $. wp $f wff P $. wq $f wff Q $.	invariant	metamath	success	5	0.5	\N	batch-direct	2026-04-05 12:46:36.226	2026-04-05 12:46:36.243	direct:metamath	\N
cbb0df16-606f-4faf-abb6-187ffceacd45	92862225566af9fa2940ba0d09130b45445cee65	hyperpolymath/echidna	proofs/metamath/broken.mm	$( SPDX-License-Identifier: PMPL-1.0-or-later $) $c wff |- $. $v P $. wp $f wff P $. a1 $a |- P $. bad $p |- P $= $. 	invariant	metamath	failure	6	0.5	\N	batch-direct	2026-04-05 12:46:36.319	2026-04-05 12:46:36.336	direct:metamath	\N
a35b079b-4dbf-4ccb-880e-9fdd1161cc0b	6723acf68554499e36bba83a27d5839e97805dcc	hyperpolymath/echidna	proofs/metamath/basic.mm	$( Minimal Metamath example for ECHIDNA )$ $c wff $. $v ph $. ph $f wff ph $. 	invariant	metamath	failure	5	0.5	\N	batch-direct	2026-04-05 12:53:01.934	2026-04-05 12:53:01.949	direct:metamath	\N
d45b3444-65fe-437a-b25f-9ca1aab795d4	de1b3acd2f601e046fbc4dfeaff3ef77f47f4adc	hyperpolymath/echidna	proofs/metamath/tiny.mm	$( SPDX-License-Identifier: PMPL-1.0-or-later $) $( tiny.mm -- a very small self-contained Metamath proof $) $( Constants and variables $) $c wff |- ( ) -> $. $v P Q $. wp $f wff P $. wq $f wff Q $.	invariant	metamath	success	5	0.5	\N	batch-direct	2026-04-05 12:53:02.027	2026-04-05 12:53:02.046	direct:metamath	\N
fe6a8ee0-36d0-482d-a149-d52ea3f43d7f	92862225566af9fa2940ba0d09130b45445cee65	hyperpolymath/echidna	proofs/metamath/broken.mm	$( SPDX-License-Identifier: PMPL-1.0-or-later $) $c wff |- $. $v P $. wp $f wff P $. a1 $a |- P $. bad $p |- P $= $. 	invariant	metamath	failure	6	0.5	\N	batch-direct	2026-04-05 12:53:02.128	2026-04-05 12:53:02.148	direct:metamath	\N
bee57cd7-8531-4281-b32e-f8e5161d3e37	6723acf68554499e36bba83a27d5839e97805dcc	hyperpolymath/echidna	proofs/metamath/basic.mm	$( Minimal Metamath example for ECHIDNA )$ $c wff $. $v ph $. ph $f wff ph $. 	invariant	metamath	failure	5	0.5	\N	batch-direct	2026-04-05 12:59:02.959	2026-04-05 12:59:02.975	direct:metamath	\N
053b6114-523e-4db2-b0b5-fe2444c2e26d	de1b3acd2f601e046fbc4dfeaff3ef77f47f4adc	hyperpolymath/echidna	proofs/metamath/tiny.mm	$( SPDX-License-Identifier: PMPL-1.0-or-later $) $( tiny.mm -- a very small self-contained Metamath proof $) $( Constants and variables $) $c wff |- ( ) -> $. $v P Q $. wp $f wff P $. wq $f wff Q $.	invariant	metamath	success	5	0.5	\N	batch-direct	2026-04-05 12:59:03.044	2026-04-05 12:59:03.062	direct:metamath	\N
52115fb1-104f-4159-8420-7b3ac3d840ef	92862225566af9fa2940ba0d09130b45445cee65	hyperpolymath/echidna	proofs/metamath/broken.mm	$( SPDX-License-Identifier: PMPL-1.0-or-later $) $c wff |- $. $v P $. wp $f wff P $. a1 $a |- P $. bad $p |- P $= $. 	invariant	metamath	failure	5	0.5	\N	batch-direct	2026-04-05 12:59:03.132	2026-04-05 12:59:03.148	direct:metamath	\N
0c64ab8f-258f-4f3b-9e37-2d8235113641	6723acf68554499e36bba83a27d5839e97805dcc	hyperpolymath/echidna	proofs/metamath/basic.mm	$( Minimal Metamath example for ECHIDNA )$ $c wff $. $v ph $. ph $f wff ph $. 	invariant	metamath	failure	5	0.5	\N	batch-direct	2026-04-05 13:00:00.659	2026-04-05 13:00:00.676	direct:metamath	\N
52be3f8c-1db7-4523-8f19-61673aa35e92	de1b3acd2f601e046fbc4dfeaff3ef77f47f4adc	hyperpolymath/echidna	proofs/metamath/tiny.mm	$( SPDX-License-Identifier: PMPL-1.0-or-later $) $( tiny.mm -- a very small self-contained Metamath proof $) $( Constants and variables $) $c wff |- ( ) -> $. $v P Q $. wp $f wff P $. wq $f wff Q $.	invariant	metamath	success	5	0.5	\N	batch-direct	2026-04-05 13:00:00.742	2026-04-05 13:00:00.760	direct:metamath	\N
81770b53-30a5-4360-a8d4-f864836eb077	92862225566af9fa2940ba0d09130b45445cee65	hyperpolymath/echidna	proofs/metamath/broken.mm	$( SPDX-License-Identifier: PMPL-1.0-or-later $) $c wff |- $. $v P $. wp $f wff P $. a1 $a |- P $. bad $p |- P $= $. 	invariant	metamath	failure	5	0.5	\N	batch-direct	2026-04-05 13:00:00.827	2026-04-05 13:00:00.843	direct:metamath	\N
e0c825e8-d327-498f-819d-e8b81f204716	6723acf68554499e36bba83a27d5839e97805dcc	hyperpolymath/echidna	proofs/metamath/basic.mm	$( Minimal Metamath example for ECHIDNA )$ $c wff $. $v ph $. ph $f wff ph $. 	invariant	metamath	failure	5	0.5	\N	batch-direct	2026-04-05 13:01:33.556	2026-04-05 13:01:33.572	direct:metamath	\N
6b19c12a-0686-4445-a82a-7160450fcc5f	de1b3acd2f601e046fbc4dfeaff3ef77f47f4adc	hyperpolymath/echidna	proofs/metamath/tiny.mm	$( SPDX-License-Identifier: PMPL-1.0-or-later $) $( tiny.mm -- a very small self-contained Metamath proof $) $( Constants and variables $) $c wff |- ( ) -> $. $v P Q $. wp $f wff P $. wq $f wff Q $.	invariant	metamath	success	5	0.5	\N	batch-direct	2026-04-05 13:01:33.637	2026-04-05 13:01:33.656	direct:metamath	\N
0163e069-6720-4623-a70b-1e6daec565a8	92862225566af9fa2940ba0d09130b45445cee65	hyperpolymath/echidna	proofs/metamath/broken.mm	$( SPDX-License-Identifier: PMPL-1.0-or-later $) $c wff |- $. $v P $. wp $f wff P $. a1 $a |- P $. bad $p |- P $= $. 	invariant	metamath	failure	5	0.5	\N	batch-direct	2026-04-05 13:01:33.717	2026-04-05 13:01:33.735	direct:metamath	\N
8955b30d-1d6c-4cdc-9474-e6f627840dd8	6723acf68554499e36bba83a27d5839e97805dcc	hyperpolymath/echidna	proofs/metamath/basic.mm	$( Minimal Metamath example for ECHIDNA )$ $c wff $. $v ph $. ph $f wff ph $. 	invariant	metamath	failure	5	0.5	\N	batch-direct	2026-04-05 13:02:30.955	2026-04-05 13:02:30.971	direct:metamath	\N
c9e31f2b-0698-4a54-ba61-19e849992c92	de1b3acd2f601e046fbc4dfeaff3ef77f47f4adc	hyperpolymath/echidna	proofs/metamath/tiny.mm	$( SPDX-License-Identifier: PMPL-1.0-or-later $) $( tiny.mm -- a very small self-contained Metamath proof $) $( Constants and variables $) $c wff |- ( ) -> $. $v P Q $. wp $f wff P $. wq $f wff Q $.	invariant	metamath	success	5	0.5	\N	batch-direct	2026-04-05 13:02:31.033	2026-04-05 13:02:31.051	direct:metamath	\N
fbf90615-7c5e-4165-9017-b7d3113c66e8	92862225566af9fa2940ba0d09130b45445cee65	hyperpolymath/echidna	proofs/metamath/broken.mm	$( SPDX-License-Identifier: PMPL-1.0-or-later $) $c wff |- $. $v P $. wp $f wff P $. a1 $a |- P $. bad $p |- P $= $. 	invariant	metamath	failure	5	0.5	\N	batch-direct	2026-04-05 13:02:31.115	2026-04-05 13:02:31.131	direct:metamath	\N
c1b07db9-ed66-4a23-9766-2f4b5d8c9eda	6723acf68554499e36bba83a27d5839e97805dcc	hyperpolymath/echidna	proofs/metamath/basic.mm	$( Minimal Metamath example for ECHIDNA )$ $c wff $. $v ph $. ph $f wff ph $. 	invariant	metamath	failure	5	0.5	\N	batch-direct	2026-04-05 13:03:27.937	2026-04-05 13:03:27.954	direct:metamath	\N
e0d8885e-d35c-4913-8efd-0ea345ee02d4	de1b3acd2f601e046fbc4dfeaff3ef77f47f4adc	hyperpolymath/echidna	proofs/metamath/tiny.mm	$( SPDX-License-Identifier: PMPL-1.0-or-later $) $( tiny.mm -- a very small self-contained Metamath proof $) $( Constants and variables $) $c wff |- ( ) -> $. $v P Q $. wp $f wff P $. wq $f wff Q $.	invariant	metamath	success	5	0.5	\N	batch-direct	2026-04-05 13:03:28.015	2026-04-05 13:03:28.033	direct:metamath	\N
24d54ad5-6295-4824-8220-9929709419c1	92862225566af9fa2940ba0d09130b45445cee65	hyperpolymath/echidna	proofs/metamath/broken.mm	$( SPDX-License-Identifier: PMPL-1.0-or-later $) $c wff |- $. $v P $. wp $f wff P $. a1 $a |- P $. bad $p |- P $= $. 	invariant	metamath	failure	5	0.5	\N	batch-direct	2026-04-05 13:03:28.098	2026-04-05 13:03:28.115	direct:metamath	\N
1e9c25df-2f7a-44c9-8876-b1553fd5631c	6723acf68554499e36bba83a27d5839e97805dcc	hyperpolymath/echidna	proofs/metamath/basic.mm	$( Minimal Metamath example for ECHIDNA )$ $c wff $. $v ph $. ph $f wff ph $. 	invariant	metamath	failure	7	0.5	\N	batch-direct	2026-04-05 14:53:01.782	2026-04-05 14:53:01.802	direct:metamath	\N
17a2890a-fb38-44e3-939b-05c411c85090	de1b3acd2f601e046fbc4dfeaff3ef77f47f4adc	hyperpolymath/echidna	proofs/metamath/tiny.mm	$( SPDX-License-Identifier: PMPL-1.0-or-later $) $( tiny.mm -- a very small self-contained Metamath proof $) $( Constants and variables $) $c wff |- ( ) -> $. $v P Q $. wp $f wff P $. wq $f wff Q $.	invariant	metamath	success	5	0.5	\N	batch-direct	2026-04-05 14:53:01.873	2026-04-05 14:53:01.891	direct:metamath	\N
0ce60677-7959-4ccb-a02c-8fdf6f1de1ee	92862225566af9fa2940ba0d09130b45445cee65	hyperpolymath/echidna	proofs/metamath/broken.mm	$( SPDX-License-Identifier: PMPL-1.0-or-later $) $c wff |- $. $v P $. wp $f wff P $. a1 $a |- P $. bad $p |- P $= $. 	invariant	metamath	failure	5	0.5	\N	batch-direct	2026-04-05 14:53:01.963	2026-04-05 14:53:01.979	direct:metamath	\N
5d26d3f3-7cce-4cd8-bf3e-d06a1143a739	6723acf68554499e36bba83a27d5839e97805dcc	hyperpolymath/echidna	proofs/metamath/basic.mm	$( Minimal Metamath example for ECHIDNA )$ $c wff $. $v ph $. ph $f wff ph $. 	invariant	metamath	failure	6	0.5	\N	batch-direct	2026-04-05 15:04:22.729	2026-04-05 15:04:22.746	direct:metamath	\N
d1024f99-f430-45d1-ab35-b7226844927d	de1b3acd2f601e046fbc4dfeaff3ef77f47f4adc	hyperpolymath/echidna	proofs/metamath/tiny.mm	$( SPDX-License-Identifier: PMPL-1.0-or-later $) $( tiny.mm -- a very small self-contained Metamath proof $) $( Constants and variables $) $c wff |- ( ) -> $. $v P Q $. wp $f wff P $. wq $f wff Q $.	invariant	metamath	success	5	0.5	\N	batch-direct	2026-04-05 15:04:22.832	2026-04-05 15:04:22.850	direct:metamath	\N
bba711aa-8285-4656-9b3a-1308aa776706	92862225566af9fa2940ba0d09130b45445cee65	hyperpolymath/echidna	proofs/metamath/broken.mm	$( SPDX-License-Identifier: PMPL-1.0-or-later $) $c wff |- $. $v P $. wp $f wff P $. a1 $a |- P $. bad $p |- P $= $. 	invariant	metamath	failure	5	0.5	\N	batch-direct	2026-04-05 15:04:22.932	2026-04-05 15:04:22.951	direct:metamath	\N
att-001	ob-linsub-echidna-001	hyperpolymath/echidna	proofs/coq/basic.v	Substitution preserves linearity	linearity	coq	success	4521	0.95	\N	portfolio	2026-04-05 00:42:38.000	2026-04-05 00:42:42.521	Proof completed in 43 tactics, 0 goals remaining.	\N
att-002	ob-linsub-echidna-001	hyperpolymath/echidna	proofs/coq/basic.v	Substitution preserves linearity	linearity	lean	timeout	30000	0	att-001	retry	2026-04-05 01:42:38.000	2026-04-05 01:43:08.000	Timeout after 30s.	prover_timeout
att-smoke-001	d8fbadc8-b68e-4a90-a9f7-bbe4e06597f9	test/repo	src/lib.rs	add_commutes	linearity	lean	success	1234	0.95		smoke-test	2026-04-05 03:00:00.000	2026-04-05 03:00:01.234	proved	
146a54c5-5c7d-4653-b00f-bca6a618ec15	4220bdce511a0c63413285d98c6593b791a4c976	hyperpolymath/ephapax	src/formal/Ephapax/Formal/Region.idr	-- SPDX-License-Identifier: PMPL-1.0-or-later -- Copyright (c) 2026 Jonathan D.A. Jewell (hyperpolymath) <j.d.a.jewell@open.ac.uk> -- ||| Region Type System for Ephapax ||| ||| Formalises regions as n	linearity	idris2	failure	2784	0.5	\N	batch-direct	2026-04-05 10:41:58.748	2026-04-05 10:42:01.570	direct:idris2	\N
3a17fa0f-b49e-42a9-a457-8552f056c25c	e73bb291ef06c7bc7c254d4295ab2ac8752052da	hyperpolymath/ephapax	src/formal/Ephapax/Formal/Qualifier.idr	-- SPDX-License-Identifier: PMPL-1.0-or-later -- Copyright (c) 2026 Jonathan D.A. Jewell (hyperpolymath) <j.d.a.jewell@open.ac.uk> -- ||| Binding Qualifiers for the Ephapax Dyadic Type System ||| ||| 	linearity	idris2	failure	3139	0.5	\N	batch-direct	2026-04-05 10:42:01.746	2026-04-05 10:42:04.900	direct:idris2	\N
eda722d4-fb44-417e-8e56-bc24d670b26d	01dc3c4f3de66a833253530f1239d1a1c169ca6e	hyperpolymath/ephapax	src/formal/Ephapax/Formal/RegionLinear.idr	-- SPDX-License-Identifier: PMPL-1.0-or-later -- Copyright (c) 2026 Jonathan D.A. Jewell (hyperpolymath) <j.d.a.jewell@open.ac.uk> -- ||| Region-Linear Fusion: The Core of Ephapax Memory Safety ||| ||	linearity	idris2	success	3058	0.5	\N	batch-direct	2026-04-05 10:42:05.053	2026-04-05 10:42:08.129	direct:idris2	\N
23a2e804-9158-4e52-bb36-f7929ee40188	4220bdce511a0c63413285d98c6593b791a4c976	hyperpolymath/ephapax	src/formal/Ephapax/Formal/Region.idr	-- SPDX-License-Identifier: PMPL-1.0-or-later -- Copyright (c) 2026 Jonathan D.A. Jewell (hyperpolymath) <j.d.a.jewell@open.ac.uk> -- ||| Region Type System for Ephapax ||| ||| Formalises regions as n	linearity	idris2	failure	2691	0.5	\N	batch-direct	2026-04-05 10:45:06.262	2026-04-05 10:45:08.965	direct:idris2	\N
c2b4c8ac-9dd4-429f-8973-f4cd2b61959c	e73bb291ef06c7bc7c254d4295ab2ac8752052da	hyperpolymath/ephapax	src/formal/Ephapax/Formal/Qualifier.idr	-- SPDX-License-Identifier: PMPL-1.0-or-later -- Copyright (c) 2026 Jonathan D.A. Jewell (hyperpolymath) <j.d.a.jewell@open.ac.uk> -- ||| Binding Qualifiers for the Ephapax Dyadic Type System ||| ||| 	linearity	idris2	failure	2687	0.5	\N	batch-direct	2026-04-05 10:45:09.090	2026-04-05 10:45:11.791	direct:idris2	\N
e5de6223-4415-43de-ac51-13dc1fd4cf08	01dc3c4f3de66a833253530f1239d1a1c169ca6e	hyperpolymath/ephapax	src/formal/Ephapax/Formal/RegionLinear.idr	-- SPDX-License-Identifier: PMPL-1.0-or-later -- Copyright (c) 2026 Jonathan D.A. Jewell (hyperpolymath) <j.d.a.jewell@open.ac.uk> -- ||| Region-Linear Fusion: The Core of Ephapax Memory Safety ||| ||	linearity	idris2	success	2502	0.5	\N	batch-direct	2026-04-05 10:45:11.920	2026-04-05 10:45:14.434	direct:idris2	\N
387c1340-cb57-406d-8443-73e6eb337a2e	4220bdce511a0c63413285d98c6593b791a4c976	hyperpolymath/ephapax	src/formal/Ephapax/Formal/Region.idr	-- SPDX-License-Identifier: PMPL-1.0-or-later -- Copyright (c) 2026 Jonathan D.A. Jewell (hyperpolymath) <j.d.a.jewell@open.ac.uk> -- ||| Region Type System for Ephapax ||| ||| Formalises regions as n	linearity	idris2	failure	2199	0.5	\N	batch-direct	2026-04-05 10:47:01.876	2026-04-05 10:47:04.086	direct:idris2	\N
96482de0-fe21-4117-bcc5-321ae470092e	e73bb291ef06c7bc7c254d4295ab2ac8752052da	hyperpolymath/ephapax	src/formal/Ephapax/Formal/Qualifier.idr	-- SPDX-License-Identifier: PMPL-1.0-or-later -- Copyright (c) 2026 Jonathan D.A. Jewell (hyperpolymath) <j.d.a.jewell@open.ac.uk> -- ||| Binding Qualifiers for the Ephapax Dyadic Type System ||| ||| 	linearity	idris2	failure	2245	0.5	\N	batch-direct	2026-04-05 10:47:04.200	2026-04-05 10:47:06.456	direct:idris2	\N
074411b4-1e82-43e0-9480-e9ffb3220ef1	01dc3c4f3de66a833253530f1239d1a1c169ca6e	hyperpolymath/ephapax	src/formal/Ephapax/Formal/RegionLinear.idr	-- SPDX-License-Identifier: PMPL-1.0-or-later -- Copyright (c) 2026 Jonathan D.A. Jewell (hyperpolymath) <j.d.a.jewell@open.ac.uk> -- ||| Region-Linear Fusion: The Core of Ephapax Memory Safety ||| ||	linearity	idris2	success	2256	0.5	\N	batch-direct	2026-04-05 10:47:06.575	2026-04-05 10:47:08.841	direct:idris2	\N
24bba6fe-8f92-4b5e-b0ef-e7bfd243facf	4220bdce511a0c63413285d98c6593b791a4c976	hyperpolymath/ephapax	src/formal/Ephapax/Formal/Region.idr	-- SPDX-License-Identifier: PMPL-1.0-or-later -- Copyright (c) 2026 Jonathan D.A. Jewell (hyperpolymath) <j.d.a.jewell@open.ac.uk> -- ||| Region Type System for Ephapax ||| ||| Formalises regions as n	linearity	idris2	failure	2200	0.5	\N	batch-direct	2026-04-05 10:48:24.173	2026-04-05 10:48:26.383	direct:idris2	\N
d2733531-f054-4c73-9419-8cd28863a9af	e73bb291ef06c7bc7c254d4295ab2ac8752052da	hyperpolymath/ephapax	src/formal/Ephapax/Formal/Qualifier.idr	-- SPDX-License-Identifier: PMPL-1.0-or-later -- Copyright (c) 2026 Jonathan D.A. Jewell (hyperpolymath) <j.d.a.jewell@open.ac.uk> -- ||| Binding Qualifiers for the Ephapax Dyadic Type System ||| ||| 	linearity	idris2	failure	2242	0.5	\N	batch-direct	2026-04-05 10:48:26.496	2026-04-05 10:48:28.750	direct:idris2	\N
16cc53e1-1d6d-4534-aa1d-c3a11fecb9b0	01dc3c4f3de66a833253530f1239d1a1c169ca6e	hyperpolymath/ephapax	src/formal/Ephapax/Formal/RegionLinear.idr	-- SPDX-License-Identifier: PMPL-1.0-or-later -- Copyright (c) 2026 Jonathan D.A. Jewell (hyperpolymath) <j.d.a.jewell@open.ac.uk> -- ||| Region-Linear Fusion: The Core of Ephapax Memory Safety ||| ||	linearity	idris2	success	2199	0.5	\N	batch-direct	2026-04-05 10:48:28.863	2026-04-05 10:48:31.073	direct:idris2	\N
6170c09d-baba-474d-85d2-6c5b2deda621	4220bdce511a0c63413285d98c6593b791a4c976	hyperpolymath/ephapax	src/formal/Ephapax/Formal/Region.idr	-- SPDX-License-Identifier: PMPL-1.0-or-later -- Copyright (c) 2026 Jonathan D.A. Jewell (hyperpolymath) <j.d.a.jewell@open.ac.uk> -- ||| Region Type System for Ephapax ||| ||| Formalises regions as n	linearity	idris2	success	2245	0.5	\N	batch-direct	2026-04-05 12:10:19.813	2026-04-05 12:10:22.077	direct:idris2	\N
445bf535-0a56-40a4-b89f-28b1abf7be93	e73bb291ef06c7bc7c254d4295ab2ac8752052da	hyperpolymath/ephapax	src/formal/Ephapax/Formal/Qualifier.idr	-- SPDX-License-Identifier: PMPL-1.0-or-later -- Copyright (c) 2026 Jonathan D.A. Jewell (hyperpolymath) <j.d.a.jewell@open.ac.uk> -- ||| Binding Qualifiers for the Ephapax Dyadic Type System ||| ||| 	linearity	idris2	success	2271	0.5	\N	batch-direct	2026-04-05 12:10:22.186	2026-04-05 12:10:24.477	direct:idris2	\N
3494eb6f-cf8f-45ad-9a0b-b785f329a022	01dc3c4f3de66a833253530f1239d1a1c169ca6e	hyperpolymath/ephapax	src/formal/Ephapax/Formal/RegionLinear.idr	-- SPDX-License-Identifier: PMPL-1.0-or-later -- Copyright (c) 2026 Jonathan D.A. Jewell (hyperpolymath) <j.d.a.jewell@open.ac.uk> -- ||| Region-Linear Fusion: The Core of Ephapax Memory Safety ||| ||	linearity	idris2	success	2309	0.5	\N	batch-direct	2026-04-05 12:10:24.589	2026-04-05 12:10:26.918	direct:idris2	\N
440a13ad-03c2-458a-8c69-d40c53374b89	4220bdce511a0c63413285d98c6593b791a4c976	hyperpolymath/ephapax	src/formal/Ephapax/Formal/Region.idr	-- SPDX-License-Identifier: PMPL-1.0-or-later -- Copyright (c) 2026 Jonathan D.A. Jewell (hyperpolymath) <j.d.a.jewell@open.ac.uk> -- ||| Region Type System for Ephapax ||| ||| Formalises regions as n	linearity	idris2	success	2370	0.5	\N	batch-direct	2026-04-05 12:11:45.157	2026-04-05 12:11:47.547	direct:idris2	\N
9abc0955-3bda-4cb8-aefb-fa36a051459b	e73bb291ef06c7bc7c254d4295ab2ac8752052da	hyperpolymath/ephapax	src/formal/Ephapax/Formal/Qualifier.idr	-- SPDX-License-Identifier: PMPL-1.0-or-later -- Copyright (c) 2026 Jonathan D.A. Jewell (hyperpolymath) <j.d.a.jewell@open.ac.uk> -- ||| Binding Qualifiers for the Ephapax Dyadic Type System ||| ||| 	linearity	idris2	success	2380	0.5	\N	batch-direct	2026-04-05 12:11:47.617	2026-04-05 12:11:50.016	direct:idris2	\N
96988f4b-9ad3-42ee-9533-4175bc0bc2b5	01dc3c4f3de66a833253530f1239d1a1c169ca6e	hyperpolymath/ephapax	src/formal/Ephapax/Formal/RegionLinear.idr	-- SPDX-License-Identifier: PMPL-1.0-or-later -- Copyright (c) 2026 Jonathan D.A. Jewell (hyperpolymath) <j.d.a.jewell@open.ac.uk> -- ||| Region-Linear Fusion: The Core of Ephapax Memory Safety ||| ||	linearity	idris2	success	2362	0.5	\N	batch-direct	2026-04-05 12:11:50.087	2026-04-05 12:11:52.470	direct:idris2	\N
84fa4fbd-9f15-4379-aff2-0e9fe1abfcba	4220bdce511a0c63413285d98c6593b791a4c976	hyperpolymath/ephapax	src/formal/Ephapax/Formal/Region.idr	-- SPDX-License-Identifier: PMPL-1.0-or-later -- Copyright (c) 2026 Jonathan D.A. Jewell (hyperpolymath) <j.d.a.jewell@open.ac.uk> -- ||| Region Type System for Ephapax ||| ||| Formalises regions as n	linearity	idris2	success	2253	0.5	\N	batch-direct	2026-04-05 12:12:38.645	2026-04-05 12:12:40.918	direct:idris2	\N
6a3b07a3-4965-48ac-8b37-2fb2b5d99b42	e73bb291ef06c7bc7c254d4295ab2ac8752052da	hyperpolymath/ephapax	src/formal/Ephapax/Formal/Qualifier.idr	-- SPDX-License-Identifier: PMPL-1.0-or-later -- Copyright (c) 2026 Jonathan D.A. Jewell (hyperpolymath) <j.d.a.jewell@open.ac.uk> -- ||| Binding Qualifiers for the Ephapax Dyadic Type System ||| ||| 	linearity	idris2	success	2255	0.5	\N	batch-direct	2026-04-05 12:12:40.992	2026-04-05 12:12:43.265	direct:idris2	\N
fb34bba5-95ac-4bce-bea9-29aa6d119938	01dc3c4f3de66a833253530f1239d1a1c169ca6e	hyperpolymath/ephapax	src/formal/Ephapax/Formal/RegionLinear.idr	-- SPDX-License-Identifier: PMPL-1.0-or-later -- Copyright (c) 2026 Jonathan D.A. Jewell (hyperpolymath) <j.d.a.jewell@open.ac.uk> -- ||| Region-Linear Fusion: The Core of Ephapax Memory Safety ||| ||	linearity	idris2	success	2322	0.5	\N	batch-direct	2026-04-05 12:12:43.333	2026-04-05 12:12:45.673	direct:idris2	\N
8ee86868-8f4e-4dff-9fa6-0e0cf88e4b74	4220bdce511a0c63413285d98c6593b791a4c976	hyperpolymath/ephapax	src/formal/Ephapax/Formal/Region.idr	-- SPDX-License-Identifier: PMPL-1.0-or-later -- Copyright (c) 2026 Jonathan D.A. Jewell (hyperpolymath) <j.d.a.jewell@open.ac.uk> -- ||| Region Type System for Ephapax ||| ||| Formalises regions as n	linearity	idris2	success	2280	0.5	\N	batch-direct	2026-04-05 12:13:34.940	2026-04-05 12:13:37.240	direct:idris2	\N
0bef3d16-bfeb-4ec8-a7e8-2768ade2c4b5	e73bb291ef06c7bc7c254d4295ab2ac8752052da	hyperpolymath/ephapax	src/formal/Ephapax/Formal/Qualifier.idr	-- SPDX-License-Identifier: PMPL-1.0-or-later -- Copyright (c) 2026 Jonathan D.A. Jewell (hyperpolymath) <j.d.a.jewell@open.ac.uk> -- ||| Binding Qualifiers for the Ephapax Dyadic Type System ||| ||| 	linearity	idris2	success	2334	0.5	\N	batch-direct	2026-04-05 12:13:37.313	2026-04-05 12:13:39.667	direct:idris2	\N
e330406f-99ec-4dd8-885a-5fc16665f7b6	01dc3c4f3de66a833253530f1239d1a1c169ca6e	hyperpolymath/ephapax	src/formal/Ephapax/Formal/RegionLinear.idr	-- SPDX-License-Identifier: PMPL-1.0-or-later -- Copyright (c) 2026 Jonathan D.A. Jewell (hyperpolymath) <j.d.a.jewell@open.ac.uk> -- ||| Region-Linear Fusion: The Core of Ephapax Memory Safety ||| ||	linearity	idris2	success	2298	0.5	\N	batch-direct	2026-04-05 12:13:39.735	2026-04-05 12:13:42.053	direct:idris2	\N
4f4a40b7-5dc4-4795-8a2f-51c367274c1e	4220bdce511a0c63413285d98c6593b791a4c976	hyperpolymath/ephapax	src/formal/Ephapax/Formal/Region.idr	-- SPDX-License-Identifier: PMPL-1.0-or-later -- Copyright (c) 2026 Jonathan D.A. Jewell (hyperpolymath) <j.d.a.jewell@open.ac.uk> -- ||| Region Type System for Ephapax ||| ||| Formalises regions as n	linearity	idris2	success	2368	0.5	\N	batch-direct	2026-04-05 12:14:30.822	2026-04-05 12:14:33.211	direct:idris2	\N
1eab7f1d-6993-44cd-8f52-5a010538a19a	e73bb291ef06c7bc7c254d4295ab2ac8752052da	hyperpolymath/ephapax	src/formal/Ephapax/Formal/Qualifier.idr	-- SPDX-License-Identifier: PMPL-1.0-or-later -- Copyright (c) 2026 Jonathan D.A. Jewell (hyperpolymath) <j.d.a.jewell@open.ac.uk> -- ||| Binding Qualifiers for the Ephapax Dyadic Type System ||| ||| 	linearity	idris2	success	2468	0.5	\N	batch-direct	2026-04-05 12:14:33.299	2026-04-05 12:14:35.792	direct:idris2	\N
a5851c2d-973c-491a-9dbb-94ff8e191dc3	01dc3c4f3de66a833253530f1239d1a1c169ca6e	hyperpolymath/ephapax	src/formal/Ephapax/Formal/RegionLinear.idr	-- SPDX-License-Identifier: PMPL-1.0-or-later -- Copyright (c) 2026 Jonathan D.A. Jewell (hyperpolymath) <j.d.a.jewell@open.ac.uk> -- ||| Region-Linear Fusion: The Core of Ephapax Memory Safety ||| ||	linearity	idris2	success	2351	0.5	\N	batch-direct	2026-04-05 12:14:35.862	2026-04-05 12:14:38.234	direct:idris2	\N
864cc2e0-9e41-4078-a2e9-21c466de6ff3	4220bdce511a0c63413285d98c6593b791a4c976	hyperpolymath/ephapax	src/formal/Ephapax/Formal/Region.idr	-- SPDX-License-Identifier: PMPL-1.0-or-later -- Copyright (c) 2026 Jonathan D.A. Jewell (hyperpolymath) <j.d.a.jewell@open.ac.uk> -- ||| Region Type System for Ephapax ||| ||| Formalises regions as n	linearity	idris2	success	2344	0.5	\N	batch-direct	2026-04-05 12:15:26.310	2026-04-05 12:15:28.675	direct:idris2	\N
d0a33e54-29fa-441d-a214-0739913b47a3	e73bb291ef06c7bc7c254d4295ab2ac8752052da	hyperpolymath/ephapax	src/formal/Ephapax/Formal/Qualifier.idr	-- SPDX-License-Identifier: PMPL-1.0-or-later -- Copyright (c) 2026 Jonathan D.A. Jewell (hyperpolymath) <j.d.a.jewell@open.ac.uk> -- ||| Binding Qualifiers for the Ephapax Dyadic Type System ||| ||| 	linearity	idris2	success	2289	0.5	\N	batch-direct	2026-04-05 12:15:28.745	2026-04-05 12:15:31.055	direct:idris2	\N
e9759793-6e81-4b87-9237-70e0c0646b82	01dc3c4f3de66a833253530f1239d1a1c169ca6e	hyperpolymath/ephapax	src/formal/Ephapax/Formal/RegionLinear.idr	-- SPDX-License-Identifier: PMPL-1.0-or-later -- Copyright (c) 2026 Jonathan D.A. Jewell (hyperpolymath) <j.d.a.jewell@open.ac.uk> -- ||| Region-Linear Fusion: The Core of Ephapax Memory Safety ||| ||	linearity	idris2	success	2391	0.5	\N	batch-direct	2026-04-05 12:15:31.120	2026-04-05 12:15:33.529	direct:idris2	\N
5f34921f-3b09-42b2-98c7-d3ff2060409e	4220bdce511a0c63413285d98c6593b791a4c976	hyperpolymath/ephapax	src/formal/Ephapax/Formal/Region.idr	-- SPDX-License-Identifier: PMPL-1.0-or-later -- Copyright (c) 2026 Jonathan D.A. Jewell (hyperpolymath) <j.d.a.jewell@open.ac.uk> -- ||| Region Type System for Ephapax ||| ||| Formalises regions as n	linearity	idris2	success	2317	0.5	\N	batch-direct	2026-04-05 12:16:42.672	2026-04-05 12:16:45.009	direct:idris2	\N
7c3c1a4b-e4e3-47f1-9551-263c96236d13	e73bb291ef06c7bc7c254d4295ab2ac8752052da	hyperpolymath/ephapax	src/formal/Ephapax/Formal/Qualifier.idr	-- SPDX-License-Identifier: PMPL-1.0-or-later -- Copyright (c) 2026 Jonathan D.A. Jewell (hyperpolymath) <j.d.a.jewell@open.ac.uk> -- ||| Binding Qualifiers for the Ephapax Dyadic Type System ||| ||| 	linearity	idris2	success	2253	0.5	\N	batch-direct	2026-04-05 12:16:45.079	2026-04-05 12:16:47.351	direct:idris2	\N
95025686-ddda-424e-8ed6-9b745e3d81a4	01dc3c4f3de66a833253530f1239d1a1c169ca6e	hyperpolymath/ephapax	src/formal/Ephapax/Formal/RegionLinear.idr	-- SPDX-License-Identifier: PMPL-1.0-or-later -- Copyright (c) 2026 Jonathan D.A. Jewell (hyperpolymath) <j.d.a.jewell@open.ac.uk> -- ||| Region-Linear Fusion: The Core of Ephapax Memory Safety ||| ||	linearity	idris2	success	2352	0.5	\N	batch-direct	2026-04-05 12:16:47.418	2026-04-05 12:16:49.789	direct:idris2	\N
ab350d13-2ba9-4bfe-a383-503bb150810a	4220bdce511a0c63413285d98c6593b791a4c976	hyperpolymath/ephapax	src/formal/Ephapax/Formal/Region.idr	-- SPDX-License-Identifier: PMPL-1.0-or-later -- Copyright (c) 2026 Jonathan D.A. Jewell (hyperpolymath) <j.d.a.jewell@open.ac.uk> -- ||| Region Type System for Ephapax ||| ||| Formalises regions as n	linearity	idris2	success	2263	0.5	\N	batch-direct	2026-04-05 12:47:16.336	2026-04-05 12:47:18.618	direct:idris2	\N
82e730d6-3f7a-4811-b082-4ad3ceaa1346	e73bb291ef06c7bc7c254d4295ab2ac8752052da	hyperpolymath/ephapax	src/formal/Ephapax/Formal/Qualifier.idr	-- SPDX-License-Identifier: PMPL-1.0-or-later -- Copyright (c) 2026 Jonathan D.A. Jewell (hyperpolymath) <j.d.a.jewell@open.ac.uk> -- ||| Binding Qualifiers for the Ephapax Dyadic Type System ||| ||| 	linearity	idris2	success	2342	0.5	\N	batch-direct	2026-04-05 12:47:18.697	2026-04-05 12:47:21.058	direct:idris2	\N
c7dfc028-5fcc-43ca-82af-576e16c1f9da	01dc3c4f3de66a833253530f1239d1a1c169ca6e	hyperpolymath/ephapax	src/formal/Ephapax/Formal/RegionLinear.idr	-- SPDX-License-Identifier: PMPL-1.0-or-later -- Copyright (c) 2026 Jonathan D.A. Jewell (hyperpolymath) <j.d.a.jewell@open.ac.uk> -- ||| Region-Linear Fusion: The Core of Ephapax Memory Safety ||| ||	linearity	idris2	success	2247	0.5	\N	batch-direct	2026-04-05 12:47:21.140	2026-04-05 12:47:23.406	direct:idris2	\N
40c65b2e-9daf-4b1a-a6c2-a9907e298145	4220bdce511a0c63413285d98c6593b791a4c976	hyperpolymath/ephapax	src/formal/Ephapax/Formal/Region.idr	-- SPDX-License-Identifier: PMPL-1.0-or-later -- Copyright (c) 2026 Jonathan D.A. Jewell (hyperpolymath) <j.d.a.jewell@open.ac.uk> -- ||| Region Type System for Ephapax ||| ||| Formalises regions as n	linearity	idris2	success	2319	0.5	\N	batch-direct	2026-04-05 12:53:47.855	2026-04-05 12:53:50.194	direct:idris2	\N
8ce7b774-4213-4b79-a61d-4951b3b657fd	e73bb291ef06c7bc7c254d4295ab2ac8752052da	hyperpolymath/ephapax	src/formal/Ephapax/Formal/Qualifier.idr	-- SPDX-License-Identifier: PMPL-1.0-or-later -- Copyright (c) 2026 Jonathan D.A. Jewell (hyperpolymath) <j.d.a.jewell@open.ac.uk> -- ||| Binding Qualifiers for the Ephapax Dyadic Type System ||| ||| 	linearity	idris2	success	2358	0.5	\N	batch-direct	2026-04-05 12:53:50.274	2026-04-05 12:53:52.651	direct:idris2	\N
40318ba9-b6e4-411d-be22-61cf14fea226	01dc3c4f3de66a833253530f1239d1a1c169ca6e	hyperpolymath/ephapax	src/formal/Ephapax/Formal/RegionLinear.idr	-- SPDX-License-Identifier: PMPL-1.0-or-later -- Copyright (c) 2026 Jonathan D.A. Jewell (hyperpolymath) <j.d.a.jewell@open.ac.uk> -- ||| Region-Linear Fusion: The Core of Ephapax Memory Safety ||| ||	linearity	idris2	success	2315	0.5	\N	batch-direct	2026-04-05 12:53:52.729	2026-04-05 12:53:55.063	direct:idris2	\N
7473b6d5-8ea8-41a2-b589-03ebbc509b32	4220bdce511a0c63413285d98c6593b791a4c976	hyperpolymath/ephapax	src/formal/Ephapax/Formal/Region.idr	-- SPDX-License-Identifier: PMPL-1.0-or-later -- Copyright (c) 2026 Jonathan D.A. Jewell (hyperpolymath) <j.d.a.jewell@open.ac.uk> -- ||| Region Type System for Ephapax ||| ||| Formalises regions as n	linearity	idris2	success	2320	0.5	\N	batch-direct	2026-04-05 12:59:51.505	2026-04-05 12:59:53.844	direct:idris2	\N
17767bf5-db07-43bc-99b3-54711e298037	e73bb291ef06c7bc7c254d4295ab2ac8752052da	hyperpolymath/ephapax	src/formal/Ephapax/Formal/Qualifier.idr	-- SPDX-License-Identifier: PMPL-1.0-or-later -- Copyright (c) 2026 Jonathan D.A. Jewell (hyperpolymath) <j.d.a.jewell@open.ac.uk> -- ||| Binding Qualifiers for the Ephapax Dyadic Type System ||| ||| 	linearity	idris2	success	2297	0.5	\N	batch-direct	2026-04-05 12:59:53.915	2026-04-05 12:59:56.233	direct:idris2	\N
03fe3081-967f-49df-b3b6-739d68650fe3	01dc3c4f3de66a833253530f1239d1a1c169ca6e	hyperpolymath/ephapax	src/formal/Ephapax/Formal/RegionLinear.idr	-- SPDX-License-Identifier: PMPL-1.0-or-later -- Copyright (c) 2026 Jonathan D.A. Jewell (hyperpolymath) <j.d.a.jewell@open.ac.uk> -- ||| Region-Linear Fusion: The Core of Ephapax Memory Safety ||| ||	linearity	idris2	success	2335	0.5	\N	batch-direct	2026-04-05 12:59:56.302	2026-04-05 12:59:58.659	direct:idris2	\N
c6abf144-525e-4e36-9b08-6770465f231b	4220bdce511a0c63413285d98c6593b791a4c976	hyperpolymath/ephapax	src/formal/Ephapax/Formal/Region.idr	-- SPDX-License-Identifier: PMPL-1.0-or-later -- Copyright (c) 2026 Jonathan D.A. Jewell (hyperpolymath) <j.d.a.jewell@open.ac.uk> -- ||| Region Type System for Ephapax ||| ||| Formalises regions as n	linearity	idris2	success	2307	0.5	\N	batch-direct	2026-04-05 13:00:48.964	2026-04-05 13:00:51.290	direct:idris2	\N
e9ae0f28-fdd0-4f45-89b9-fb1650b1e63c	e73bb291ef06c7bc7c254d4295ab2ac8752052da	hyperpolymath/ephapax	src/formal/Ephapax/Formal/Qualifier.idr	-- SPDX-License-Identifier: PMPL-1.0-or-later -- Copyright (c) 2026 Jonathan D.A. Jewell (hyperpolymath) <j.d.a.jewell@open.ac.uk> -- ||| Binding Qualifiers for the Ephapax Dyadic Type System ||| ||| 	linearity	idris2	success	2302	0.5	\N	batch-direct	2026-04-05 13:00:51.361	2026-04-05 13:00:53.683	direct:idris2	\N
7abf2722-12a7-47c7-9501-8a43bd15c1cd	01dc3c4f3de66a833253530f1239d1a1c169ca6e	hyperpolymath/ephapax	src/formal/Ephapax/Formal/RegionLinear.idr	-- SPDX-License-Identifier: PMPL-1.0-or-later -- Copyright (c) 2026 Jonathan D.A. Jewell (hyperpolymath) <j.d.a.jewell@open.ac.uk> -- ||| Region-Linear Fusion: The Core of Ephapax Memory Safety ||| ||	linearity	idris2	success	2269	0.5	\N	batch-direct	2026-04-05 13:00:53.749	2026-04-05 13:00:56.037	direct:idris2	\N
8a0ccda1-e4ad-4bcb-8580-b3587d747996	4220bdce511a0c63413285d98c6593b791a4c976	hyperpolymath/ephapax	src/formal/Ephapax/Formal/Region.idr	-- SPDX-License-Identifier: PMPL-1.0-or-later -- Copyright (c) 2026 Jonathan D.A. Jewell (hyperpolymath) <j.d.a.jewell@open.ac.uk> -- ||| Region Type System for Ephapax ||| ||| Formalises regions as n	linearity	idris2	success	2304	0.5	\N	batch-direct	2026-04-05 13:02:21.949	2026-04-05 13:02:24.272	direct:idris2	\N
e74b514b-a2c4-41ac-b40a-a49da578012d	e73bb291ef06c7bc7c254d4295ab2ac8752052da	hyperpolymath/ephapax	src/formal/Ephapax/Formal/Qualifier.idr	-- SPDX-License-Identifier: PMPL-1.0-or-later -- Copyright (c) 2026 Jonathan D.A. Jewell (hyperpolymath) <j.d.a.jewell@open.ac.uk> -- ||| Binding Qualifiers for the Ephapax Dyadic Type System ||| ||| 	linearity	idris2	success	2305	0.5	\N	batch-direct	2026-04-05 13:02:24.331	2026-04-05 13:02:26.658	direct:idris2	\N
9514640b-e51a-48e5-82b1-9d8bde1d873d	01dc3c4f3de66a833253530f1239d1a1c169ca6e	hyperpolymath/ephapax	src/formal/Ephapax/Formal/RegionLinear.idr	-- SPDX-License-Identifier: PMPL-1.0-or-later -- Copyright (c) 2026 Jonathan D.A. Jewell (hyperpolymath) <j.d.a.jewell@open.ac.uk> -- ||| Region-Linear Fusion: The Core of Ephapax Memory Safety ||| ||	linearity	idris2	success	2347	0.5	\N	batch-direct	2026-04-05 13:02:26.723	2026-04-05 13:02:29.089	direct:idris2	\N
372147c0-42d8-4fb1-8a0e-e02b56627498	4220bdce511a0c63413285d98c6593b791a4c976	hyperpolymath/ephapax	src/formal/Ephapax/Formal/Region.idr	-- SPDX-License-Identifier: PMPL-1.0-or-later -- Copyright (c) 2026 Jonathan D.A. Jewell (hyperpolymath) <j.d.a.jewell@open.ac.uk> -- ||| Region Type System for Ephapax ||| ||| Formalises regions as n	linearity	idris2	success	2316	0.5	\N	batch-direct	2026-04-05 13:03:18.919	2026-04-05 13:03:21.254	direct:idris2	\N
3854f6c1-6249-49b7-980a-2de3b8262f3e	e73bb291ef06c7bc7c254d4295ab2ac8752052da	hyperpolymath/ephapax	src/formal/Ephapax/Formal/Qualifier.idr	-- SPDX-License-Identifier: PMPL-1.0-or-later -- Copyright (c) 2026 Jonathan D.A. Jewell (hyperpolymath) <j.d.a.jewell@open.ac.uk> -- ||| Binding Qualifiers for the Ephapax Dyadic Type System ||| ||| 	linearity	idris2	success	2266	0.5	\N	batch-direct	2026-04-05 13:03:21.319	2026-04-05 13:03:23.605	direct:idris2	\N
0c62e426-2583-4881-ab29-3d18cd4976d1	01dc3c4f3de66a833253530f1239d1a1c169ca6e	hyperpolymath/ephapax	src/formal/Ephapax/Formal/RegionLinear.idr	-- SPDX-License-Identifier: PMPL-1.0-or-later -- Copyright (c) 2026 Jonathan D.A. Jewell (hyperpolymath) <j.d.a.jewell@open.ac.uk> -- ||| Region-Linear Fusion: The Core of Ephapax Memory Safety ||| ||	linearity	idris2	success	2380	0.5	\N	batch-direct	2026-04-05 13:03:23.668	2026-04-05 13:03:26.068	direct:idris2	\N
a16be1f6-c558-4d3f-bf05-6b370253268d	4220bdce511a0c63413285d98c6593b791a4c976	hyperpolymath/ephapax	src/formal/Ephapax/Formal/Region.idr	-- SPDX-License-Identifier: PMPL-1.0-or-later -- Copyright (c) 2026 Jonathan D.A. Jewell (hyperpolymath) <j.d.a.jewell@open.ac.uk> -- ||| Region Type System for Ephapax ||| ||| Formalises regions as n	linearity	idris2	success	2289	0.5	\N	batch-direct	2026-04-05 13:04:16.167	2026-04-05 13:04:18.477	direct:idris2	\N
40e1ae70-0dd8-491c-8f2a-a0c109866885	e73bb291ef06c7bc7c254d4295ab2ac8752052da	hyperpolymath/ephapax	src/formal/Ephapax/Formal/Qualifier.idr	-- SPDX-License-Identifier: PMPL-1.0-or-later -- Copyright (c) 2026 Jonathan D.A. Jewell (hyperpolymath) <j.d.a.jewell@open.ac.uk> -- ||| Binding Qualifiers for the Ephapax Dyadic Type System ||| ||| 	linearity	idris2	success	2271	0.5	\N	batch-direct	2026-04-05 13:04:18.539	2026-04-05 13:04:20.829	direct:idris2	\N
f8aea77c-e692-430c-8f88-bb7305de4f12	01dc3c4f3de66a833253530f1239d1a1c169ca6e	hyperpolymath/ephapax	src/formal/Ephapax/Formal/RegionLinear.idr	-- SPDX-License-Identifier: PMPL-1.0-or-later -- Copyright (c) 2026 Jonathan D.A. Jewell (hyperpolymath) <j.d.a.jewell@open.ac.uk> -- ||| Region-Linear Fusion: The Core of Ephapax Memory Safety ||| ||	linearity	idris2	success	2313	0.5	\N	batch-direct	2026-04-05 13:04:20.895	2026-04-05 13:04:23.227	direct:idris2	\N
2b87011c-8aeb-420c-b85c-56346dfe4034	4220bdce511a0c63413285d98c6593b791a4c976	hyperpolymath/ephapax	src/formal/Ephapax/Formal/Region.idr	-- SPDX-License-Identifier: PMPL-1.0-or-later -- Copyright (c) 2026 Jonathan D.A. Jewell (hyperpolymath) <j.d.a.jewell@open.ac.uk> -- ||| Region Type System for Ephapax ||| ||| Formalises regions as n	linearity	idris2	success	2628	0.5	\N	batch-direct	2026-04-05 14:53:58.568	2026-04-05 14:54:01.216	direct:idris2	\N
0ba82ffa-6f31-4ff2-ad38-b7790d97dc4c	e73bb291ef06c7bc7c254d4295ab2ac8752052da	hyperpolymath/ephapax	src/formal/Ephapax/Formal/Qualifier.idr	-- SPDX-License-Identifier: PMPL-1.0-or-later -- Copyright (c) 2026 Jonathan D.A. Jewell (hyperpolymath) <j.d.a.jewell@open.ac.uk> -- ||| Binding Qualifiers for the Ephapax Dyadic Type System ||| ||| 	linearity	idris2	success	2634	0.5	\N	batch-direct	2026-04-05 14:54:01.287	2026-04-05 14:54:03.941	direct:idris2	\N
61ea2e7c-67c0-4d02-882a-022ec8991670	01dc3c4f3de66a833253530f1239d1a1c169ca6e	hyperpolymath/ephapax	src/formal/Ephapax/Formal/RegionLinear.idr	-- SPDX-License-Identifier: PMPL-1.0-or-later -- Copyright (c) 2026 Jonathan D.A. Jewell (hyperpolymath) <j.d.a.jewell@open.ac.uk> -- ||| Region-Linear Fusion: The Core of Ephapax Memory Safety ||| ||	linearity	idris2	success	2513	0.5	\N	batch-direct	2026-04-05 14:54:04.015	2026-04-05 14:54:06.547	direct:idris2	\N
9519bf58-6c63-4ad6-85ee-ccb0053255ad	4220bdce511a0c63413285d98c6593b791a4c976	hyperpolymath/ephapax	src/formal/Ephapax/Formal/Region.idr	-- SPDX-License-Identifier: PMPL-1.0-or-later -- Copyright (c) 2026 Jonathan D.A. Jewell (hyperpolymath) <j.d.a.jewell@open.ac.uk> -- ||| Region Type System for Ephapax ||| ||| Formalises regions as n	linearity	idris2	success	7591	0.5	\N	batch-direct	2026-04-05 15:06:12.719	2026-04-05 15:06:20.488	direct:idris2	\N
8f421c82-fbf5-4b98-9e55-fd203256a7ff	e73bb291ef06c7bc7c254d4295ab2ac8752052da	hyperpolymath/ephapax	src/formal/Ephapax/Formal/Qualifier.idr	-- SPDX-License-Identifier: PMPL-1.0-or-later -- Copyright (c) 2026 Jonathan D.A. Jewell (hyperpolymath) <j.d.a.jewell@open.ac.uk> -- ||| Binding Qualifiers for the Ephapax Dyadic Type System ||| ||| 	linearity	idris2	success	5551	0.5	\N	batch-direct	2026-04-05 15:06:20.804	2026-04-05 15:06:26.449	direct:idris2	\N
3af418c3-50f9-4a90-97f1-6e1ea21b2e1c	255adef5d10035fc75a0323b176b99775de4c76c	hyperpolymath/echidna	proofs/dimacs/satisfiable_basic.cnf	c SPDX-License-Identifier: PMPL-1.0-or-later c Basic satisfiable instance: (x1 OR x2) AND (NOT x1 OR x2) AND (x1 OR NOT x2) c Expected: SATISFIABLE (solution x1=T, x2=T) p cnf 2 3 1 2 0 -1 2 0 1 -2 0 	model-check	cadical	success	6	0.5	\N	batch-direct	2026-04-05 12:53:02.234	2026-04-05 12:53:02.251	direct:cadical	\N
de7999f5-a531-4b11-b953-2247c710fec4	2cb2ae4a879da6001c550a4ce629163b3c1d019f	hyperpolymath/echidna	proofs/dimacs/unsatisfiable_basic.cnf	c SPDX-License-Identifier: PMPL-1.0-or-later c Contradiction: x1 AND NOT x1 c Expected: UNSATISFIABLE p cnf 1 2 1 0 -1 0 	model-check	cadical	success	5	0.5	\N	batch-direct	2026-04-05 12:53:02.341	2026-04-05 12:53:02.355	direct:cadical	\N
1c2aee69-ea4f-42c3-b62d-82866f7d4d83	e716fe0bdb34bd533d3826090d0b4173d6441104	hyperpolymath/echidna	proofs/dimacs/pigeonhole_3_2.cnf	c SPDX-License-Identifier: PMPL-1.0-or-later c Pigeonhole: 3 pigeons in 2 holes (UNSAT) c Variables: p_i_h means pigeon i in hole h; vars 1..6 for (1,1)(1,2)(2,1)(2,2)(3,1)(3,2) c Each pigeon in some 	model-check	cadical	success	6	0.5	\N	batch-direct	2026-04-05 12:53:02.432	2026-04-05 12:53:02.448	direct:cadical	\N
d391f1a3-459c-4cc9-80f7-2c6061a46249	902d7a548c36fbbe22def8ae3c40f759725985f4	hyperpolymath/echidna	proofs/dimacs/xor_chain.cnf	c SPDX-License-Identifier: PMPL-1.0-or-later c XOR chain: x1 ⊕ x2 = 1, x2 ⊕ x3 = 1, x3 ⊕ x4 = 1 (SATISFIABLE) c Encoded as CNF: for each XOR clause, two 2-clauses p cnf 4 6 1 2 0 -1 -2 0 2 3 0 -	model-check	cadical	success	5	0.5	\N	batch-direct	2026-04-05 12:53:02.524	2026-04-05 12:53:02.539	direct:cadical	\N
a44afda4-c007-4ea5-9f6a-c93003b635f4	b5c5b67db26be5e99fe3db9bd7df3035ed85f254	hyperpolymath/echidna	proofs/dimacs/graph_3color.cnf	c SPDX-License-Identifier: PMPL-1.0-or-later c 3-colouring of a triangle (K_3): vertices v1,v2,v3, colours r,g,b c Variables 1..9 indexed as (v-1)*3+c for v∈{1,2,3}, c∈{1=r,2=g,3=b} c Each vertex 	model-check	cadical	success	5	0.5	\N	batch-direct	2026-04-05 12:53:02.615	2026-04-05 12:53:02.630	direct:cadical	\N
b68407c2-3ae1-4282-bf4e-eb0cfc6b9696	255adef5d10035fc75a0323b176b99775de4c76c	hyperpolymath/echidna	proofs/dimacs/satisfiable_basic.cnf	c SPDX-License-Identifier: PMPL-1.0-or-later c Basic satisfiable instance: (x1 OR x2) AND (NOT x1 OR x2) AND (x1 OR NOT x2) c Expected: SATISFIABLE (solution x1=T, x2=T) p cnf 2 3 1 2 0 -1 2 0 1 -2 0 	model-check	cadical	success	5	0.5	\N	batch-direct	2026-04-05 12:59:03.217	2026-04-05 12:59:03.231	direct:cadical	\N
c4d14197-894c-44a9-ad3d-39a1f4353d37	2cb2ae4a879da6001c550a4ce629163b3c1d019f	hyperpolymath/echidna	proofs/dimacs/unsatisfiable_basic.cnf	c SPDX-License-Identifier: PMPL-1.0-or-later c Contradiction: x1 AND NOT x1 c Expected: UNSATISFIABLE p cnf 1 2 1 0 -1 0 	model-check	cadical	success	5	0.5	\N	batch-direct	2026-04-05 12:59:03.298	2026-04-05 12:59:03.313	direct:cadical	\N
4a75dff1-ac31-46e7-a553-05beabc52c82	e716fe0bdb34bd533d3826090d0b4173d6441104	hyperpolymath/echidna	proofs/dimacs/pigeonhole_3_2.cnf	c SPDX-License-Identifier: PMPL-1.0-or-later c Pigeonhole: 3 pigeons in 2 holes (UNSAT) c Variables: p_i_h means pigeon i in hole h; vars 1..6 for (1,1)(1,2)(2,1)(2,2)(3,1)(3,2) c Each pigeon in some 	model-check	cadical	success	5	0.5	\N	batch-direct	2026-04-05 12:59:03.381	2026-04-05 12:59:03.396	direct:cadical	\N
cac57ad9-399f-4ae6-b5ee-0218c1d92e81	902d7a548c36fbbe22def8ae3c40f759725985f4	hyperpolymath/echidna	proofs/dimacs/xor_chain.cnf	c SPDX-License-Identifier: PMPL-1.0-or-later c XOR chain: x1 ⊕ x2 = 1, x2 ⊕ x3 = 1, x3 ⊕ x4 = 1 (SATISFIABLE) c Encoded as CNF: for each XOR clause, two 2-clauses p cnf 4 6 1 2 0 -1 -2 0 2 3 0 -	model-check	cadical	success	5	0.5	\N	batch-direct	2026-04-05 12:59:03.460	2026-04-05 12:59:03.475	direct:cadical	\N
c6ec8486-e3cd-41bf-9168-342929065ed0	b5c5b67db26be5e99fe3db9bd7df3035ed85f254	hyperpolymath/echidna	proofs/dimacs/graph_3color.cnf	c SPDX-License-Identifier: PMPL-1.0-or-later c 3-colouring of a triangle (K_3): vertices v1,v2,v3, colours r,g,b c Variables 1..9 indexed as (v-1)*3+c for v∈{1,2,3}, c∈{1=r,2=g,3=b} c Each vertex 	model-check	cadical	success	6	0.5	\N	batch-direct	2026-04-05 12:59:03.542	2026-04-05 12:59:03.557	direct:cadical	\N
z	z	a/b	x	c	model-check	cadical	success	1	0.5	\N	t	2026-04-05 13:00:00.000	2026-04-05 13:00:00.000		\N
9ae7e539-3c78-4159-ac17-529f4fd98812	255adef5d10035fc75a0323b176b99775de4c76c	hyperpolymath/echidna	proofs/dimacs/satisfiable_basic.cnf	c SPDX-License-Identifier: PMPL-1.0-or-later c Basic satisfiable instance: (x1 OR x2) AND (NOT x1 OR x2) AND (x1 OR NOT x2) c Expected: SATISFIABLE (solution x1=T, x2=T) p cnf 2 3 1 2 0 -1 2 0 1 -2 0 	model-check	cadical	success	5	0.5	\N	batch-direct	2026-04-05 13:00:00.913	2026-04-05 13:00:00.928	direct:cadical	\N
49b926a3-ebe5-442d-9d13-c5a35318e9f7	2cb2ae4a879da6001c550a4ce629163b3c1d019f	hyperpolymath/echidna	proofs/dimacs/unsatisfiable_basic.cnf	c SPDX-License-Identifier: PMPL-1.0-or-later c Contradiction: x1 AND NOT x1 c Expected: UNSATISFIABLE p cnf 1 2 1 0 -1 0 	model-check	cadical	success	6	0.5	\N	batch-direct	2026-04-05 13:00:00.996	2026-04-05 13:00:01.012	direct:cadical	\N
66abf616-bc43-4aa6-898e-f4422c12569b	e716fe0bdb34bd533d3826090d0b4173d6441104	hyperpolymath/echidna	proofs/dimacs/pigeonhole_3_2.cnf	c SPDX-License-Identifier: PMPL-1.0-or-later c Pigeonhole: 3 pigeons in 2 holes (UNSAT) c Variables: p_i_h means pigeon i in hole h; vars 1..6 for (1,1)(1,2)(2,1)(2,2)(3,1)(3,2) c Each pigeon in some 	model-check	cadical	success	5	0.5	\N	batch-direct	2026-04-05 13:00:01.080	2026-04-05 13:00:01.094	direct:cadical	\N
6283e115-ac67-48d7-9ba9-bf05b665b4db	902d7a548c36fbbe22def8ae3c40f759725985f4	hyperpolymath/echidna	proofs/dimacs/xor_chain.cnf	c SPDX-License-Identifier: PMPL-1.0-or-later c XOR chain: x1 ⊕ x2 = 1, x2 ⊕ x3 = 1, x3 ⊕ x4 = 1 (SATISFIABLE) c Encoded as CNF: for each XOR clause, two 2-clauses p cnf 4 6 1 2 0 -1 -2 0 2 3 0 -	model-check	cadical	success	5	0.5	\N	batch-direct	2026-04-05 13:00:01.161	2026-04-05 13:00:01.176	direct:cadical	\N
a3a17cc8-9831-40dd-936f-b70ba247b546	b5c5b67db26be5e99fe3db9bd7df3035ed85f254	hyperpolymath/echidna	proofs/dimacs/graph_3color.cnf	c SPDX-License-Identifier: PMPL-1.0-or-later c 3-colouring of a triangle (K_3): vertices v1,v2,v3, colours r,g,b c Variables 1..9 indexed as (v-1)*3+c for v∈{1,2,3}, c∈{1=r,2=g,3=b} c Each vertex 	model-check	cadical	success	5	0.5	\N	batch-direct	2026-04-05 13:00:01.245	2026-04-05 13:00:01.261	direct:cadical	\N
515aa73b-f375-45fb-bed1-3e9565db3c6c	255adef5d10035fc75a0323b176b99775de4c76c	hyperpolymath/echidna	proofs/dimacs/satisfiable_basic.cnf	c SPDX-License-Identifier: PMPL-1.0-or-later c Basic satisfiable instance: (x1 OR x2) AND (NOT x1 OR x2) AND (x1 OR NOT x2) c Expected: SATISFIABLE (solution x1=T, x2=T) p cnf 2 3 1 2 0 -1 2 0 1 -2 0 	model-check	cadical	success	6	0.5	\N	batch-direct	2026-04-05 13:01:33.815	2026-04-05 13:01:33.830	direct:cadical	\N
3983874e-aa75-427f-91ce-39bc06d674ae	2cb2ae4a879da6001c550a4ce629163b3c1d019f	hyperpolymath/echidna	proofs/dimacs/unsatisfiable_basic.cnf	c SPDX-License-Identifier: PMPL-1.0-or-later c Contradiction: x1 AND NOT x1 c Expected: UNSATISFIABLE p cnf 1 2 1 0 -1 0 	model-check	cadical	success	5	0.5	\N	batch-direct	2026-04-05 13:01:33.890	2026-04-05 13:01:33.905	direct:cadical	\N
6e46b06d-431f-49eb-b6d7-ee70a664f8d0	e716fe0bdb34bd533d3826090d0b4173d6441104	hyperpolymath/echidna	proofs/dimacs/pigeonhole_3_2.cnf	c SPDX-License-Identifier: PMPL-1.0-or-later c Pigeonhole: 3 pigeons in 2 holes (UNSAT) c Variables: p_i_h means pigeon i in hole h; vars 1..6 for (1,1)(1,2)(2,1)(2,2)(3,1)(3,2) c Each pigeon in some 	model-check	cadical	success	5	0.5	\N	batch-direct	2026-04-05 13:01:33.972	2026-04-05 13:01:33.986	direct:cadical	\N
0aee7751-b6be-47d4-8da6-8cb218e1a253	902d7a548c36fbbe22def8ae3c40f759725985f4	hyperpolymath/echidna	proofs/dimacs/xor_chain.cnf	c SPDX-License-Identifier: PMPL-1.0-or-later c XOR chain: x1 ⊕ x2 = 1, x2 ⊕ x3 = 1, x3 ⊕ x4 = 1 (SATISFIABLE) c Encoded as CNF: for each XOR clause, two 2-clauses p cnf 4 6 1 2 0 -1 -2 0 2 3 0 -	model-check	cadical	success	5	0.5	\N	batch-direct	2026-04-05 13:01:34.053	2026-04-05 13:01:34.067	direct:cadical	\N
2ed95c59-2482-4de6-8b1a-b03e41b01f17	b5c5b67db26be5e99fe3db9bd7df3035ed85f254	hyperpolymath/echidna	proofs/dimacs/graph_3color.cnf	c SPDX-License-Identifier: PMPL-1.0-or-later c 3-colouring of a triangle (K_3): vertices v1,v2,v3, colours r,g,b c Variables 1..9 indexed as (v-1)*3+c for v∈{1,2,3}, c∈{1=r,2=g,3=b} c Each vertex 	model-check	cadical	success	6	0.5	\N	batch-direct	2026-04-05 13:01:34.128	2026-04-05 13:01:34.143	direct:cadical	\N
d1acd9c1-004e-4281-b3e0-4146918874b3	255adef5d10035fc75a0323b176b99775de4c76c	hyperpolymath/echidna	proofs/dimacs/satisfiable_basic.cnf	c SPDX-License-Identifier: PMPL-1.0-or-later c Basic satisfiable instance: (x1 OR x2) AND (NOT x1 OR x2) AND (x1 OR NOT x2) c Expected: SATISFIABLE (solution x1=T, x2=T) p cnf 2 3 1 2 0 -1 2 0 1 -2 0 	model-check	cadical	success	5	0.5	\N	batch-direct	2026-04-05 13:02:31.196	2026-04-05 13:02:31.211	direct:cadical	\N
2dfc121a-6151-43fe-8dd9-9ace0f4e8f6d	2cb2ae4a879da6001c550a4ce629163b3c1d019f	hyperpolymath/echidna	proofs/dimacs/unsatisfiable_basic.cnf	c SPDX-License-Identifier: PMPL-1.0-or-later c Contradiction: x1 AND NOT x1 c Expected: UNSATISFIABLE p cnf 1 2 1 0 -1 0 	model-check	cadical	success	6	0.5	\N	batch-direct	2026-04-05 13:02:31.272	2026-04-05 13:02:31.287	direct:cadical	\N
73d715ec-4e95-4b40-ba01-42f0849a1089	e716fe0bdb34bd533d3826090d0b4173d6441104	hyperpolymath/echidna	proofs/dimacs/pigeonhole_3_2.cnf	c SPDX-License-Identifier: PMPL-1.0-or-later c Pigeonhole: 3 pigeons in 2 holes (UNSAT) c Variables: p_i_h means pigeon i in hole h; vars 1..6 for (1,1)(1,2)(2,1)(2,2)(3,1)(3,2) c Each pigeon in some 	model-check	cadical	success	5	0.5	\N	batch-direct	2026-04-05 13:02:31.350	2026-04-05 13:02:31.364	direct:cadical	\N
8ebdc2aa-5fe1-4ce1-8983-e6a4ba5a2318	902d7a548c36fbbe22def8ae3c40f759725985f4	hyperpolymath/echidna	proofs/dimacs/xor_chain.cnf	c SPDX-License-Identifier: PMPL-1.0-or-later c XOR chain: x1 ⊕ x2 = 1, x2 ⊕ x3 = 1, x3 ⊕ x4 = 1 (SATISFIABLE) c Encoded as CNF: for each XOR clause, two 2-clauses p cnf 4 6 1 2 0 -1 -2 0 2 3 0 -	model-check	cadical	success	5	0.5	\N	batch-direct	2026-04-05 13:02:31.428	2026-04-05 13:02:31.442	direct:cadical	\N
bcba9601-8136-4c96-b091-83963810a84a	b5c5b67db26be5e99fe3db9bd7df3035ed85f254	hyperpolymath/echidna	proofs/dimacs/graph_3color.cnf	c SPDX-License-Identifier: PMPL-1.0-or-later c 3-colouring of a triangle (K_3): vertices v1,v2,v3, colours r,g,b c Variables 1..9 indexed as (v-1)*3+c for v∈{1,2,3}, c∈{1=r,2=g,3=b} c Each vertex 	model-check	cadical	success	6	0.5	\N	batch-direct	2026-04-05 13:02:31.503	2026-04-05 13:02:31.518	direct:cadical	\N
b8b47528-c30e-4053-9d02-4f5f1c8e50e9	255adef5d10035fc75a0323b176b99775de4c76c	hyperpolymath/echidna	proofs/dimacs/satisfiable_basic.cnf	c SPDX-License-Identifier: PMPL-1.0-or-later c Basic satisfiable instance: (x1 OR x2) AND (NOT x1 OR x2) AND (x1 OR NOT x2) c Expected: SATISFIABLE (solution x1=T, x2=T) p cnf 2 3 1 2 0 -1 2 0 1 -2 0 	model-check	cadical	success	5	0.5	\N	batch-direct	2026-04-05 13:03:28.181	2026-04-05 13:03:28.196	direct:cadical	\N
0c7c97be-374e-4796-a0d2-2d7bd9f6f415	2cb2ae4a879da6001c550a4ce629163b3c1d019f	hyperpolymath/echidna	proofs/dimacs/unsatisfiable_basic.cnf	c SPDX-License-Identifier: PMPL-1.0-or-later c Contradiction: x1 AND NOT x1 c Expected: UNSATISFIABLE p cnf 1 2 1 0 -1 0 	model-check	cadical	success	5	0.5	\N	batch-direct	2026-04-05 13:03:28.260	2026-04-05 13:03:28.276	direct:cadical	\N
433af470-7ac4-4465-b77d-9ff2a260ccb8	e716fe0bdb34bd533d3826090d0b4173d6441104	hyperpolymath/echidna	proofs/dimacs/pigeonhole_3_2.cnf	c SPDX-License-Identifier: PMPL-1.0-or-later c Pigeonhole: 3 pigeons in 2 holes (UNSAT) c Variables: p_i_h means pigeon i in hole h; vars 1..6 for (1,1)(1,2)(2,1)(2,2)(3,1)(3,2) c Each pigeon in some 	model-check	cadical	success	5	0.5	\N	batch-direct	2026-04-05 13:03:28.339	2026-04-05 13:03:28.354	direct:cadical	\N
691aa39c-a0f0-4735-9863-8658e4966619	902d7a548c36fbbe22def8ae3c40f759725985f4	hyperpolymath/echidna	proofs/dimacs/xor_chain.cnf	c SPDX-License-Identifier: PMPL-1.0-or-later c XOR chain: x1 ⊕ x2 = 1, x2 ⊕ x3 = 1, x3 ⊕ x4 = 1 (SATISFIABLE) c Encoded as CNF: for each XOR clause, two 2-clauses p cnf 4 6 1 2 0 -1 -2 0 2 3 0 -	model-check	cadical	success	5	0.5	\N	batch-direct	2026-04-05 13:03:28.415	2026-04-05 13:03:28.430	direct:cadical	\N
9eb5a10f-f2ec-442b-9e6f-01affde8d5d9	b5c5b67db26be5e99fe3db9bd7df3035ed85f254	hyperpolymath/echidna	proofs/dimacs/graph_3color.cnf	c SPDX-License-Identifier: PMPL-1.0-or-later c 3-colouring of a triangle (K_3): vertices v1,v2,v3, colours r,g,b c Variables 1..9 indexed as (v-1)*3+c for v∈{1,2,3}, c∈{1=r,2=g,3=b} c Each vertex 	model-check	cadical	success	6	0.5	\N	batch-direct	2026-04-05 13:03:28.496	2026-04-05 13:03:28.516	direct:cadical	\N
a82ee809-da3a-49a4-af03-4e4bd692472e	255adef5d10035fc75a0323b176b99775de4c76c	hyperpolymath/echidna	proofs/dimacs/satisfiable_basic.cnf	c SPDX-License-Identifier: PMPL-1.0-or-later c Basic satisfiable instance: (x1 OR x2) AND (NOT x1 OR x2) AND (x1 OR NOT x2) c Expected: SATISFIABLE (solution x1=T, x2=T) p cnf 2 3 1 2 0 -1 2 0 1 -2 0 	model-check	cadical	success	8	0.5	\N	batch-direct	2026-04-05 14:53:02.054	2026-04-05 14:53:02.071	direct:cadical	\N
088ee385-a6f3-4f01-b728-5ee5c4dd91d0	2cb2ae4a879da6001c550a4ce629163b3c1d019f	hyperpolymath/echidna	proofs/dimacs/unsatisfiable_basic.cnf	c SPDX-License-Identifier: PMPL-1.0-or-later c Contradiction: x1 AND NOT x1 c Expected: UNSATISFIABLE p cnf 1 2 1 0 -1 0 	model-check	cadical	success	6	0.5	\N	batch-direct	2026-04-05 14:53:02.141	2026-04-05 14:53:02.157	direct:cadical	\N
9cc988d5-830c-4302-bd5b-a6f12dfdc34e	e716fe0bdb34bd533d3826090d0b4173d6441104	hyperpolymath/echidna	proofs/dimacs/pigeonhole_3_2.cnf	c SPDX-License-Identifier: PMPL-1.0-or-later c Pigeonhole: 3 pigeons in 2 holes (UNSAT) c Variables: p_i_h means pigeon i in hole h; vars 1..6 for (1,1)(1,2)(2,1)(2,2)(3,1)(3,2) c Each pigeon in some 	model-check	cadical	success	6	0.5	\N	batch-direct	2026-04-05 14:53:02.231	2026-04-05 14:53:02.246	direct:cadical	\N
1919531a-8ef5-4d80-ab52-9ccdc2f2ee6a	902d7a548c36fbbe22def8ae3c40f759725985f4	hyperpolymath/echidna	proofs/dimacs/xor_chain.cnf	c SPDX-License-Identifier: PMPL-1.0-or-later c XOR chain: x1 ⊕ x2 = 1, x2 ⊕ x3 = 1, x3 ⊕ x4 = 1 (SATISFIABLE) c Encoded as CNF: for each XOR clause, two 2-clauses p cnf 4 6 1 2 0 -1 -2 0 2 3 0 -	model-check	cadical	success	5	0.5	\N	batch-direct	2026-04-05 14:53:02.318	2026-04-05 14:53:02.333	direct:cadical	\N
f661230e-6f64-4f9b-9c5f-ac8d560aab21	b5c5b67db26be5e99fe3db9bd7df3035ed85f254	hyperpolymath/echidna	proofs/dimacs/graph_3color.cnf	c SPDX-License-Identifier: PMPL-1.0-or-later c 3-colouring of a triangle (K_3): vertices v1,v2,v3, colours r,g,b c Variables 1..9 indexed as (v-1)*3+c for v∈{1,2,3}, c∈{1=r,2=g,3=b} c Each vertex 	model-check	cadical	success	5	0.5	\N	batch-direct	2026-04-05 14:53:02.402	2026-04-05 14:53:02.416	direct:cadical	\N
834404fc-2ded-446b-b9b5-ced5e8370421	255adef5d10035fc75a0323b176b99775de4c76c	hyperpolymath/echidna	proofs/dimacs/satisfiable_basic.cnf	c SPDX-License-Identifier: PMPL-1.0-or-later c Basic satisfiable instance: (x1 OR x2) AND (NOT x1 OR x2) AND (x1 OR NOT x2) c Expected: SATISFIABLE (solution x1=T, x2=T) p cnf 2 3 1 2 0 -1 2 0 1 -2 0 	model-check	cadical	success	6	0.5	\N	batch-direct	2026-04-05 15:04:23.033	2026-04-05 15:04:23.048	direct:cadical	\N
cbb11d95-76a9-41d1-9d76-46857eb49467	2cb2ae4a879da6001c550a4ce629163b3c1d019f	hyperpolymath/echidna	proofs/dimacs/unsatisfiable_basic.cnf	c SPDX-License-Identifier: PMPL-1.0-or-later c Contradiction: x1 AND NOT x1 c Expected: UNSATISFIABLE p cnf 1 2 1 0 -1 0 	model-check	cadical	success	7	0.5	\N	batch-direct	2026-04-05 15:04:23.132	2026-04-05 15:04:23.152	direct:cadical	\N
f2f36536-a040-4b12-909b-7917d79dd8d0	e716fe0bdb34bd533d3826090d0b4173d6441104	hyperpolymath/echidna	proofs/dimacs/pigeonhole_3_2.cnf	c SPDX-License-Identifier: PMPL-1.0-or-later c Pigeonhole: 3 pigeons in 2 holes (UNSAT) c Variables: p_i_h means pigeon i in hole h; vars 1..6 for (1,1)(1,2)(2,1)(2,2)(3,1)(3,2) c Each pigeon in some 	model-check	cadical	success	6	0.5	\N	batch-direct	2026-04-05 15:04:23.241	2026-04-05 15:04:23.257	direct:cadical	\N
582b2d3e-b161-4ce8-a673-e8c98453e440	902d7a548c36fbbe22def8ae3c40f759725985f4	hyperpolymath/echidna	proofs/dimacs/xor_chain.cnf	c SPDX-License-Identifier: PMPL-1.0-or-later c XOR chain: x1 ⊕ x2 = 1, x2 ⊕ x3 = 1, x3 ⊕ x4 = 1 (SATISFIABLE) c Encoded as CNF: for each XOR clause, two 2-clauses p cnf 4 6 1 2 0 -1 -2 0 2 3 0 -	model-check	cadical	success	6	0.5	\N	batch-direct	2026-04-05 15:04:23.348	2026-04-05 15:04:23.368	direct:cadical	\N
1dec7788-5d02-44f6-a700-daf251a45212	b5c5b67db26be5e99fe3db9bd7df3035ed85f254	hyperpolymath/echidna	proofs/dimacs/graph_3color.cnf	c SPDX-License-Identifier: PMPL-1.0-or-later c 3-colouring of a triangle (K_3): vertices v1,v2,v3, colours r,g,b c Variables 1..9 indexed as (v-1)*3+c for v∈{1,2,3}, c∈{1=r,2=g,3=b} c Each vertex 	model-check	cadical	success	6	0.5	\N	batch-direct	2026-04-05 15:04:23.448	2026-04-05 15:04:23.464	direct:cadical	\N
6a58df48-72e0-4944-8e97-37add480101a	255adef5d10035fc75a0323b176b99775de4c76c	hyperpolymath/echidna	proofs/dimacs/satisfiable_basic.cnf	c SPDX-License-Identifier: PMPL-1.0-or-later c Basic satisfiable instance: (x1 OR x2) AND (NOT x1 OR x2) AND (x1 OR NOT x2) c Expected: SATISFIABLE (solution x1=T, x2=T) p cnf 2 3 1 2 0 -1 2 0 1 -2 0 	model-check	kissat	success	5	0.5	\N	batch-direct	2026-04-05 14:53:04.648	2026-04-05 14:53:04.669	direct:kissat	\N
cf90d8d9-77b6-481e-b9b4-144506f080e0	2cb2ae4a879da6001c550a4ce629163b3c1d019f	hyperpolymath/echidna	proofs/dimacs/unsatisfiable_basic.cnf	c SPDX-License-Identifier: PMPL-1.0-or-later c Contradiction: x1 AND NOT x1 c Expected: UNSATISFIABLE p cnf 1 2 1 0 -1 0 	model-check	kissat	success	5	0.5	\N	batch-direct	2026-04-05 14:53:04.758	2026-04-05 14:53:04.775	direct:kissat	\N
a683c5a4-69fa-40b0-922f-85ab2b8ec110	e716fe0bdb34bd533d3826090d0b4173d6441104	hyperpolymath/echidna	proofs/dimacs/pigeonhole_3_2.cnf	c SPDX-License-Identifier: PMPL-1.0-or-later c Pigeonhole: 3 pigeons in 2 holes (UNSAT) c Variables: p_i_h means pigeon i in hole h; vars 1..6 for (1,1)(1,2)(2,1)(2,2)(3,1)(3,2) c Each pigeon in some 	model-check	kissat	success	4	0.5	\N	batch-direct	2026-04-05 14:53:04.858	2026-04-05 14:53:04.872	direct:kissat	\N
5411964e-be85-4485-91b7-1246ef4c44f1	902d7a548c36fbbe22def8ae3c40f759725985f4	hyperpolymath/echidna	proofs/dimacs/xor_chain.cnf	c SPDX-License-Identifier: PMPL-1.0-or-later c XOR chain: x1 ⊕ x2 = 1, x2 ⊕ x3 = 1, x3 ⊕ x4 = 1 (SATISFIABLE) c Encoded as CNF: for each XOR clause, two 2-clauses p cnf 4 6 1 2 0 -1 -2 0 2 3 0 -	model-check	kissat	success	4	0.5	\N	batch-direct	2026-04-05 14:53:04.948	2026-04-05 14:53:04.962	direct:kissat	\N
9bdd04ba-2da2-4c58-a3f9-e9cf360b6952	b5c5b67db26be5e99fe3db9bd7df3035ed85f254	hyperpolymath/echidna	proofs/dimacs/graph_3color.cnf	c SPDX-License-Identifier: PMPL-1.0-or-later c 3-colouring of a triangle (K_3): vertices v1,v2,v3, colours r,g,b c Variables 1..9 indexed as (v-1)*3+c for v∈{1,2,3}, c∈{1=r,2=g,3=b} c Each vertex 	model-check	kissat	success	4	0.5	\N	batch-direct	2026-04-05 14:53:05.030	2026-04-05 14:53:05.043	direct:kissat	\N
edfdda8b-12f1-4b71-a21c-0c012cf33476	255adef5d10035fc75a0323b176b99775de4c76c	hyperpolymath/echidna	proofs/dimacs/satisfiable_basic.cnf	c SPDX-License-Identifier: PMPL-1.0-or-later c Basic satisfiable instance: (x1 OR x2) AND (NOT x1 OR x2) AND (x1 OR NOT x2) c Expected: SATISFIABLE (solution x1=T, x2=T) p cnf 2 3 1 2 0 -1 2 0 1 -2 0 	model-check	kissat	success	4	0.5	\N	batch-direct	2026-04-05 15:04:24.945	2026-04-05 15:04:24.959	direct:kissat	\N
58583128-39e2-4ca1-bc23-dd561049a695	2cb2ae4a879da6001c550a4ce629163b3c1d019f	hyperpolymath/echidna	proofs/dimacs/unsatisfiable_basic.cnf	c SPDX-License-Identifier: PMPL-1.0-or-later c Contradiction: x1 AND NOT x1 c Expected: UNSATISFIABLE p cnf 1 2 1 0 -1 0 	model-check	kissat	success	4	0.5	\N	batch-direct	2026-04-05 15:04:25.038	2026-04-05 15:04:25.051	direct:kissat	\N
cdd0360a-f716-453d-84ee-37499474e94d	e716fe0bdb34bd533d3826090d0b4173d6441104	hyperpolymath/echidna	proofs/dimacs/pigeonhole_3_2.cnf	c SPDX-License-Identifier: PMPL-1.0-or-later c Pigeonhole: 3 pigeons in 2 holes (UNSAT) c Variables: p_i_h means pigeon i in hole h; vars 1..6 for (1,1)(1,2)(2,1)(2,2)(3,1)(3,2) c Each pigeon in some 	model-check	kissat	success	4	0.5	\N	batch-direct	2026-04-05 15:04:25.135	2026-04-05 15:04:25.150	direct:kissat	\N
d2847c3b-e7d1-451d-8612-7a7b59c66952	902d7a548c36fbbe22def8ae3c40f759725985f4	hyperpolymath/echidna	proofs/dimacs/xor_chain.cnf	c SPDX-License-Identifier: PMPL-1.0-or-later c XOR chain: x1 ⊕ x2 = 1, x2 ⊕ x3 = 1, x3 ⊕ x4 = 1 (SATISFIABLE) c Encoded as CNF: for each XOR clause, two 2-clauses p cnf 4 6 1 2 0 -1 -2 0 2 3 0 -	model-check	kissat	success	4	0.5	\N	batch-direct	2026-04-05 15:04:25.227	2026-04-05 15:04:25.241	direct:kissat	\N
1785d288-c8d0-4b7b-85d0-8f4aa12d6652	b5c5b67db26be5e99fe3db9bd7df3035ed85f254	hyperpolymath/echidna	proofs/dimacs/graph_3color.cnf	c SPDX-License-Identifier: PMPL-1.0-or-later c 3-colouring of a triangle (K_3): vertices v1,v2,v3, colours r,g,b c Variables 1..9 indexed as (v-1)*3+c for v∈{1,2,3}, c∈{1=r,2=g,3=b} c Each vertex 	model-check	kissat	success	4	0.5	\N	batch-direct	2026-04-05 15:04:25.327	2026-04-05 15:04:25.343	direct:kissat	\N
att-005	ob-safe-gossamer-001	hyperpolymath/gossamer	src/window/guard.res	Guard rule prevents invalid transitions	safety	z3	success	342	0.99	\N	gnn-guided	2026-04-05 02:12:38.000	2026-04-05 02:12:38.342	unsat (proved, no counterexample).	\N
f77e20c5-bdbc-4086-b572-4738253970c4	6744bc3345186bd8a9e16df093b698adfa786667	hyperpolymath/echidna	examples/z3_quantifiers.smt2	; Z3 example with quantifiers ; Tests universal quantification (set-logic ALL) ; Declare function (declare-fun f (Int) Int) ; Universal property: f is monotonic (assert (forall ((x Int) (y Int)) 	safety	z3	success	29	0.5	\N	batch-direct	2026-04-05 10:01:39.534	2026-04-05 10:01:39.576	direct:z3	\N
f9970ce6-e9ed-459e-91dc-3d4458a659e6	b233a70151e518c0976a914fc97a55896f3760c0	hyperpolymath/echidna	examples/z3_simple.smt2	; Simple Z3 SMT-LIB 2.0 example ; Tests basic integer arithmetic (set-logic QF_LIA) ; Declare variables (declare-const x Int) (declare-const y Int) ; Add constraints (assert (> x 0)) (assert (> y 0	safety	z3	success	26	0.5	\N	batch-direct	2026-04-05 10:01:39.697	2026-04-05 10:01:39.736	direct:z3	\N
b39826be-ee99-4c5d-a506-8ac8f35f5f3e	23d7455100dd27ad6601ff512dba5e5fae01baf4	hyperpolymath/echidna	proofs/z3/basic.smt2	; Minimal SMT-LIB example for ECHIDNA Z3 backend (set-logic QF_LIA) (assert true) (check-sat) 	safety	z3	success	26	0.5	\N	batch-direct	2026-04-05 10:01:39.874	2026-04-05 10:01:39.913	direct:z3	\N
12345678-1234-7000-8000-000000000001	abc123def456	hyperpolymath/nesy-solver	playground/test.smt2	x>0 satisfiable	safety	z3	success	42	0.85	\N	test-e3	2026-04-05 10:15:00.000	2026-04-05 10:15:00.042	sat	\N
019d5d2441c3-nesy-f1b62815fd25e0b5	3a0fc97471cf157b9da771f9385b98045853ab8023c595513ccca0d41deda517	hyperpolymath/nesy-solver	playground/submission.txt	(declare-const x Int) (assert (> x 0)) (check-sat)	safety	z3	failure	21	0.2	\N	manual	2026-04-05 10:15:50.446	2026-04-05 10:15:50.467	valid=false goals=1 tactics=0	\N
e7babfd6-f9ef-4f2b-8b0b-1806e4dfef42	6744bc3345186bd8a9e16df093b698adfa786667	hyperpolymath/echidna	examples/z3_quantifiers.smt2	; Z3 example with quantifiers ; Tests universal quantification (set-logic ALL) ; Declare function (declare-fun f (Int) Int) ; Universal property: f is monotonic (assert (forall ((x Int) (y Int)) 	safety	z3	success	27	0.5	\N	batch-direct	2026-04-05 10:19:00.014	2026-04-05 10:19:00.051	direct:z3	\N
1e7c54b0-3c0c-48bf-88bc-da3955d1eb3d	b233a70151e518c0976a914fc97a55896f3760c0	hyperpolymath/echidna	examples/z3_simple.smt2	; Simple Z3 SMT-LIB 2.0 example ; Tests basic integer arithmetic (set-logic QF_LIA) ; Declare variables (declare-const x Int) (declare-const y Int) ; Add constraints (assert (> x 0)) (assert (> y 0	safety	z3	success	24	0.5	\N	batch-direct	2026-04-05 10:19:00.206	2026-04-05 10:19:00.241	direct:z3	\N
7c5366fd-79d9-403d-96b3-dfef415cc48d	23d7455100dd27ad6601ff512dba5e5fae01baf4	hyperpolymath/echidna	proofs/z3/basic.smt2	; Minimal SMT-LIB example for ECHIDNA Z3 backend (set-logic QF_LIA) (assert true) (check-sat) 	safety	z3	success	21	0.5	\N	batch-direct	2026-04-05 10:19:00.374	2026-04-05 10:19:00.408	direct:z3	\N
b1cc06e8-d8fa-4fa2-83f2-43a016726d40	6744bc3345186bd8a9e16df093b698adfa786667	hyperpolymath/echidna	examples/z3_quantifiers.smt2	; Z3 example with quantifiers ; Tests universal quantification (set-logic ALL) ; Declare function (declare-fun f (Int) Int) ; Universal property: f is monotonic (assert (forall ((x Int) (y Int)) 	safety	z3	success	28	0.5	\N	batch-direct	2026-04-05 10:37:21.406	2026-04-05 10:37:21.446	direct:z3	\N
e20de521-671c-4618-8897-46bd02057f99	b233a70151e518c0976a914fc97a55896f3760c0	hyperpolymath/echidna	examples/z3_simple.smt2	; Simple Z3 SMT-LIB 2.0 example ; Tests basic integer arithmetic (set-logic QF_LIA) ; Declare variables (declare-const x Int) (declare-const y Int) ; Add constraints (assert (> x 0)) (assert (> y 0	safety	z3	success	30	0.5	\N	batch-direct	2026-04-05 10:37:21.568	2026-04-05 10:37:21.611	direct:z3	\N
6aa3a241-6e12-4d3e-b28e-44fe93733d31	23d7455100dd27ad6601ff512dba5e5fae01baf4	hyperpolymath/echidna	proofs/z3/basic.smt2	; Minimal SMT-LIB example for ECHIDNA Z3 backend (set-logic QF_LIA) (assert true) (check-sat) 	safety	z3	success	24	0.5	\N	batch-direct	2026-04-05 10:37:21.734	2026-04-05 10:37:21.770	direct:z3	\N
71628f50-dbcc-4c20-82d9-c4d5889aca07	6744bc3345186bd8a9e16df093b698adfa786667	hyperpolymath/echidna	examples/z3_quantifiers.smt2	; Z3 example with quantifiers ; Tests universal quantification (set-logic ALL) ; Declare function (declare-fun f (Int) Int) ; Universal property: f is monotonic (assert (forall ((x Int) (y Int)) 	safety	z3	success	44	0.5	\N	batch-direct	2026-04-05 10:40:33.930	2026-04-05 10:40:33.991	direct:z3	\N
302bb359-fc25-49ad-8df3-9cadbd385aa6	b233a70151e518c0976a914fc97a55896f3760c0	hyperpolymath/echidna	examples/z3_simple.smt2	; Simple Z3 SMT-LIB 2.0 example ; Tests basic integer arithmetic (set-logic QF_LIA) ; Declare variables (declare-const x Int) (declare-const y Int) ; Add constraints (assert (> x 0)) (assert (> y 0	safety	z3	success	40	0.5	\N	batch-direct	2026-04-05 10:40:34.136	2026-04-05 10:40:34.198	direct:z3	\N
f06ffef3-2816-4051-af6f-a580cee3a7f4	23d7455100dd27ad6601ff512dba5e5fae01baf4	hyperpolymath/echidna	proofs/z3/basic.smt2	; Minimal SMT-LIB example for ECHIDNA Z3 backend (set-logic QF_LIA) (assert true) (check-sat) 	safety	z3	success	33	0.5	\N	batch-direct	2026-04-05 10:40:34.359	2026-04-05 10:40:34.412	direct:z3	\N
71d64216-af72-4af6-8511-85753a64c16e	6744bc3345186bd8a9e16df093b698adfa786667	hyperpolymath/echidna	examples/z3_quantifiers.smt2	; Z3 example with quantifiers ; Tests universal quantification (set-logic ALL) ; Declare function (declare-fun f (Int) Int) ; Universal property: f is monotonic (assert (forall ((x Int) (y Int)) 	safety	z3	success	28	0.5	\N	batch-direct	2026-04-05 10:46:28.624	2026-04-05 10:46:28.666	direct:z3	\N
20ca1486-d2e3-4a82-981c-8dc9239de030	b233a70151e518c0976a914fc97a55896f3760c0	hyperpolymath/echidna	examples/z3_simple.smt2	; Simple Z3 SMT-LIB 2.0 example ; Tests basic integer arithmetic (set-logic QF_LIA) ; Declare variables (declare-const x Int) (declare-const y Int) ; Add constraints (assert (> x 0)) (assert (> y 0	safety	z3	success	25	0.5	\N	batch-direct	2026-04-05 10:46:28.782	2026-04-05 10:46:28.820	direct:z3	\N
f183a40e-08bc-4af5-9c30-1f7b4b1aa5a5	23d7455100dd27ad6601ff512dba5e5fae01baf4	hyperpolymath/echidna	proofs/z3/basic.smt2	; Minimal SMT-LIB example for ECHIDNA Z3 backend (set-logic QF_LIA) (assert true) (check-sat) 	safety	z3	success	24	0.5	\N	batch-direct	2026-04-05 10:46:28.945	2026-04-05 10:46:28.981	direct:z3	\N
5a8831f7-c054-4c06-86fd-823dbeb20e38	6744bc3345186bd8a9e16df093b698adfa786667	hyperpolymath/echidna	examples/z3_quantifiers.smt2	; Z3 example with quantifiers ; Tests universal quantification (set-logic ALL) ; Declare function (declare-fun f (Int) Int) ; Universal property: f is monotonic (assert (forall ((x Int) (y Int)) 	safety	z3	success	27	0.5	\N	batch-direct	2026-04-05 10:47:44.977	2026-04-05 10:47:45.017	direct:z3	\N
d768e16d-1247-4e76-b45c-a7e7b7cac7bc	b233a70151e518c0976a914fc97a55896f3760c0	hyperpolymath/echidna	examples/z3_simple.smt2	; Simple Z3 SMT-LIB 2.0 example ; Tests basic integer arithmetic (set-logic QF_LIA) ; Declare variables (declare-const x Int) (declare-const y Int) ; Add constraints (assert (> x 0)) (assert (> y 0	safety	z3	success	23	0.5	\N	batch-direct	2026-04-05 10:47:45.131	2026-04-05 10:47:45.168	direct:z3	\N
96fe208d-4721-46b5-8b56-166aa0e575ec	23d7455100dd27ad6601ff512dba5e5fae01baf4	hyperpolymath/echidna	proofs/z3/basic.smt2	; Minimal SMT-LIB example for ECHIDNA Z3 backend (set-logic QF_LIA) (assert true) (check-sat) 	safety	z3	success	25	0.5	\N	batch-direct	2026-04-05 10:47:45.289	2026-04-05 10:47:45.326	direct:z3	\N
a834f51d-32e8-40fb-a539-ce64c643a38d	6744bc3345186bd8a9e16df093b698adfa786667	hyperpolymath/echidna	examples/z3_quantifiers.smt2	; Z3 example with quantifiers ; Tests universal quantification (set-logic ALL) ; Declare function (declare-fun f (Int) Int) ; Universal property: f is monotonic (assert (forall ((x Int) (y Int)) 	safety	z3	success	22	0.5	\N	batch-direct	2026-04-05 12:09:29.391	2026-04-05 12:09:29.424	direct:z3	\N
4e1eb87b-0732-4d9c-913b-dac1bda8f980	b233a70151e518c0976a914fc97a55896f3760c0	hyperpolymath/echidna	examples/z3_simple.smt2	; Simple Z3 SMT-LIB 2.0 example ; Tests basic integer arithmetic (set-logic QF_LIA) ; Declare variables (declare-const x Int) (declare-const y Int) ; Add constraints (assert (> x 0)) (assert (> y 0	safety	z3	success	22	0.5	\N	batch-direct	2026-04-05 12:09:29.540	2026-04-05 12:09:29.573	direct:z3	\N
f3937d88-5a78-4ffa-88ec-554d09565298	23d7455100dd27ad6601ff512dba5e5fae01baf4	hyperpolymath/echidna	proofs/z3/basic.smt2	; Minimal SMT-LIB example for ECHIDNA Z3 backend (set-logic QF_LIA) (assert true) (check-sat) 	safety	z3	success	21	0.5	\N	batch-direct	2026-04-05 12:09:29.692	2026-04-05 12:09:29.724	direct:z3	\N
847a3924-97e7-4c53-ac67-36d56db3c8bf	6744bc3345186bd8a9e16df093b698adfa786667	hyperpolymath/echidna	examples/z3_quantifiers.smt2	; Z3 example with quantifiers ; Tests universal quantification (set-logic ALL) ; Declare function (declare-fun f (Int) Int) ; Universal property: f is monotonic (assert (forall ((x Int) (y Int)) 	safety	z3	success	23	0.5	\N	batch-direct	2026-04-05 12:10:56.493	2026-04-05 12:10:56.526	direct:z3	\N
3c0cafa3-859e-4b33-83e1-da455852caba	b233a70151e518c0976a914fc97a55896f3760c0	hyperpolymath/echidna	examples/z3_simple.smt2	; Simple Z3 SMT-LIB 2.0 example ; Tests basic integer arithmetic (set-logic QF_LIA) ; Declare variables (declare-const x Int) (declare-const y Int) ; Add constraints (assert (> x 0)) (assert (> y 0	safety	z3	success	22	0.5	\N	batch-direct	2026-04-05 12:10:56.593	2026-04-05 12:10:56.626	direct:z3	\N
c6a52f2c-79e4-4962-83bb-f1c685585091	23d7455100dd27ad6601ff512dba5e5fae01baf4	hyperpolymath/echidna	proofs/z3/basic.smt2	; Minimal SMT-LIB example for ECHIDNA Z3 backend (set-logic QF_LIA) (assert true) (check-sat) 	safety	z3	success	21	0.5	\N	batch-direct	2026-04-05 12:10:56.697	2026-04-05 12:10:56.729	direct:z3	\N
4e6ed5e8-c377-4304-9cff-60c1c0fb0a70	6744bc3345186bd8a9e16df093b698adfa786667	hyperpolymath/echidna	examples/z3_quantifiers.smt2	; Z3 example with quantifiers ; Tests universal quantification (set-logic ALL) ; Declare function (declare-fun f (Int) Int) ; Universal property: f is monotonic (assert (forall ((x Int) (y Int)) 	safety	z3	success	22	0.5	\N	batch-direct	2026-04-05 12:11:52.802	2026-04-05 12:11:52.835	direct:z3	\N
6755acd8-6eed-441c-b642-05c16e11fe0c	b233a70151e518c0976a914fc97a55896f3760c0	hyperpolymath/echidna	examples/z3_simple.smt2	; Simple Z3 SMT-LIB 2.0 example ; Tests basic integer arithmetic (set-logic QF_LIA) ; Declare variables (declare-const x Int) (declare-const y Int) ; Add constraints (assert (> x 0)) (assert (> y 0	safety	z3	success	25	0.5	\N	batch-direct	2026-04-05 12:11:52.904	2026-04-05 12:11:52.941	direct:z3	\N
74529f68-7276-4cdf-b300-2f7b3efc439c	23d7455100dd27ad6601ff512dba5e5fae01baf4	hyperpolymath/echidna	proofs/z3/basic.smt2	; Minimal SMT-LIB example for ECHIDNA Z3 backend (set-logic QF_LIA) (assert true) (check-sat) 	safety	z3	success	22	0.5	\N	batch-direct	2026-04-05 12:11:53.021	2026-04-05 12:11:53.055	direct:z3	\N
ae249606-bd30-46af-a4e9-4c28745d7831	6744bc3345186bd8a9e16df093b698adfa786667	hyperpolymath/echidna	examples/z3_quantifiers.smt2	; Z3 example with quantifiers ; Tests universal quantification (set-logic ALL) ; Declare function (declare-fun f (Int) Int) ; Universal property: f is monotonic (assert (forall ((x Int) (y Int)) 	safety	z3	success	26	0.5	\N	batch-direct	2026-04-05 12:12:45.983	2026-04-05 12:12:46.021	direct:z3	\N
4759b4f8-65d5-4bf6-8b7a-27f63df74581	b233a70151e518c0976a914fc97a55896f3760c0	hyperpolymath/echidna	examples/z3_simple.smt2	; Simple Z3 SMT-LIB 2.0 example ; Tests basic integer arithmetic (set-logic QF_LIA) ; Declare variables (declare-const x Int) (declare-const y Int) ; Add constraints (assert (> x 0)) (assert (> y 0	safety	z3	success	24	0.5	\N	batch-direct	2026-04-05 12:12:46.093	2026-04-05 12:12:46.128	direct:z3	\N
e3ff7dd9-a1dc-4c45-b57e-b6ccaf93093e	23d7455100dd27ad6601ff512dba5e5fae01baf4	hyperpolymath/echidna	proofs/z3/basic.smt2	; Minimal SMT-LIB example for ECHIDNA Z3 backend (set-logic QF_LIA) (assert true) (check-sat) 	safety	z3	success	21	0.5	\N	batch-direct	2026-04-05 12:12:46.200	2026-04-05 12:12:46.232	direct:z3	\N
c0e3f62f-6566-4c49-815d-7af9abac34c4	6744bc3345186bd8a9e16df093b698adfa786667	hyperpolymath/echidna	examples/z3_quantifiers.smt2	; Z3 example with quantifiers ; Tests universal quantification (set-logic ALL) ; Declare function (declare-fun f (Int) Int) ; Universal property: f is monotonic (assert (forall ((x Int) (y Int)) 	safety	z3	success	23	0.5	\N	batch-direct	2026-04-05 12:13:42.380	2026-04-05 12:13:42.414	direct:z3	\N
f4b89976-af9d-4c7e-af49-5361da9d1004	b233a70151e518c0976a914fc97a55896f3760c0	hyperpolymath/echidna	examples/z3_simple.smt2	; Simple Z3 SMT-LIB 2.0 example ; Tests basic integer arithmetic (set-logic QF_LIA) ; Declare variables (declare-const x Int) (declare-const y Int) ; Add constraints (assert (> x 0)) (assert (> y 0	safety	z3	success	28	0.5	\N	batch-direct	2026-04-05 12:13:42.507	2026-04-05 12:13:42.547	direct:z3	\N
36f545c6-2d7e-49c7-92e5-df26da0c6b42	23d7455100dd27ad6601ff512dba5e5fae01baf4	hyperpolymath/echidna	proofs/z3/basic.smt2	; Minimal SMT-LIB example for ECHIDNA Z3 backend (set-logic QF_LIA) (assert true) (check-sat) 	safety	z3	success	25	0.5	\N	batch-direct	2026-04-05 12:13:42.623	2026-04-05 12:13:42.660	direct:z3	\N
afac7b4d-c8a2-4298-a8d6-1036e8b7f3e5	6744bc3345186bd8a9e16df093b698adfa786667	hyperpolymath/echidna	examples/z3_quantifiers.smt2	; Z3 example with quantifiers ; Tests universal quantification (set-logic ALL) ; Declare function (declare-fun f (Int) Int) ; Universal property: f is monotonic (assert (forall ((x Int) (y Int)) 	safety	z3	success	24	0.5	\N	batch-direct	2026-04-05 12:14:38.549	2026-04-05 12:14:38.582	direct:z3	\N
31e1e428-fdfa-4cd4-9672-67001d84b4e3	b233a70151e518c0976a914fc97a55896f3760c0	hyperpolymath/echidna	examples/z3_simple.smt2	; Simple Z3 SMT-LIB 2.0 example ; Tests basic integer arithmetic (set-logic QF_LIA) ; Declare variables (declare-const x Int) (declare-const y Int) ; Add constraints (assert (> x 0)) (assert (> y 0	safety	z3	success	21	0.5	\N	batch-direct	2026-04-05 12:14:38.649	2026-04-05 12:14:38.682	direct:z3	\N
f0f7d26c-a8da-48e1-bd02-a81dedf93b1d	23d7455100dd27ad6601ff512dba5e5fae01baf4	hyperpolymath/echidna	proofs/z3/basic.smt2	; Minimal SMT-LIB example for ECHIDNA Z3 backend (set-logic QF_LIA) (assert true) (check-sat) 	safety	z3	success	21	0.5	\N	batch-direct	2026-04-05 12:14:38.752	2026-04-05 12:14:38.785	direct:z3	\N
7a863434-3b79-4c3a-93d1-edea18412bac	6744bc3345186bd8a9e16df093b698adfa786667	hyperpolymath/echidna	examples/z3_quantifiers.smt2	; Z3 example with quantifiers ; Tests universal quantification (set-logic ALL) ; Declare function (declare-fun f (Int) Int) ; Universal property: f is monotonic (assert (forall ((x Int) (y Int)) 	safety	z3	success	24	0.5	\N	batch-direct	2026-04-05 12:15:54.577	2026-04-05 12:15:54.613	direct:z3	\N
7edc523e-bdb0-4fca-a5b6-90e4605b248d	b233a70151e518c0976a914fc97a55896f3760c0	hyperpolymath/echidna	examples/z3_simple.smt2	; Simple Z3 SMT-LIB 2.0 example ; Tests basic integer arithmetic (set-logic QF_LIA) ; Declare variables (declare-const x Int) (declare-const y Int) ; Add constraints (assert (> x 0)) (assert (> y 0	safety	z3	success	23	0.5	\N	batch-direct	2026-04-05 12:15:54.687	2026-04-05 12:15:54.722	direct:z3	\N
2b30f4bf-b405-4a2d-a30f-e13034e44df5	23d7455100dd27ad6601ff512dba5e5fae01baf4	hyperpolymath/echidna	proofs/z3/basic.smt2	; Minimal SMT-LIB example for ECHIDNA Z3 backend (set-logic QF_LIA) (assert true) (check-sat) 	safety	z3	success	24	0.5	\N	batch-direct	2026-04-05 12:15:54.794	2026-04-05 12:15:54.830	direct:z3	\N
d78ed15d-d825-4b91-b239-931e481bbb67	6744bc3345186bd8a9e16df093b698adfa786667	hyperpolymath/echidna	examples/z3_quantifiers.smt2	; Z3 example with quantifiers ; Tests universal quantification (set-logic ALL) ; Declare function (declare-fun f (Int) Int) ; Universal property: f is monotonic (assert (forall ((x Int) (y Int)) 	safety	z3	success	23	0.5	\N	batch-direct	2026-04-05 12:46:34.616	2026-04-05 12:46:34.649	direct:z3	\N
e4664b2b-5c1f-4349-9d57-bbc509d7be01	b233a70151e518c0976a914fc97a55896f3760c0	hyperpolymath/echidna	examples/z3_simple.smt2	; Simple Z3 SMT-LIB 2.0 example ; Tests basic integer arithmetic (set-logic QF_LIA) ; Declare variables (declare-const x Int) (declare-const y Int) ; Add constraints (assert (> x 0)) (assert (> y 0	safety	z3	success	24	0.5	\N	batch-direct	2026-04-05 12:46:34.729	2026-04-05 12:46:34.764	direct:z3	\N
8af6f3ea-02cf-47ce-929a-479eda1357a5	23d7455100dd27ad6601ff512dba5e5fae01baf4	hyperpolymath/echidna	proofs/z3/basic.smt2	; Minimal SMT-LIB example for ECHIDNA Z3 backend (set-logic QF_LIA) (assert true) (check-sat) 	safety	z3	success	22	0.5	\N	batch-direct	2026-04-05 12:46:34.846	2026-04-05 12:46:34.879	direct:z3	\N
0c4047a8-649f-4f43-9d7c-4e474db70f69	6744bc3345186bd8a9e16df093b698adfa786667	hyperpolymath/echidna	examples/z3_quantifiers.smt2	; Z3 example with quantifiers ; Tests universal quantification (set-logic ALL) ; Declare function (declare-fun f (Int) Int) ; Universal property: f is monotonic (assert (forall ((x Int) (y Int)) 	safety	z3	success	26	0.5	\N	batch-direct	2026-04-05 12:53:00.123	2026-04-05 12:53:00.162	direct:z3	\N
6993916b-9127-4a9b-8c38-f11b09750861	b233a70151e518c0976a914fc97a55896f3760c0	hyperpolymath/echidna	examples/z3_simple.smt2	; Simple Z3 SMT-LIB 2.0 example ; Tests basic integer arithmetic (set-logic QF_LIA) ; Declare variables (declare-const x Int) (declare-const y Int) ; Add constraints (assert (> x 0)) (assert (> y 0	safety	z3	success	22	0.5	\N	batch-direct	2026-04-05 12:53:00.242	2026-04-05 12:53:00.275	direct:z3	\N
9ffc41f6-da6b-49c2-a709-fc51f2b8f022	23d7455100dd27ad6601ff512dba5e5fae01baf4	hyperpolymath/echidna	proofs/z3/basic.smt2	; Minimal SMT-LIB example for ECHIDNA Z3 backend (set-logic QF_LIA) (assert true) (check-sat) 	safety	z3	success	23	0.5	\N	batch-direct	2026-04-05 12:53:00.362	2026-04-05 12:53:00.397	direct:z3	\N
94282f7a-7b4f-4fdf-ab8a-65a54a32c70f	6744bc3345186bd8a9e16df093b698adfa786667	hyperpolymath/echidna	examples/z3_quantifiers.smt2	; Z3 example with quantifiers ; Tests universal quantification (set-logic ALL) ; Declare function (declare-fun f (Int) Int) ; Universal property: f is monotonic (assert (forall ((x Int) (y Int)) 	safety	z3	success	24	0.5	\N	batch-direct	2026-04-05 12:59:01.324	2026-04-05 12:59:01.360	direct:z3	\N
fcf54a41-918d-4fbe-9997-0fd71cd31851	b233a70151e518c0976a914fc97a55896f3760c0	hyperpolymath/echidna	examples/z3_simple.smt2	; Simple Z3 SMT-LIB 2.0 example ; Tests basic integer arithmetic (set-logic QF_LIA) ; Declare variables (declare-const x Int) (declare-const y Int) ; Add constraints (assert (> x 0)) (assert (> y 0	safety	z3	success	22	0.5	\N	batch-direct	2026-04-05 12:59:01.429	2026-04-05 12:59:01.462	direct:z3	\N
e14e0219-ae47-42b3-978d-7ce2c87174c9	23d7455100dd27ad6601ff512dba5e5fae01baf4	hyperpolymath/echidna	proofs/z3/basic.smt2	; Minimal SMT-LIB example for ECHIDNA Z3 backend (set-logic QF_LIA) (assert true) (check-sat) 	safety	z3	success	22	0.5	\N	batch-direct	2026-04-05 12:59:01.530	2026-04-05 12:59:01.563	direct:z3	\N
ec482977-b2d0-4a7d-8590-448e3bcda898	6744bc3345186bd8a9e16df093b698adfa786667	hyperpolymath/echidna	examples/z3_quantifiers.smt2	; Z3 example with quantifiers ; Tests universal quantification (set-logic ALL) ; Declare function (declare-fun f (Int) Int) ; Universal property: f is monotonic (assert (forall ((x Int) (y Int)) 	safety	z3	success	23	0.5	\N	batch-direct	2026-04-05 12:59:58.972	2026-04-05 12:59:59.007	direct:z3	\N
6c379635-2ba1-4db6-a538-4d747f9ca5c5	b233a70151e518c0976a914fc97a55896f3760c0	hyperpolymath/echidna	examples/z3_simple.smt2	; Simple Z3 SMT-LIB 2.0 example ; Tests basic integer arithmetic (set-logic QF_LIA) ; Declare variables (declare-const x Int) (declare-const y Int) ; Add constraints (assert (> x 0)) (assert (> y 0	safety	z3	success	22	0.5	\N	batch-direct	2026-04-05 12:59:59.076	2026-04-05 12:59:59.109	direct:z3	\N
15ad3564-a279-4c92-bcac-59a6a68efc7f	23d7455100dd27ad6601ff512dba5e5fae01baf4	hyperpolymath/echidna	proofs/z3/basic.smt2	; Minimal SMT-LIB example for ECHIDNA Z3 backend (set-logic QF_LIA) (assert true) (check-sat) 	safety	z3	success	25	0.5	\N	batch-direct	2026-04-05 12:59:59.178	2026-04-05 12:59:59.220	direct:z3	\N
05eea4e9-4597-4abe-86ae-8bc2a6d82fc4	6744bc3345186bd8a9e16df093b698adfa786667	hyperpolymath/echidna	examples/z3_quantifiers.smt2	; Z3 example with quantifiers ; Tests universal quantification (set-logic ALL) ; Declare function (declare-fun f (Int) Int) ; Universal property: f is monotonic (assert (forall ((x Int) (y Int)) 	safety	z3	success	23	0.5	\N	batch-direct	2026-04-05 13:01:31.965	2026-04-05 13:01:31.999	direct:z3	\N
2dd0084e-948b-4cd8-b246-b094268d9cda	b233a70151e518c0976a914fc97a55896f3760c0	hyperpolymath/echidna	examples/z3_simple.smt2	; Simple Z3 SMT-LIB 2.0 example ; Tests basic integer arithmetic (set-logic QF_LIA) ; Declare variables (declare-const x Int) (declare-const y Int) ; Add constraints (assert (> x 0)) (assert (> y 0	safety	z3	success	22	0.5	\N	batch-direct	2026-04-05 13:01:32.061	2026-04-05 13:01:32.093	direct:z3	\N
d0a092a0-3ebd-48ba-ad4b-50a17945e3bc	23d7455100dd27ad6601ff512dba5e5fae01baf4	hyperpolymath/echidna	proofs/z3/basic.smt2	; Minimal SMT-LIB example for ECHIDNA Z3 backend (set-logic QF_LIA) (assert true) (check-sat) 	safety	z3	success	21	0.5	\N	batch-direct	2026-04-05 13:01:32.161	2026-04-05 13:01:32.194	direct:z3	\N
17b6afad-ab59-450e-b92d-47d599652a07	6744bc3345186bd8a9e16df093b698adfa786667	hyperpolymath/echidna	examples/z3_quantifiers.smt2	; Z3 example with quantifiers ; Tests universal quantification (set-logic ALL) ; Declare function (declare-fun f (Int) Int) ; Universal property: f is monotonic (assert (forall ((x Int) (y Int)) 	safety	z3	success	23	0.5	\N	batch-direct	2026-04-05 13:02:29.397	2026-04-05 13:02:29.432	direct:z3	\N
09004c2e-98c9-4540-962b-fab4107e5abf	b233a70151e518c0976a914fc97a55896f3760c0	hyperpolymath/echidna	examples/z3_simple.smt2	; Simple Z3 SMT-LIB 2.0 example ; Tests basic integer arithmetic (set-logic QF_LIA) ; Declare variables (declare-const x Int) (declare-const y Int) ; Add constraints (assert (> x 0)) (assert (> y 0	safety	z3	success	22	0.5	\N	batch-direct	2026-04-05 13:02:29.495	2026-04-05 13:02:29.528	direct:z3	\N
60f0e65a-b723-4303-be61-278771bdaf5a	23d7455100dd27ad6601ff512dba5e5fae01baf4	hyperpolymath/echidna	proofs/z3/basic.smt2	; Minimal SMT-LIB example for ECHIDNA Z3 backend (set-logic QF_LIA) (assert true) (check-sat) 	safety	z3	success	22	0.5	\N	batch-direct	2026-04-05 13:02:29.597	2026-04-05 13:02:29.630	direct:z3	\N
075eed4c-6093-4693-82ff-ed45ec90536e	6744bc3345186bd8a9e16df093b698adfa786667	hyperpolymath/echidna	examples/z3_quantifiers.smt2	; Z3 example with quantifiers ; Tests universal quantification (set-logic ALL) ; Declare function (declare-fun f (Int) Int) ; Universal property: f is monotonic (assert (forall ((x Int) (y Int)) 	safety	z3	success	26	0.5	\N	batch-direct	2026-04-05 13:03:26.378	2026-04-05 13:03:26.415	direct:z3	\N
621986cf-edbe-4bba-b94c-a760e105537f	b233a70151e518c0976a914fc97a55896f3760c0	hyperpolymath/echidna	examples/z3_simple.smt2	; Simple Z3 SMT-LIB 2.0 example ; Tests basic integer arithmetic (set-logic QF_LIA) ; Declare variables (declare-const x Int) (declare-const y Int) ; Add constraints (assert (> x 0)) (assert (> y 0	safety	z3	success	24	0.5	\N	batch-direct	2026-04-05 13:03:26.477	2026-04-05 13:03:26.511	direct:z3	\N
b358ddc3-f13c-4cd2-b5d6-bff6cd292d3d	23d7455100dd27ad6601ff512dba5e5fae01baf4	hyperpolymath/echidna	proofs/z3/basic.smt2	; Minimal SMT-LIB example for ECHIDNA Z3 backend (set-logic QF_LIA) (assert true) (check-sat) 	safety	z3	success	21	0.5	\N	batch-direct	2026-04-05 13:03:26.574	2026-04-05 13:03:26.606	direct:z3	\N
23c3c246-4b0d-4e2f-ac11-138a29142996	6744bc3345186bd8a9e16df093b698adfa786667	hyperpolymath/echidna	examples/z3_quantifiers.smt2	; Z3 example with quantifiers ; Tests universal quantification (set-logic ALL) ; Declare function (declare-fun f (Int) Int) ; Universal property: f is monotonic (assert (forall ((x Int) (y Int)) 	safety	z3	success	79	0.5	\N	batch-direct	2026-04-05 14:52:59.708	2026-04-05 14:52:59.798	direct:z3	\N
734f9724-e0f2-4c56-b267-533221be2b55	b233a70151e518c0976a914fc97a55896f3760c0	hyperpolymath/echidna	examples/z3_simple.smt2	; Simple Z3 SMT-LIB 2.0 example ; Tests basic integer arithmetic (set-logic QF_LIA) ; Declare variables (declare-const x Int) (declare-const y Int) ; Add constraints (assert (> x 0)) (assert (> y 0	safety	z3	success	22	0.5	\N	batch-direct	2026-04-05 14:52:59.872	2026-04-05 14:52:59.904	direct:z3	\N
e2ff5661-1d23-4e7b-a531-ff3bfbce5c2e	23d7455100dd27ad6601ff512dba5e5fae01baf4	hyperpolymath/echidna	proofs/z3/basic.smt2	; Minimal SMT-LIB example for ECHIDNA Z3 backend (set-logic QF_LIA) (assert true) (check-sat) 	safety	z3	success	21	0.5	\N	batch-direct	2026-04-05 14:52:59.978	2026-04-05 14:53:00.011	direct:z3	\N
a0169d6d-89ba-46d6-8a44-7b4d646a175b	6744bc3345186bd8a9e16df093b698adfa786667	hyperpolymath/echidna	examples/z3_quantifiers.smt2	; Z3 example with quantifiers ; Tests universal quantification (set-logic ALL) ; Declare function (declare-fun f (Int) Int) ; Universal property: f is monotonic (assert (forall ((x Int) (y Int)) 	safety	z3	success	25	0.5	\N	batch-direct	2026-04-05 15:04:21.074	2026-04-05 15:04:21.113	direct:z3	\N
bb38598c-98f0-4446-af64-1b627fb0f971	b233a70151e518c0976a914fc97a55896f3760c0	hyperpolymath/echidna	examples/z3_simple.smt2	; Simple Z3 SMT-LIB 2.0 example ; Tests basic integer arithmetic (set-logic QF_LIA) ; Declare variables (declare-const x Int) (declare-const y Int) ; Add constraints (assert (> x 0)) (assert (> y 0	safety	z3	success	24	0.5	\N	batch-direct	2026-04-05 15:04:21.200	2026-04-05 15:04:21.237	direct:z3	\N
8903d7e6-fd51-4327-98cd-42dfd96e3574	23d7455100dd27ad6601ff512dba5e5fae01baf4	hyperpolymath/echidna	proofs/z3/basic.smt2	; Minimal SMT-LIB example for ECHIDNA Z3 backend (set-logic QF_LIA) (assert true) (check-sat) 	safety	z3	success	23	0.5	\N	batch-direct	2026-04-05 15:04:21.323	2026-04-05 15:04:21.357	direct:z3	\N
4d4a466b-cf1d-4a8a-8fb2-465cdc6710fd	6744bc3345186bd8a9e16df093b698adfa786667	hyperpolymath/echidna	examples/z3_quantifiers.smt2	; Z3 example with quantifiers ; Tests universal quantification (set-logic ALL) ; Declare function (declare-fun f (Int) Int) ; Universal property: f is monotonic (assert (forall ((x Int) (y Int)) 	safety	cvc5	success	10	0.5	\N	batch-direct	2026-04-05 12:09:29.839	2026-04-05 12:09:29.859	direct:cvc5	\N
73d81609-733f-4cb7-bcee-c7aa10b9b889	b233a70151e518c0976a914fc97a55896f3760c0	hyperpolymath/echidna	examples/z3_simple.smt2	; Simple Z3 SMT-LIB 2.0 example ; Tests basic integer arithmetic (set-logic QF_LIA) ; Declare variables (declare-const x Int) (declare-const y Int) ; Add constraints (assert (> x 0)) (assert (> y 0	safety	cvc5	success	9	0.5	\N	batch-direct	2026-04-05 12:09:29.966	2026-04-05 12:09:29.986	direct:cvc5	\N
966a01ec-0257-446f-b136-38f1feba62cb	23d7455100dd27ad6601ff512dba5e5fae01baf4	hyperpolymath/echidna	proofs/z3/basic.smt2	; Minimal SMT-LIB example for ECHIDNA Z3 backend (set-logic QF_LIA) (assert true) (check-sat) 	safety	cvc5	success	9	0.5	\N	batch-direct	2026-04-05 12:09:30.099	2026-04-05 12:09:30.122	direct:cvc5	\N
b7701b48-21ac-4478-b741-09fc8d5a3369	6744bc3345186bd8a9e16df093b698adfa786667	hyperpolymath/echidna	examples/z3_quantifiers.smt2	; Z3 example with quantifiers ; Tests universal quantification (set-logic ALL) ; Declare function (declare-fun f (Int) Int) ; Universal property: f is monotonic (assert (forall ((x Int) (y Int)) 	safety	cvc5	success	13	0.5	\N	batch-direct	2026-04-05 12:10:56.802	2026-04-05 12:10:56.829	direct:cvc5	\N
23097038-8cc8-4a5c-9fe3-91d12aa4cac9	b233a70151e518c0976a914fc97a55896f3760c0	hyperpolymath/echidna	examples/z3_simple.smt2	; Simple Z3 SMT-LIB 2.0 example ; Tests basic integer arithmetic (set-logic QF_LIA) ; Declare variables (declare-const x Int) (declare-const y Int) ; Add constraints (assert (> x 0)) (assert (> y 0	safety	cvc5	success	8	0.5	\N	batch-direct	2026-04-05 12:10:56.902	2026-04-05 12:10:56.921	direct:cvc5	\N
4c7c8927-eb0c-4234-bf1b-889e36d950d0	23d7455100dd27ad6601ff512dba5e5fae01baf4	hyperpolymath/echidna	proofs/z3/basic.smt2	; Minimal SMT-LIB example for ECHIDNA Z3 backend (set-logic QF_LIA) (assert true) (check-sat) 	safety	cvc5	success	8	0.5	\N	batch-direct	2026-04-05 12:10:56.989	2026-04-05 12:10:57.009	direct:cvc5	\N
5de7ac09-9371-47e6-af5d-9bb381338466	6744bc3345186bd8a9e16df093b698adfa786667	hyperpolymath/echidna	examples/z3_quantifiers.smt2	; Z3 example with quantifiers ; Tests universal quantification (set-logic ALL) ; Declare function (declare-fun f (Int) Int) ; Universal property: f is monotonic (assert (forall ((x Int) (y Int)) 	safety	cvc5	success	10	0.5	\N	batch-direct	2026-04-05 12:11:53.126	2026-04-05 12:11:53.147	direct:cvc5	\N
10a6332d-1b4d-44f2-a20f-9ffcee039aed	b233a70151e518c0976a914fc97a55896f3760c0	hyperpolymath/echidna	examples/z3_simple.smt2	; Simple Z3 SMT-LIB 2.0 example ; Tests basic integer arithmetic (set-logic QF_LIA) ; Declare variables (declare-const x Int) (declare-const y Int) ; Add constraints (assert (> x 0)) (assert (> y 0	safety	cvc5	success	8	0.5	\N	batch-direct	2026-04-05 12:11:53.215	2026-04-05 12:11:53.234	direct:cvc5	\N
0044f5bc-2d34-428a-8145-9dc1f4006112	23d7455100dd27ad6601ff512dba5e5fae01baf4	hyperpolymath/echidna	proofs/z3/basic.smt2	; Minimal SMT-LIB example for ECHIDNA Z3 backend (set-logic QF_LIA) (assert true) (check-sat) 	safety	cvc5	success	9	0.5	\N	batch-direct	2026-04-05 12:11:53.308	2026-04-05 12:11:53.327	direct:cvc5	\N
c0195aba-0776-464d-ac76-6dee3594cd55	6744bc3345186bd8a9e16df093b698adfa786667	hyperpolymath/echidna	examples/z3_quantifiers.smt2	; Z3 example with quantifiers ; Tests universal quantification (set-logic ALL) ; Declare function (declare-fun f (Int) Int) ; Universal property: f is monotonic (assert (forall ((x Int) (y Int)) 	safety	cvc5	success	10	0.5	\N	batch-direct	2026-04-05 12:12:46.303	2026-04-05 12:12:46.324	direct:cvc5	\N
44dd94c5-5717-4a3b-bbde-96e3a8587968	b233a70151e518c0976a914fc97a55896f3760c0	hyperpolymath/echidna	examples/z3_simple.smt2	; Simple Z3 SMT-LIB 2.0 example ; Tests basic integer arithmetic (set-logic QF_LIA) ; Declare variables (declare-const x Int) (declare-const y Int) ; Add constraints (assert (> x 0)) (assert (> y 0	safety	cvc5	success	9	0.5	\N	batch-direct	2026-04-05 12:12:46.391	2026-04-05 12:12:46.410	direct:cvc5	\N
e15d6ac3-deb7-46f4-a835-c988e279edee	23d7455100dd27ad6601ff512dba5e5fae01baf4	hyperpolymath/echidna	proofs/z3/basic.smt2	; Minimal SMT-LIB example for ECHIDNA Z3 backend (set-logic QF_LIA) (assert true) (check-sat) 	safety	cvc5	success	8	0.5	\N	batch-direct	2026-04-05 12:12:46.481	2026-04-05 12:12:46.500	direct:cvc5	\N
ed6552e4-ae6d-4ab2-8932-78004c2d75b6	6744bc3345186bd8a9e16df093b698adfa786667	hyperpolymath/echidna	examples/z3_quantifiers.smt2	; Z3 example with quantifiers ; Tests universal quantification (set-logic ALL) ; Declare function (declare-fun f (Int) Int) ; Universal property: f is monotonic (assert (forall ((x Int) (y Int)) 	safety	cvc5	success	10	0.5	\N	batch-direct	2026-04-05 12:13:42.731	2026-04-05 12:13:42.752	direct:cvc5	\N
fd28c0f9-edfa-4d6f-8501-a30b6bfec1be	b233a70151e518c0976a914fc97a55896f3760c0	hyperpolymath/echidna	examples/z3_simple.smt2	; Simple Z3 SMT-LIB 2.0 example ; Tests basic integer arithmetic (set-logic QF_LIA) ; Declare variables (declare-const x Int) (declare-const y Int) ; Add constraints (assert (> x 0)) (assert (> y 0	safety	cvc5	success	8	0.5	\N	batch-direct	2026-04-05 12:13:42.819	2026-04-05 12:13:42.838	direct:cvc5	\N
5fb5ecfc-4d48-4f35-a3cc-1b26d202b133	23d7455100dd27ad6601ff512dba5e5fae01baf4	hyperpolymath/echidna	proofs/z3/basic.smt2	; Minimal SMT-LIB example for ECHIDNA Z3 backend (set-logic QF_LIA) (assert true) (check-sat) 	safety	cvc5	success	7	0.5	\N	batch-direct	2026-04-05 12:13:42.910	2026-04-05 12:13:42.929	direct:cvc5	\N
b4c8e403-3348-43d5-8a08-67626f960a8a	6744bc3345186bd8a9e16df093b698adfa786667	hyperpolymath/echidna	examples/z3_quantifiers.smt2	; Z3 example with quantifiers ; Tests universal quantification (set-logic ALL) ; Declare function (declare-fun f (Int) Int) ; Universal property: f is monotonic (assert (forall ((x Int) (y Int)) 	safety	cvc5	success	10	0.5	\N	batch-direct	2026-04-05 12:14:38.860	2026-04-05 12:14:38.882	direct:cvc5	\N
2a1f9cec-e01e-497f-a6b1-38bf1d17334d	b233a70151e518c0976a914fc97a55896f3760c0	hyperpolymath/echidna	examples/z3_simple.smt2	; Simple Z3 SMT-LIB 2.0 example ; Tests basic integer arithmetic (set-logic QF_LIA) ; Declare variables (declare-const x Int) (declare-const y Int) ; Add constraints (assert (> x 0)) (assert (> y 0	safety	cvc5	success	9	0.5	\N	batch-direct	2026-04-05 12:14:38.949	2026-04-05 12:14:38.969	direct:cvc5	\N
5e343fb0-f2c9-43f2-95ac-86b18ce783f3	23d7455100dd27ad6601ff512dba5e5fae01baf4	hyperpolymath/echidna	proofs/z3/basic.smt2	; Minimal SMT-LIB example for ECHIDNA Z3 backend (set-logic QF_LIA) (assert true) (check-sat) 	safety	cvc5	success	8	0.5	\N	batch-direct	2026-04-05 12:14:39.043	2026-04-05 12:14:39.062	direct:cvc5	\N
186e3081-73e1-47da-a955-d927b0e74797	6744bc3345186bd8a9e16df093b698adfa786667	hyperpolymath/echidna	examples/z3_quantifiers.smt2	; Z3 example with quantifiers ; Tests universal quantification (set-logic ALL) ; Declare function (declare-fun f (Int) Int) ; Universal property: f is monotonic (assert (forall ((x Int) (y Int)) 	safety	cvc5	success	10	0.5	\N	batch-direct	2026-04-05 12:15:54.905	2026-04-05 12:15:54.928	direct:cvc5	\N
ae3cbf44-dc35-4409-afea-e32c585fa50a	b233a70151e518c0976a914fc97a55896f3760c0	hyperpolymath/echidna	examples/z3_simple.smt2	; Simple Z3 SMT-LIB 2.0 example ; Tests basic integer arithmetic (set-logic QF_LIA) ; Declare variables (declare-const x Int) (declare-const y Int) ; Add constraints (assert (> x 0)) (assert (> y 0	safety	cvc5	success	12	0.5	\N	batch-direct	2026-04-05 12:15:54.997	2026-04-05 12:15:55.023	direct:cvc5	\N
ef8dda9a-ba69-430b-bcba-33cf5c62a050	23d7455100dd27ad6601ff512dba5e5fae01baf4	hyperpolymath/echidna	proofs/z3/basic.smt2	; Minimal SMT-LIB example for ECHIDNA Z3 backend (set-logic QF_LIA) (assert true) (check-sat) 	safety	cvc5	success	8	0.5	\N	batch-direct	2026-04-05 12:15:55.096	2026-04-05 12:15:55.117	direct:cvc5	\N
98cbd47a-54af-4e40-90da-5f1bb5f2efce	6744bc3345186bd8a9e16df093b698adfa786667	hyperpolymath/echidna	examples/z3_quantifiers.smt2	; Z3 example with quantifiers ; Tests universal quantification (set-logic ALL) ; Declare function (declare-fun f (Int) Int) ; Universal property: f is monotonic (assert (forall ((x Int) (y Int)) 	safety	cvc5	success	13	0.5	\N	batch-direct	2026-04-05 12:46:34.960	2026-04-05 12:46:34.984	direct:cvc5	\N
a5a3523b-38b1-4005-b43e-bf5d285f3ffc	b233a70151e518c0976a914fc97a55896f3760c0	hyperpolymath/echidna	examples/z3_simple.smt2	; Simple Z3 SMT-LIB 2.0 example ; Tests basic integer arithmetic (set-logic QF_LIA) ; Declare variables (declare-const x Int) (declare-const y Int) ; Add constraints (assert (> x 0)) (assert (> y 0	safety	cvc5	success	8	0.5	\N	batch-direct	2026-04-05 12:46:35.069	2026-04-05 12:46:35.088	direct:cvc5	\N
75002f99-0b44-41ff-a9fc-a7f39ba79e07	23d7455100dd27ad6601ff512dba5e5fae01baf4	hyperpolymath/echidna	proofs/z3/basic.smt2	; Minimal SMT-LIB example for ECHIDNA Z3 backend (set-logic QF_LIA) (assert true) (check-sat) 	safety	cvc5	success	8	0.5	\N	batch-direct	2026-04-05 12:46:35.166	2026-04-05 12:46:35.185	direct:cvc5	\N
cb463ffd-f62c-4e02-b80d-3277a106b5aa	6744bc3345186bd8a9e16df093b698adfa786667	hyperpolymath/echidna	examples/z3_quantifiers.smt2	; Z3 example with quantifiers ; Tests universal quantification (set-logic ALL) ; Declare function (declare-fun f (Int) Int) ; Universal property: f is monotonic (assert (forall ((x Int) (y Int)) 	safety	cvc5	success	9	0.5	\N	batch-direct	2026-04-05 12:53:00.479	2026-04-05 12:53:00.499	direct:cvc5	\N
f18c574f-6b5b-462b-82e5-3c09ddcac1ca	b233a70151e518c0976a914fc97a55896f3760c0	hyperpolymath/echidna	examples/z3_simple.smt2	; Simple Z3 SMT-LIB 2.0 example ; Tests basic integer arithmetic (set-logic QF_LIA) ; Declare variables (declare-const x Int) (declare-const y Int) ; Add constraints (assert (> x 0)) (assert (> y 0	safety	cvc5	success	10	0.5	\N	batch-direct	2026-04-05 12:53:00.576	2026-04-05 12:53:00.597	direct:cvc5	\N
942e3a9c-3a0d-4339-b530-d5548a3636bf	23d7455100dd27ad6601ff512dba5e5fae01baf4	hyperpolymath/echidna	proofs/z3/basic.smt2	; Minimal SMT-LIB example for ECHIDNA Z3 backend (set-logic QF_LIA) (assert true) (check-sat) 	safety	cvc5	success	8	0.5	\N	batch-direct	2026-04-05 12:53:00.677	2026-04-05 12:53:00.696	direct:cvc5	\N
43904caf-f002-4406-b5ee-553fbdc76535	6744bc3345186bd8a9e16df093b698adfa786667	hyperpolymath/echidna	examples/z3_quantifiers.smt2	; Z3 example with quantifiers ; Tests universal quantification (set-logic ALL) ; Declare function (declare-fun f (Int) Int) ; Universal property: f is monotonic (assert (forall ((x Int) (y Int)) 	safety	cvc5	success	10	0.5	\N	batch-direct	2026-04-05 12:59:01.635	2026-04-05 12:59:01.656	direct:cvc5	\N
251aedbc-24cb-4ea7-8c87-e6a847734c86	b233a70151e518c0976a914fc97a55896f3760c0	hyperpolymath/echidna	examples/z3_simple.smt2	; Simple Z3 SMT-LIB 2.0 example ; Tests basic integer arithmetic (set-logic QF_LIA) ; Declare variables (declare-const x Int) (declare-const y Int) ; Add constraints (assert (> x 0)) (assert (> y 0	safety	cvc5	success	8	0.5	\N	batch-direct	2026-04-05 12:59:01.723	2026-04-05 12:59:01.742	direct:cvc5	\N
7400ceb0-7fc9-45de-9329-12e63d1697b4	23d7455100dd27ad6601ff512dba5e5fae01baf4	hyperpolymath/echidna	proofs/z3/basic.smt2	; Minimal SMT-LIB example for ECHIDNA Z3 backend (set-logic QF_LIA) (assert true) (check-sat) 	safety	cvc5	success	8	0.5	\N	batch-direct	2026-04-05 12:59:01.811	2026-04-05 12:59:01.830	direct:cvc5	\N
e074ab53-c14a-4af7-a521-db1eddb67905	6744bc3345186bd8a9e16df093b698adfa786667	hyperpolymath/echidna	examples/z3_quantifiers.smt2	; Z3 example with quantifiers ; Tests universal quantification (set-logic ALL) ; Declare function (declare-fun f (Int) Int) ; Universal property: f is monotonic (assert (forall ((x Int) (y Int)) 	safety	cvc5	success	10	0.5	\N	batch-direct	2026-04-05 12:59:59.299	2026-04-05 12:59:59.321	direct:cvc5	\N
599efcd2-7130-4689-a680-2e95291d0454	b233a70151e518c0976a914fc97a55896f3760c0	hyperpolymath/echidna	examples/z3_simple.smt2	; Simple Z3 SMT-LIB 2.0 example ; Tests basic integer arithmetic (set-logic QF_LIA) ; Declare variables (declare-const x Int) (declare-const y Int) ; Add constraints (assert (> x 0)) (assert (> y 0	safety	cvc5	success	10	0.5	\N	batch-direct	2026-04-05 12:59:59.393	2026-04-05 12:59:59.414	direct:cvc5	\N
47af6c7f-b8db-46fb-845f-03a647354c80	23d7455100dd27ad6601ff512dba5e5fae01baf4	hyperpolymath/echidna	proofs/z3/basic.smt2	; Minimal SMT-LIB example for ECHIDNA Z3 backend (set-logic QF_LIA) (assert true) (check-sat) 	safety	cvc5	success	9	0.5	\N	batch-direct	2026-04-05 12:59:59.487	2026-04-05 12:59:59.506	direct:cvc5	\N
d6c9f4d9-d2b1-4b40-a6eb-4857903b24c6	6744bc3345186bd8a9e16df093b698adfa786667	hyperpolymath/echidna	examples/z3_quantifiers.smt2	; Z3 example with quantifiers ; Tests universal quantification (set-logic ALL) ; Declare function (declare-fun f (Int) Int) ; Universal property: f is monotonic (assert (forall ((x Int) (y Int)) 	safety	cvc5	success	10	0.5	\N	batch-direct	2026-04-05 13:01:32.281	2026-04-05 13:01:32.303	direct:cvc5	\N
2882a85b-fbbb-4a2e-a763-cf69c7fcb1c1	b233a70151e518c0976a914fc97a55896f3760c0	hyperpolymath/echidna	examples/z3_simple.smt2	; Simple Z3 SMT-LIB 2.0 example ; Tests basic integer arithmetic (set-logic QF_LIA) ; Declare variables (declare-const x Int) (declare-const y Int) ; Add constraints (assert (> x 0)) (assert (> y 0	safety	cvc5	success	9	0.5	\N	batch-direct	2026-04-05 13:01:32.366	2026-04-05 13:01:32.386	direct:cvc5	\N
100864c5-1dae-4ca8-b9db-ac57b2de1257	23d7455100dd27ad6601ff512dba5e5fae01baf4	hyperpolymath/echidna	proofs/z3/basic.smt2	; Minimal SMT-LIB example for ECHIDNA Z3 backend (set-logic QF_LIA) (assert true) (check-sat) 	safety	cvc5	success	9	0.5	\N	batch-direct	2026-04-05 13:01:32.449	2026-04-05 13:01:32.470	direct:cvc5	\N
091e0c6d-51f7-4cae-8007-305c12951ad2	6744bc3345186bd8a9e16df093b698adfa786667	hyperpolymath/echidna	examples/z3_quantifiers.smt2	; Z3 example with quantifiers ; Tests universal quantification (set-logic ALL) ; Declare function (declare-fun f (Int) Int) ; Universal property: f is monotonic (assert (forall ((x Int) (y Int)) 	safety	cvc5	success	9	0.5	\N	batch-direct	2026-04-05 13:02:29.694	2026-04-05 13:02:29.714	direct:cvc5	\N
8b6b70e3-f5bb-4c2d-8e75-2be267f2ae32	b233a70151e518c0976a914fc97a55896f3760c0	hyperpolymath/echidna	examples/z3_simple.smt2	; Simple Z3 SMT-LIB 2.0 example ; Tests basic integer arithmetic (set-logic QF_LIA) ; Declare variables (declare-const x Int) (declare-const y Int) ; Add constraints (assert (> x 0)) (assert (> y 0	safety	cvc5	success	9	0.5	\N	batch-direct	2026-04-05 13:02:29.777	2026-04-05 13:02:29.797	direct:cvc5	\N
42604286-6ed9-4473-ad45-f9026c68672a	23d7455100dd27ad6601ff512dba5e5fae01baf4	hyperpolymath/echidna	proofs/z3/basic.smt2	; Minimal SMT-LIB example for ECHIDNA Z3 backend (set-logic QF_LIA) (assert true) (check-sat) 	safety	cvc5	success	8	0.5	\N	batch-direct	2026-04-05 13:02:29.876	2026-04-05 13:02:29.894	direct:cvc5	\N
79040094-a41e-4ca6-811f-8390415678da	6744bc3345186bd8a9e16df093b698adfa786667	hyperpolymath/echidna	examples/z3_quantifiers.smt2	; Z3 example with quantifiers ; Tests universal quantification (set-logic ALL) ; Declare function (declare-fun f (Int) Int) ; Universal property: f is monotonic (assert (forall ((x Int) (y Int)) 	safety	cvc5	success	10	0.5	\N	batch-direct	2026-04-05 13:03:26.684	2026-04-05 13:03:26.705	direct:cvc5	\N
1fe5bda8-1a99-4597-8f11-cdca1c2f05c2	b233a70151e518c0976a914fc97a55896f3760c0	hyperpolymath/echidna	examples/z3_simple.smt2	; Simple Z3 SMT-LIB 2.0 example ; Tests basic integer arithmetic (set-logic QF_LIA) ; Declare variables (declare-const x Int) (declare-const y Int) ; Add constraints (assert (> x 0)) (assert (> y 0	safety	cvc5	success	8	0.5	\N	batch-direct	2026-04-05 13:03:26.772	2026-04-05 13:03:26.791	direct:cvc5	\N
960b2110-dcb3-4963-aa4a-4bf14ebfc59d	23d7455100dd27ad6601ff512dba5e5fae01baf4	hyperpolymath/echidna	proofs/z3/basic.smt2	; Minimal SMT-LIB example for ECHIDNA Z3 backend (set-logic QF_LIA) (assert true) (check-sat) 	safety	cvc5	success	8	0.5	\N	batch-direct	2026-04-05 13:03:26.854	2026-04-05 13:03:26.873	direct:cvc5	\N
97b97f30-d8d8-4caa-a44c-f3520d139b89	6744bc3345186bd8a9e16df093b698adfa786667	hyperpolymath/echidna	examples/z3_quantifiers.smt2	; Z3 example with quantifiers ; Tests universal quantification (set-logic ALL) ; Declare function (declare-fun f (Int) Int) ; Universal property: f is monotonic (assert (forall ((x Int) (y Int)) 	safety	cvc5	success	62	0.5	\N	batch-direct	2026-04-05 14:53:00.081	2026-04-05 14:53:00.155	direct:cvc5	\N
a9aa69b2-b0a5-4ad9-851d-b94d41a9770c	b233a70151e518c0976a914fc97a55896f3760c0	hyperpolymath/echidna	examples/z3_simple.smt2	; Simple Z3 SMT-LIB 2.0 example ; Tests basic integer arithmetic (set-logic QF_LIA) ; Declare variables (declare-const x Int) (declare-const y Int) ; Add constraints (assert (> x 0)) (assert (> y 0	safety	cvc5	success	11	0.5	\N	batch-direct	2026-04-05 14:53:00.260	2026-04-05 14:53:00.284	direct:cvc5	\N
266727da-1210-4bcf-967c-41e99be8869f	23d7455100dd27ad6601ff512dba5e5fae01baf4	hyperpolymath/echidna	proofs/z3/basic.smt2	; Minimal SMT-LIB example for ECHIDNA Z3 backend (set-logic QF_LIA) (assert true) (check-sat) 	safety	cvc5	success	11	0.5	\N	batch-direct	2026-04-05 14:53:00.368	2026-04-05 14:53:00.392	direct:cvc5	\N
dda987b6-456f-49f1-b45f-fc1ec4e0e6a4	6744bc3345186bd8a9e16df093b698adfa786667	hyperpolymath/echidna	examples/z3_quantifiers.smt2	; Z3 example with quantifiers ; Tests universal quantification (set-logic ALL) ; Declare function (declare-fun f (Int) Int) ; Universal property: f is monotonic (assert (forall ((x Int) (y Int)) 	safety	cvc5	success	11	0.5	\N	batch-direct	2026-04-05 15:04:21.442	2026-04-05 15:04:21.465	direct:cvc5	\N
b0b9d8b9-a5f4-4204-843b-9a0ded63b8a4	b233a70151e518c0976a914fc97a55896f3760c0	hyperpolymath/echidna	examples/z3_simple.smt2	; Simple Z3 SMT-LIB 2.0 example ; Tests basic integer arithmetic (set-logic QF_LIA) ; Declare variables (declare-const x Int) (declare-const y Int) ; Add constraints (assert (> x 0)) (assert (> y 0	safety	cvc5	success	9	0.5	\N	batch-direct	2026-04-05 15:04:21.548	2026-04-05 15:04:21.569	direct:cvc5	\N
8f0480ae-82d5-4c84-93a1-ada60d54406e	23d7455100dd27ad6601ff512dba5e5fae01baf4	hyperpolymath/echidna	proofs/z3/basic.smt2	; Minimal SMT-LIB example for ECHIDNA Z3 backend (set-logic QF_LIA) (assert true) (check-sat) 	safety	cvc5	success	9	0.5	\N	batch-direct	2026-04-05 15:04:21.656	2026-04-05 15:04:21.676	direct:cvc5	\N
38ff012e-3239-45c7-acaf-de91f8d79a13	6744bc3345186bd8a9e16df093b698adfa786667	hyperpolymath/echidna	examples/z3_quantifiers.smt2	; Z3 example with quantifiers ; Tests universal quantification (set-logic ALL) ; Declare function (declare-fun f (Int) Int) ; Universal property: f is monotonic (assert (forall ((x Int) (y Int)) 	safety	altergo	success	13	0.5	\N	batch-direct	2026-04-05 12:46:35.792	2026-04-05 12:46:35.817	direct:altergo	\N
f0268b6a-210a-4d89-8605-ac5ab34c3292	b233a70151e518c0976a914fc97a55896f3760c0	hyperpolymath/echidna	examples/z3_simple.smt2	; Simple Z3 SMT-LIB 2.0 example ; Tests basic integer arithmetic (set-logic QF_LIA) ; Declare variables (declare-const x Int) (declare-const y Int) ; Add constraints (assert (> x 0)) (assert (> y 0	safety	altergo	unknown	15	0.5	\N	batch-direct	2026-04-05 12:46:35.894	2026-04-05 12:46:35.923	direct:altergo	\N
2b4bbc27-ab70-4b21-9617-366fdd87576f	23d7455100dd27ad6601ff512dba5e5fae01baf4	hyperpolymath/echidna	proofs/z3/basic.smt2	; Minimal SMT-LIB example for ECHIDNA Z3 backend (set-logic QF_LIA) (assert true) (check-sat) 	safety	altergo	unknown	13	0.5	\N	batch-direct	2026-04-05 12:46:36.003	2026-04-05 12:46:36.032	direct:altergo	\N
a33a26af-5074-41c2-ada8-d58f1a644caf	6744bc3345186bd8a9e16df093b698adfa786667	hyperpolymath/echidna	examples/z3_quantifiers.smt2	; Z3 example with quantifiers ; Tests universal quantification (set-logic ALL) ; Declare function (declare-fun f (Int) Int) ; Universal property: f is monotonic (assert (forall ((x Int) (y Int)) 	safety	altergo	success	13	0.5	\N	batch-direct	2026-04-05 12:53:01.609	2026-04-05 12:53:01.635	direct:altergo	\N
09de2631-366b-4a85-a0f0-71dea3ae7ace	b233a70151e518c0976a914fc97a55896f3760c0	hyperpolymath/echidna	examples/z3_simple.smt2	; Simple Z3 SMT-LIB 2.0 example ; Tests basic integer arithmetic (set-logic QF_LIA) ; Declare variables (declare-const x Int) (declare-const y Int) ; Add constraints (assert (> x 0)) (assert (> y 0	safety	altergo	unknown	16	0.5	\N	batch-direct	2026-04-05 12:53:01.711	2026-04-05 12:53:01.741	direct:altergo	\N
12f82dbc-394b-4399-a907-440522a730fd	23d7455100dd27ad6601ff512dba5e5fae01baf4	hyperpolymath/echidna	proofs/z3/basic.smt2	; Minimal SMT-LIB example for ECHIDNA Z3 backend (set-logic QF_LIA) (assert true) (check-sat) 	safety	altergo	unknown	12	0.5	\N	batch-direct	2026-04-05 12:53:01.825	2026-04-05 12:53:01.852	direct:altergo	\N
9ffa7350-bba6-4fae-ac17-25f58cee5026	6744bc3345186bd8a9e16df093b698adfa786667	hyperpolymath/echidna	examples/z3_quantifiers.smt2	; Z3 example with quantifiers ; Tests universal quantification (set-logic ALL) ; Declare function (declare-fun f (Int) Int) ; Universal property: f is monotonic (assert (forall ((x Int) (y Int)) 	safety	altergo	success	16	0.5	\N	batch-direct	2026-04-05 12:59:02.660	2026-04-05 12:59:02.689	direct:altergo	\N
3678b2da-21e9-40ea-a81d-adfdc949a07f	b233a70151e518c0976a914fc97a55896f3760c0	hyperpolymath/echidna	examples/z3_simple.smt2	; Simple Z3 SMT-LIB 2.0 example ; Tests basic integer arithmetic (set-logic QF_LIA) ; Declare variables (declare-const x Int) (declare-const y Int) ; Add constraints (assert (> x 0)) (assert (> y 0	safety	altergo	unknown	17	0.5	\N	batch-direct	2026-04-05 12:59:02.761	2026-04-05 12:59:02.792	direct:altergo	\N
0cdad143-eed3-4412-bc01-49d427dd2cac	23d7455100dd27ad6601ff512dba5e5fae01baf4	hyperpolymath/echidna	proofs/z3/basic.smt2	; Minimal SMT-LIB example for ECHIDNA Z3 backend (set-logic QF_LIA) (assert true) (check-sat) 	safety	altergo	unknown	12	0.5	\N	batch-direct	2026-04-05 12:59:02.862	2026-04-05 12:59:02.888	direct:altergo	\N
704c10f4-d99e-46b3-aa71-e9a410ce893e	6744bc3345186bd8a9e16df093b698adfa786667	hyperpolymath/echidna	examples/z3_quantifiers.smt2	; Z3 example with quantifiers ; Tests universal quantification (set-logic ALL) ; Declare function (declare-fun f (Int) Int) ; Universal property: f is monotonic (assert (forall ((x Int) (y Int)) 	safety	altergo	success	13	0.5	\N	batch-direct	2026-04-05 13:00:00.331	2026-04-05 13:00:00.359	direct:altergo	\N
641158f6-4c8a-46aa-bf44-38ebff1934a7	b233a70151e518c0976a914fc97a55896f3760c0	hyperpolymath/echidna	examples/z3_simple.smt2	; Simple Z3 SMT-LIB 2.0 example ; Tests basic integer arithmetic (set-logic QF_LIA) ; Declare variables (declare-const x Int) (declare-const y Int) ; Add constraints (assert (> x 0)) (assert (> y 0	safety	altergo	unknown	16	0.5	\N	batch-direct	2026-04-05 13:00:00.449	2026-04-05 13:00:00.481	direct:altergo	\N
91c05aae-816e-42e0-8f75-097ad3f6058d	23d7455100dd27ad6601ff512dba5e5fae01baf4	hyperpolymath/echidna	proofs/z3/basic.smt2	; Minimal SMT-LIB example for ECHIDNA Z3 backend (set-logic QF_LIA) (assert true) (check-sat) 	safety	altergo	unknown	13	0.5	\N	batch-direct	2026-04-05 13:00:00.553	2026-04-05 13:00:00.580	direct:altergo	\N
9a161b5d-0cb1-40fe-903e-541d188f0460	6744bc3345186bd8a9e16df093b698adfa786667	hyperpolymath/echidna	examples/z3_quantifiers.smt2	; Z3 example with quantifiers ; Tests universal quantification (set-logic ALL) ; Declare function (declare-fun f (Int) Int) ; Universal property: f is monotonic (assert (forall ((x Int) (y Int)) 	safety	altergo	success	14	0.5	\N	batch-direct	2026-04-05 13:01:33.256	2026-04-05 13:01:33.283	direct:altergo	\N
e1f91391-f674-4e7e-bf91-f2b4b2910524	b233a70151e518c0976a914fc97a55896f3760c0	hyperpolymath/echidna	examples/z3_simple.smt2	; Simple Z3 SMT-LIB 2.0 example ; Tests basic integer arithmetic (set-logic QF_LIA) ; Declare variables (declare-const x Int) (declare-const y Int) ; Add constraints (assert (> x 0)) (assert (> y 0	safety	altergo	unknown	16	0.5	\N	batch-direct	2026-04-05 13:01:33.360	2026-04-05 13:01:33.391	direct:altergo	\N
49777c01-3f02-493b-830b-84d472f058dc	23d7455100dd27ad6601ff512dba5e5fae01baf4	hyperpolymath/echidna	proofs/z3/basic.smt2	; Minimal SMT-LIB example for ECHIDNA Z3 backend (set-logic QF_LIA) (assert true) (check-sat) 	safety	altergo	unknown	14	0.5	\N	batch-direct	2026-04-05 13:01:33.458	2026-04-05 13:01:33.488	direct:altergo	\N
374dcb28-ea27-491a-886d-a7afb8ec5adb	6744bc3345186bd8a9e16df093b698adfa786667	hyperpolymath/echidna	examples/z3_quantifiers.smt2	; Z3 example with quantifiers ; Tests universal quantification (set-logic ALL) ; Declare function (declare-fun f (Int) Int) ; Universal property: f is monotonic (assert (forall ((x Int) (y Int)) 	safety	altergo	success	14	0.5	\N	batch-direct	2026-04-05 13:02:30.681	2026-04-05 13:02:30.707	direct:altergo	\N
ad287722-f592-475d-b009-944e42d867a5	b233a70151e518c0976a914fc97a55896f3760c0	hyperpolymath/echidna	examples/z3_simple.smt2	; Simple Z3 SMT-LIB 2.0 example ; Tests basic integer arithmetic (set-logic QF_LIA) ; Declare variables (declare-const x Int) (declare-const y Int) ; Add constraints (assert (> x 0)) (assert (> y 0	safety	altergo	unknown	14	0.5	\N	batch-direct	2026-04-05 13:02:30.770	2026-04-05 13:02:30.799	direct:altergo	\N
8b0b2509-b31a-4561-a692-fa106c633175	23d7455100dd27ad6601ff512dba5e5fae01baf4	hyperpolymath/echidna	proofs/z3/basic.smt2	; Minimal SMT-LIB example for ECHIDNA Z3 backend (set-logic QF_LIA) (assert true) (check-sat) 	safety	altergo	unknown	12	0.5	\N	batch-direct	2026-04-05 13:02:30.861	2026-04-05 13:02:30.888	direct:altergo	\N
4fbebe64-63fb-4eae-a8f1-342fbe2aae6e	6744bc3345186bd8a9e16df093b698adfa786667	hyperpolymath/echidna	examples/z3_quantifiers.smt2	; Z3 example with quantifiers ; Tests universal quantification (set-logic ALL) ; Declare function (declare-fun f (Int) Int) ; Universal property: f is monotonic (assert (forall ((x Int) (y Int)) 	safety	altergo	success	16	0.5	\N	batch-direct	2026-04-05 13:03:27.657	2026-04-05 13:03:27.686	direct:altergo	\N
ac16df83-3d2d-4af3-9278-ad6db7f9a62c	b233a70151e518c0976a914fc97a55896f3760c0	hyperpolymath/echidna	examples/z3_simple.smt2	; Simple Z3 SMT-LIB 2.0 example ; Tests basic integer arithmetic (set-logic QF_LIA) ; Declare variables (declare-const x Int) (declare-const y Int) ; Add constraints (assert (> x 0)) (assert (> y 0	safety	altergo	unknown	14	0.5	\N	batch-direct	2026-04-05 13:03:27.749	2026-04-05 13:03:27.778	direct:altergo	\N
a307dae1-cf3c-46c7-b7dc-5605d7e25791	23d7455100dd27ad6601ff512dba5e5fae01baf4	hyperpolymath/echidna	proofs/z3/basic.smt2	; Minimal SMT-LIB example for ECHIDNA Z3 backend (set-logic QF_LIA) (assert true) (check-sat) 	safety	altergo	unknown	13	0.5	\N	batch-direct	2026-04-05 13:03:27.842	2026-04-05 13:03:27.869	direct:altergo	\N
dbcb6bfc-5c92-4de9-9894-362e4aaece93	6744bc3345186bd8a9e16df093b698adfa786667	hyperpolymath/echidna	examples/z3_quantifiers.smt2	; Z3 example with quantifiers ; Tests universal quantification (set-logic ALL) ; Declare function (declare-fun f (Int) Int) ; Universal property: f is monotonic (assert (forall ((x Int) (y Int)) 	safety	altergo	success	20	0.5	\N	batch-direct	2026-04-05 14:53:01.460	2026-04-05 14:53:01.495	direct:altergo	\N
1aa8ec09-7a13-4c5a-8106-c39070b99c87	b233a70151e518c0976a914fc97a55896f3760c0	hyperpolymath/echidna	examples/z3_simple.smt2	; Simple Z3 SMT-LIB 2.0 example ; Tests basic integer arithmetic (set-logic QF_LIA) ; Declare variables (declare-const x Int) (declare-const y Int) ; Add constraints (assert (> x 0)) (assert (> y 0	safety	altergo	unknown	16	0.5	\N	batch-direct	2026-04-05 14:53:01.565	2026-04-05 14:53:01.597	direct:altergo	\N
e15ec3ed-5d22-4632-bb47-0efd4ec67bc1	23d7455100dd27ad6601ff512dba5e5fae01baf4	hyperpolymath/echidna	proofs/z3/basic.smt2	; Minimal SMT-LIB example for ECHIDNA Z3 backend (set-logic QF_LIA) (assert true) (check-sat) 	safety	altergo	unknown	14	0.5	\N	batch-direct	2026-04-05 14:53:01.680	2026-04-05 14:53:01.708	direct:altergo	\N
1763cbca-580d-4d0a-89ca-62b38bbad2d2	6744bc3345186bd8a9e16df093b698adfa786667	hyperpolymath/echidna	examples/z3_quantifiers.smt2	; Z3 example with quantifiers ; Tests universal quantification (set-logic ALL) ; Declare function (declare-fun f (Int) Int) ; Universal property: f is monotonic (assert (forall ((x Int) (y Int)) 	safety	altergo	success	14	0.5	\N	batch-direct	2026-04-05 15:04:22.404	2026-04-05 15:04:22.432	direct:altergo	\N
d980577f-2add-41d9-9a0a-295a556175eb	b233a70151e518c0976a914fc97a55896f3760c0	hyperpolymath/echidna	examples/z3_simple.smt2	; Simple Z3 SMT-LIB 2.0 example ; Tests basic integer arithmetic (set-logic QF_LIA) ; Declare variables (declare-const x Int) (declare-const y Int) ; Add constraints (assert (> x 0)) (assert (> y 0	safety	altergo	unknown	16	0.5	\N	batch-direct	2026-04-05 15:04:22.510	2026-04-05 15:04:22.542	direct:altergo	\N
d596957d-0ea8-4642-99de-1eac0239f24d	23d7455100dd27ad6601ff512dba5e5fae01baf4	hyperpolymath/echidna	proofs/z3/basic.smt2	; Minimal SMT-LIB example for ECHIDNA Z3 backend (set-logic QF_LIA) (assert true) (check-sat) 	safety	altergo	unknown	13	0.5	\N	batch-direct	2026-04-05 15:04:22.622	2026-04-05 15:04:22.649	direct:altergo	\N
7abfb8a2-63f2-4201-8342-13e907b81073	b8f7895591217c749efdb5d7bef5f595a38895af	hyperpolymath/echidna	proofs/tptp/modus_ponens.p	%----------------------------------------------------------------------------- % SPDX-License-Identifier: PMPL-1.0-or-later % File : modus_ponens.p % Syntax : TPTP FOF (First-Order Form) % Statu	safety	vampire	success	19	0.5	\N	batch-direct	2026-04-05 12:09:30.248	2026-04-05 12:09:30.278	direct:vampire	\N
4e74357d-cdf3-4b74-854e-2277dc934992	7dc812c232031c3e0302e234cd5e37526ec3575f	hyperpolymath/echidna	proofs/tptp/transitivity.p	%----------------------------------------------------------------------------- % SPDX-License-Identifier: PMPL-1.0-or-later % File : transitivity.p % Status : Theorem % Claim : Less-than is t	safety	vampire	success	13	0.5	\N	batch-direct	2026-04-05 12:09:30.401	2026-04-05 12:09:30.425	direct:vampire	\N
cc446798-8246-434b-96dd-a85e98e6c026	cef80628ee36b72b4a339d61a490d7c5a750fd66	hyperpolymath/echidna	proofs/tptp/socrates.p	%----------------------------------------------------------------------------- % SPDX-License-Identifier: PMPL-1.0-or-later % File : socrates.p % Status : Theorem % Claim : Classical syllogis	safety	vampire	success	14	0.5	\N	batch-direct	2026-04-05 12:09:30.547	2026-04-05 12:09:30.572	direct:vampire	\N
df8f9246-e6cb-4f10-8de3-5ea5c0e57127	d3c0111af9f614dd2ce9fc590bea171686bf652e	hyperpolymath/echidna	proofs/tptp/group_left_identity.p	%----------------------------------------------------------------------------- % SPDX-License-Identifier: PMPL-1.0-or-later % File : group_left_identity.p % Status : Theorem % Claim : In a gr	safety	vampire	success	16	0.5	\N	batch-direct	2026-04-05 12:09:30.691	2026-04-05 12:09:30.717	direct:vampire	\N
993492af-25eb-437a-b467-a60e911980d9	c6de18eb6685ea1b89ef46963cd3df6daff317e3	hyperpolymath/echidna	proofs/tptp/contradiction.p	%----------------------------------------------------------------------------- % SPDX-License-Identifier: PMPL-1.0-or-later % File : contradiction.p % Status : CounterSatisfiable % Claim : De	safety	vampire	unknown	14	0.5	\N	batch-direct	2026-04-05 12:09:30.830	2026-04-05 12:09:30.860	direct:vampire	\N
81eaf9f6-dfcf-4af1-87be-d11f33fb458a	efccba2589886df96afd024963f663a92f0285f3	hyperpolymath/echidna	proofs/tptp/disjunction_elim.p	%----------------------------------------------------------------------------- % SPDX-License-Identifier: PMPL-1.0-or-later % File : disjunction_elim.p % Status : Theorem % Claim : Disjunctio	safety	vampire	success	15	0.5	\N	batch-direct	2026-04-05 12:09:30.971	2026-04-05 12:09:30.998	direct:vampire	\N
ec427524-c09f-4a7a-90ae-49f52e8e75c2	1d315f412ad3369876346bb1a2fa4f83fd84b5e4	hyperpolymath/echidna	proofs/tptp/double_negation.p	%----------------------------------------------------------------------------- % SPDX-License-Identifier: PMPL-1.0-or-later % File : double_negation.p % Status : Theorem % Claim : ¬¬P → P	safety	vampire	success	14	0.5	\N	batch-direct	2026-04-05 12:09:31.112	2026-04-05 12:09:31.137	direct:vampire	\N
ad6e2680-d40b-4c03-bb5d-94a6ae0d5cfe	d7d4daae34856cd23358852d6d3823b42d130dcc	hyperpolymath/echidna	proofs/tptp/symmetry_eq.p	%----------------------------------------------------------------------------- % SPDX-License-Identifier: PMPL-1.0-or-later % File : symmetry_eq.p % Status : Theorem % Claim : Equality is sym	safety	vampire	success	16	0.5	\N	batch-direct	2026-04-05 12:09:31.247	2026-04-05 12:09:31.275	direct:vampire	\N
c1534fbe-3d46-4a7f-824c-32b0bae69112	b8f7895591217c749efdb5d7bef5f595a38895af	hyperpolymath/echidna	proofs/tptp/modus_ponens.p	%----------------------------------------------------------------------------- % SPDX-License-Identifier: PMPL-1.0-or-later % File : modus_ponens.p % Syntax : TPTP FOF (First-Order Form) % Statu	safety	vampire	success	18	0.5	\N	batch-direct	2026-04-05 12:10:57.077	2026-04-05 12:10:57.106	direct:vampire	\N
9eb8ec43-48da-42c0-9900-31745198f717	7dc812c232031c3e0302e234cd5e37526ec3575f	hyperpolymath/echidna	proofs/tptp/transitivity.p	%----------------------------------------------------------------------------- % SPDX-License-Identifier: PMPL-1.0-or-later % File : transitivity.p % Status : Theorem % Claim : Less-than is t	safety	vampire	success	14	0.5	\N	batch-direct	2026-04-05 12:10:57.181	2026-04-05 12:10:57.208	direct:vampire	\N
6563a3ea-87b8-4866-8a88-b3d0f347336a	cef80628ee36b72b4a339d61a490d7c5a750fd66	hyperpolymath/echidna	proofs/tptp/socrates.p	%----------------------------------------------------------------------------- % SPDX-License-Identifier: PMPL-1.0-or-later % File : socrates.p % Status : Theorem % Claim : Classical syllogis	safety	vampire	success	13	0.5	\N	batch-direct	2026-04-05 12:10:57.275	2026-04-05 12:10:57.299	direct:vampire	\N
17f44605-0293-4606-aeda-9aac3bededff	d3c0111af9f614dd2ce9fc590bea171686bf652e	hyperpolymath/echidna	proofs/tptp/group_left_identity.p	%----------------------------------------------------------------------------- % SPDX-License-Identifier: PMPL-1.0-or-later % File : group_left_identity.p % Status : Theorem % Claim : In a gr	safety	vampire	success	15	0.5	\N	batch-direct	2026-04-05 12:10:57.365	2026-04-05 12:10:57.391	direct:vampire	\N
61f2a028-bc74-41d1-a3e6-097e43f131d9	c6de18eb6685ea1b89ef46963cd3df6daff317e3	hyperpolymath/echidna	proofs/tptp/contradiction.p	%----------------------------------------------------------------------------- % SPDX-License-Identifier: PMPL-1.0-or-later % File : contradiction.p % Status : CounterSatisfiable % Claim : De	safety	vampire	unknown	12	0.5	\N	batch-direct	2026-04-05 12:10:57.456	2026-04-05 12:10:57.485	direct:vampire	\N
cc58cd85-93f8-4ab4-966f-e8710a8d0075	efccba2589886df96afd024963f663a92f0285f3	hyperpolymath/echidna	proofs/tptp/disjunction_elim.p	%----------------------------------------------------------------------------- % SPDX-License-Identifier: PMPL-1.0-or-later % File : disjunction_elim.p % Status : Theorem % Claim : Disjunctio	safety	vampire	success	13	0.5	\N	batch-direct	2026-04-05 12:10:57.553	2026-04-05 12:10:57.578	direct:vampire	\N
150527fd-6fc6-4c04-846f-22b9cc416fa9	1d315f412ad3369876346bb1a2fa4f83fd84b5e4	hyperpolymath/echidna	proofs/tptp/double_negation.p	%----------------------------------------------------------------------------- % SPDX-License-Identifier: PMPL-1.0-or-later % File : double_negation.p % Status : Theorem % Claim : ¬¬P → P	safety	vampire	success	14	0.5	\N	batch-direct	2026-04-05 12:10:57.644	2026-04-05 12:10:57.670	direct:vampire	\N
9b2975e1-7013-4b36-9fc8-f8d6b60a95fc	d7d4daae34856cd23358852d6d3823b42d130dcc	hyperpolymath/echidna	proofs/tptp/symmetry_eq.p	%----------------------------------------------------------------------------- % SPDX-License-Identifier: PMPL-1.0-or-later % File : symmetry_eq.p % Status : Theorem % Claim : Equality is sym	safety	vampire	success	13	0.5	\N	batch-direct	2026-04-05 12:10:57.737	2026-04-05 12:10:57.761	direct:vampire	\N
1d23f2ae-0b72-4cbb-a8ac-13e9478758a9	b8f7895591217c749efdb5d7bef5f595a38895af	hyperpolymath/echidna	proofs/tptp/modus_ponens.p	%----------------------------------------------------------------------------- % SPDX-License-Identifier: PMPL-1.0-or-later % File : modus_ponens.p % Syntax : TPTP FOF (First-Order Form) % Statu	safety	vampire	success	22	0.5	\N	batch-direct	2026-04-05 12:11:53.403	2026-04-05 12:11:53.436	direct:vampire	\N
6ef98c11-8ac5-4ca1-a8e8-79ae0b714005	7dc812c232031c3e0302e234cd5e37526ec3575f	hyperpolymath/echidna	proofs/tptp/transitivity.p	%----------------------------------------------------------------------------- % SPDX-License-Identifier: PMPL-1.0-or-later % File : transitivity.p % Status : Theorem % Claim : Less-than is t	safety	vampire	success	14	0.5	\N	batch-direct	2026-04-05 12:11:53.505	2026-04-05 12:11:53.532	direct:vampire	\N
5fa9f9ef-4f70-4a88-9720-393129d0e35c	cef80628ee36b72b4a339d61a490d7c5a750fd66	hyperpolymath/echidna	proofs/tptp/socrates.p	%----------------------------------------------------------------------------- % SPDX-License-Identifier: PMPL-1.0-or-later % File : socrates.p % Status : Theorem % Claim : Classical syllogis	safety	vampire	success	14	0.5	\N	batch-direct	2026-04-05 12:11:53.604	2026-04-05 12:11:53.630	direct:vampire	\N
569d92e5-1dda-42b2-876d-c495b9df2a22	d3c0111af9f614dd2ce9fc590bea171686bf652e	hyperpolymath/echidna	proofs/tptp/group_left_identity.p	%----------------------------------------------------------------------------- % SPDX-License-Identifier: PMPL-1.0-or-later % File : group_left_identity.p % Status : Theorem % Claim : In a gr	safety	vampire	success	15	0.5	\N	batch-direct	2026-04-05 12:11:53.700	2026-04-05 12:11:53.727	direct:vampire	\N
83c03c63-4fff-4c47-9f81-fb18ad808d97	c6de18eb6685ea1b89ef46963cd3df6daff317e3	hyperpolymath/echidna	proofs/tptp/contradiction.p	%----------------------------------------------------------------------------- % SPDX-License-Identifier: PMPL-1.0-or-later % File : contradiction.p % Status : CounterSatisfiable % Claim : De	safety	vampire	unknown	13	0.5	\N	batch-direct	2026-04-05 12:11:53.796	2026-04-05 12:11:53.826	direct:vampire	\N
e7bd3688-9eed-4dad-9730-46d8aab802f5	efccba2589886df96afd024963f663a92f0285f3	hyperpolymath/echidna	proofs/tptp/disjunction_elim.p	%----------------------------------------------------------------------------- % SPDX-License-Identifier: PMPL-1.0-or-later % File : disjunction_elim.p % Status : Theorem % Claim : Disjunctio	safety	vampire	success	13	0.5	\N	batch-direct	2026-04-05 12:11:53.894	2026-04-05 12:11:53.919	direct:vampire	\N
92b9074c-54ee-480e-9352-aac9938cd96e	1d315f412ad3369876346bb1a2fa4f83fd84b5e4	hyperpolymath/echidna	proofs/tptp/double_negation.p	%----------------------------------------------------------------------------- % SPDX-License-Identifier: PMPL-1.0-or-later % File : double_negation.p % Status : Theorem % Claim : ¬¬P → P	safety	vampire	success	14	0.5	\N	batch-direct	2026-04-05 12:11:53.986	2026-04-05 12:11:54.011	direct:vampire	\N
491cce88-b3ed-49c9-b3a8-fe9a6644d5fc	d7d4daae34856cd23358852d6d3823b42d130dcc	hyperpolymath/echidna	proofs/tptp/symmetry_eq.p	%----------------------------------------------------------------------------- % SPDX-License-Identifier: PMPL-1.0-or-later % File : symmetry_eq.p % Status : Theorem % Claim : Equality is sym	safety	vampire	success	15	0.5	\N	batch-direct	2026-04-05 12:11:54.081	2026-04-05 12:11:54.107	direct:vampire	\N
92f18a75-d653-4cfb-8f5c-2fd80aa2239e	b8f7895591217c749efdb5d7bef5f595a38895af	hyperpolymath/echidna	proofs/tptp/modus_ponens.p	%----------------------------------------------------------------------------- % SPDX-License-Identifier: PMPL-1.0-or-later % File : modus_ponens.p % Syntax : TPTP FOF (First-Order Form) % Statu	safety	vampire	success	19	0.5	\N	batch-direct	2026-04-05 12:12:46.576	2026-04-05 12:12:46.606	direct:vampire	\N
8b6662d2-74e4-410f-9523-28236500b3a5	7dc812c232031c3e0302e234cd5e37526ec3575f	hyperpolymath/echidna	proofs/tptp/transitivity.p	%----------------------------------------------------------------------------- % SPDX-License-Identifier: PMPL-1.0-or-later % File : transitivity.p % Status : Theorem % Claim : Less-than is t	safety	vampire	success	13	0.5	\N	batch-direct	2026-04-05 12:12:46.672	2026-04-05 12:12:46.696	direct:vampire	\N
2b8fc323-a505-4094-9a84-e77d4d36dc0d	cef80628ee36b72b4a339d61a490d7c5a750fd66	hyperpolymath/echidna	proofs/tptp/socrates.p	%----------------------------------------------------------------------------- % SPDX-License-Identifier: PMPL-1.0-or-later % File : socrates.p % Status : Theorem % Claim : Classical syllogis	safety	vampire	success	14	0.5	\N	batch-direct	2026-04-05 12:12:46.765	2026-04-05 12:12:46.790	direct:vampire	\N
6ef15625-b113-46e8-a52a-e7ebe6b372cb	d3c0111af9f614dd2ce9fc590bea171686bf652e	hyperpolymath/echidna	proofs/tptp/group_left_identity.p	%----------------------------------------------------------------------------- % SPDX-License-Identifier: PMPL-1.0-or-later % File : group_left_identity.p % Status : Theorem % Claim : In a gr	safety	vampire	success	15	0.5	\N	batch-direct	2026-04-05 12:12:46.857	2026-04-05 12:12:46.883	direct:vampire	\N
4f63cb1d-b66a-4416-bdba-91bbe316648d	c6de18eb6685ea1b89ef46963cd3df6daff317e3	hyperpolymath/echidna	proofs/tptp/contradiction.p	%----------------------------------------------------------------------------- % SPDX-License-Identifier: PMPL-1.0-or-later % File : contradiction.p % Status : CounterSatisfiable % Claim : De	safety	vampire	unknown	14	0.5	\N	batch-direct	2026-04-05 12:12:46.957	2026-04-05 12:12:46.987	direct:vampire	\N
df2f248b-a5ca-4e1f-be0c-9174d4b7687b	efccba2589886df96afd024963f663a92f0285f3	hyperpolymath/echidna	proofs/tptp/disjunction_elim.p	%----------------------------------------------------------------------------- % SPDX-License-Identifier: PMPL-1.0-or-later % File : disjunction_elim.p % Status : Theorem % Claim : Disjunctio	safety	vampire	success	13	0.5	\N	batch-direct	2026-04-05 12:12:47.055	2026-04-05 12:12:47.080	direct:vampire	\N
81f7562b-84ca-49cc-a9ce-c1220f93bede	1d315f412ad3369876346bb1a2fa4f83fd84b5e4	hyperpolymath/echidna	proofs/tptp/double_negation.p	%----------------------------------------------------------------------------- % SPDX-License-Identifier: PMPL-1.0-or-later % File : double_negation.p % Status : Theorem % Claim : ¬¬P → P	safety	vampire	success	13	0.5	\N	batch-direct	2026-04-05 12:12:47.145	2026-04-05 12:12:47.170	direct:vampire	\N
f071ac5b-cc9a-498b-a706-ceb2cc4e85fb	d7d4daae34856cd23358852d6d3823b42d130dcc	hyperpolymath/echidna	proofs/tptp/symmetry_eq.p	%----------------------------------------------------------------------------- % SPDX-License-Identifier: PMPL-1.0-or-later % File : symmetry_eq.p % Status : Theorem % Claim : Equality is sym	safety	vampire	success	13	0.5	\N	batch-direct	2026-04-05 12:12:47.238	2026-04-05 12:12:47.262	direct:vampire	\N
c8304ff3-4466-4063-9e4c-718115157947	b8f7895591217c749efdb5d7bef5f595a38895af	hyperpolymath/echidna	proofs/tptp/modus_ponens.p	%----------------------------------------------------------------------------- % SPDX-License-Identifier: PMPL-1.0-or-later % File : modus_ponens.p % Syntax : TPTP FOF (First-Order Form) % Statu	safety	vampire	success	21	0.5	\N	batch-direct	2026-04-05 12:13:42.997	2026-04-05 12:13:43.029	direct:vampire	\N
69359fb1-e6a3-4d8c-94a2-5d621e98b9c7	7dc812c232031c3e0302e234cd5e37526ec3575f	hyperpolymath/echidna	proofs/tptp/transitivity.p	%----------------------------------------------------------------------------- % SPDX-License-Identifier: PMPL-1.0-or-later % File : transitivity.p % Status : Theorem % Claim : Less-than is t	safety	vampire	success	14	0.5	\N	batch-direct	2026-04-05 12:13:43.099	2026-04-05 12:13:43.123	direct:vampire	\N
cdf1e162-67e9-4003-8e9e-a94f5f8d6f48	cef80628ee36b72b4a339d61a490d7c5a750fd66	hyperpolymath/echidna	proofs/tptp/socrates.p	%----------------------------------------------------------------------------- % SPDX-License-Identifier: PMPL-1.0-or-later % File : socrates.p % Status : Theorem % Claim : Classical syllogis	safety	vampire	success	14	0.5	\N	batch-direct	2026-04-05 12:13:43.196	2026-04-05 12:13:43.221	direct:vampire	\N
c2a767d1-01a9-4c62-aa9e-f7d9aa4c9885	d3c0111af9f614dd2ce9fc590bea171686bf652e	hyperpolymath/echidna	proofs/tptp/group_left_identity.p	%----------------------------------------------------------------------------- % SPDX-License-Identifier: PMPL-1.0-or-later % File : group_left_identity.p % Status : Theorem % Claim : In a gr	safety	vampire	success	14	0.5	\N	batch-direct	2026-04-05 12:13:43.290	2026-04-05 12:13:43.316	direct:vampire	\N
fa282982-17d8-496a-b518-42f757429aa3	c6de18eb6685ea1b89ef46963cd3df6daff317e3	hyperpolymath/echidna	proofs/tptp/contradiction.p	%----------------------------------------------------------------------------- % SPDX-License-Identifier: PMPL-1.0-or-later % File : contradiction.p % Status : CounterSatisfiable % Claim : De	safety	vampire	unknown	13	0.5	\N	batch-direct	2026-04-05 12:13:43.383	2026-04-05 12:13:43.412	direct:vampire	\N
ccee1ebd-914e-4f50-8d4f-100b62066893	efccba2589886df96afd024963f663a92f0285f3	hyperpolymath/echidna	proofs/tptp/disjunction_elim.p	%----------------------------------------------------------------------------- % SPDX-License-Identifier: PMPL-1.0-or-later % File : disjunction_elim.p % Status : Theorem % Claim : Disjunctio	safety	vampire	success	14	0.5	\N	batch-direct	2026-04-05 12:13:43.480	2026-04-05 12:13:43.506	direct:vampire	\N
3d5839a9-36a1-40f2-8ce6-91b9ad4ecf82	1d315f412ad3369876346bb1a2fa4f83fd84b5e4	hyperpolymath/echidna	proofs/tptp/double_negation.p	%----------------------------------------------------------------------------- % SPDX-License-Identifier: PMPL-1.0-or-later % File : double_negation.p % Status : Theorem % Claim : ¬¬P → P	safety	vampire	success	13	0.5	\N	batch-direct	2026-04-05 12:13:43.573	2026-04-05 12:13:43.597	direct:vampire	\N
47a55b3c-2308-455d-958b-a398f0c5beff	d7d4daae34856cd23358852d6d3823b42d130dcc	hyperpolymath/echidna	proofs/tptp/symmetry_eq.p	%----------------------------------------------------------------------------- % SPDX-License-Identifier: PMPL-1.0-or-later % File : symmetry_eq.p % Status : Theorem % Claim : Equality is sym	safety	vampire	success	14	0.5	\N	batch-direct	2026-04-05 12:13:43.672	2026-04-05 12:13:43.697	direct:vampire	\N
521eacea-55bc-4359-8539-1fdde384ec06	b8f7895591217c749efdb5d7bef5f595a38895af	hyperpolymath/echidna	proofs/tptp/modus_ponens.p	%----------------------------------------------------------------------------- % SPDX-License-Identifier: PMPL-1.0-or-later % File : modus_ponens.p % Syntax : TPTP FOF (First-Order Form) % Statu	safety	vampire	success	25	0.5	\N	batch-direct	2026-04-05 12:14:39.131	2026-04-05 12:14:39.167	direct:vampire	\N
1f04f6d8-3b19-44fb-8d4b-19380a05eed8	7dc812c232031c3e0302e234cd5e37526ec3575f	hyperpolymath/echidna	proofs/tptp/transitivity.p	%----------------------------------------------------------------------------- % SPDX-License-Identifier: PMPL-1.0-or-later % File : transitivity.p % Status : Theorem % Claim : Less-than is t	safety	vampire	success	14	0.5	\N	batch-direct	2026-04-05 12:14:39.232	2026-04-05 12:14:39.257	direct:vampire	\N
05b54d80-3beb-4211-b9e1-dd0dd84f297c	cef80628ee36b72b4a339d61a490d7c5a750fd66	hyperpolymath/echidna	proofs/tptp/socrates.p	%----------------------------------------------------------------------------- % SPDX-License-Identifier: PMPL-1.0-or-later % File : socrates.p % Status : Theorem % Claim : Classical syllogis	safety	vampire	success	12	0.5	\N	batch-direct	2026-04-05 12:14:39.322	2026-04-05 12:14:39.346	direct:vampire	\N
4a048622-9b62-4d2c-9b96-a68ab119f76c	d3c0111af9f614dd2ce9fc590bea171686bf652e	hyperpolymath/echidna	proofs/tptp/group_left_identity.p	%----------------------------------------------------------------------------- % SPDX-License-Identifier: PMPL-1.0-or-later % File : group_left_identity.p % Status : Theorem % Claim : In a gr	safety	vampire	success	14	0.5	\N	batch-direct	2026-04-05 12:14:39.413	2026-04-05 12:14:39.438	direct:vampire	\N
a2d66cf9-b3f9-47ea-af39-4b2b639cc5a7	c6de18eb6685ea1b89ef46963cd3df6daff317e3	hyperpolymath/echidna	proofs/tptp/contradiction.p	%----------------------------------------------------------------------------- % SPDX-License-Identifier: PMPL-1.0-or-later % File : contradiction.p % Status : CounterSatisfiable % Claim : De	safety	vampire	unknown	13	0.5	\N	batch-direct	2026-04-05 12:14:39.504	2026-04-05 12:14:39.531	direct:vampire	\N
25106291-e813-4c7f-ac8f-6a83d7bb784e	efccba2589886df96afd024963f663a92f0285f3	hyperpolymath/echidna	proofs/tptp/disjunction_elim.p	%----------------------------------------------------------------------------- % SPDX-License-Identifier: PMPL-1.0-or-later % File : disjunction_elim.p % Status : Theorem % Claim : Disjunctio	safety	vampire	success	14	0.5	\N	batch-direct	2026-04-05 12:14:39.608	2026-04-05 12:14:39.634	direct:vampire	\N
712a9877-f3f2-4b3e-ac07-fb9bec5d3acc	1d315f412ad3369876346bb1a2fa4f83fd84b5e4	hyperpolymath/echidna	proofs/tptp/double_negation.p	%----------------------------------------------------------------------------- % SPDX-License-Identifier: PMPL-1.0-or-later % File : double_negation.p % Status : Theorem % Claim : ¬¬P → P	safety	vampire	success	12	0.5	\N	batch-direct	2026-04-05 12:14:39.700	2026-04-05 12:14:39.725	direct:vampire	\N
3a1d5275-a217-4a82-b47a-3ef0bc4a0593	d7d4daae34856cd23358852d6d3823b42d130dcc	hyperpolymath/echidna	proofs/tptp/symmetry_eq.p	%----------------------------------------------------------------------------- % SPDX-License-Identifier: PMPL-1.0-or-later % File : symmetry_eq.p % Status : Theorem % Claim : Equality is sym	safety	vampire	success	14	0.5	\N	batch-direct	2026-04-05 12:14:39.800	2026-04-05 12:14:39.824	direct:vampire	\N
6c24cc8f-f9b5-49c8-a96d-480dc75fe31f	b8f7895591217c749efdb5d7bef5f595a38895af	hyperpolymath/echidna	proofs/tptp/modus_ponens.p	%----------------------------------------------------------------------------- % SPDX-License-Identifier: PMPL-1.0-or-later % File : modus_ponens.p % Syntax : TPTP FOF (First-Order Form) % Statu	safety	vampire	success	21	0.5	\N	batch-direct	2026-04-05 12:15:55.188	2026-04-05 12:15:55.220	direct:vampire	\N
39668b9f-6997-4037-a5f6-d5e57c93765e	7dc812c232031c3e0302e234cd5e37526ec3575f	hyperpolymath/echidna	proofs/tptp/transitivity.p	%----------------------------------------------------------------------------- % SPDX-License-Identifier: PMPL-1.0-or-later % File : transitivity.p % Status : Theorem % Claim : Less-than is t	safety	vampire	success	14	0.5	\N	batch-direct	2026-04-05 12:15:55.287	2026-04-05 12:15:55.313	direct:vampire	\N
36cdd0c6-98c0-42c4-abd9-0fe9b83f5e51	cef80628ee36b72b4a339d61a490d7c5a750fd66	hyperpolymath/echidna	proofs/tptp/socrates.p	%----------------------------------------------------------------------------- % SPDX-License-Identifier: PMPL-1.0-or-later % File : socrates.p % Status : Theorem % Claim : Classical syllogis	safety	vampire	success	12	0.5	\N	batch-direct	2026-04-05 12:15:55.384	2026-04-05 12:15:55.408	direct:vampire	\N
7fa01fbd-c825-45fb-86db-4bf4e49e27fe	d3c0111af9f614dd2ce9fc590bea171686bf652e	hyperpolymath/echidna	proofs/tptp/group_left_identity.p	%----------------------------------------------------------------------------- % SPDX-License-Identifier: PMPL-1.0-or-later % File : group_left_identity.p % Status : Theorem % Claim : In a gr	safety	vampire	success	14	0.5	\N	batch-direct	2026-04-05 12:15:55.479	2026-04-05 12:15:55.506	direct:vampire	\N
d3abb9b9-16f8-469c-bd09-e2ffcaefdb5a	c6de18eb6685ea1b89ef46963cd3df6daff317e3	hyperpolymath/echidna	proofs/tptp/contradiction.p	%----------------------------------------------------------------------------- % SPDX-License-Identifier: PMPL-1.0-or-later % File : contradiction.p % Status : CounterSatisfiable % Claim : De	safety	vampire	unknown	13	0.5	\N	batch-direct	2026-04-05 12:15:55.574	2026-04-05 12:15:55.603	direct:vampire	\N
77c533f2-ca8a-4ac0-a537-a13b7814a22a	efccba2589886df96afd024963f663a92f0285f3	hyperpolymath/echidna	proofs/tptp/disjunction_elim.p	%----------------------------------------------------------------------------- % SPDX-License-Identifier: PMPL-1.0-or-later % File : disjunction_elim.p % Status : Theorem % Claim : Disjunctio	safety	vampire	success	13	0.5	\N	batch-direct	2026-04-05 12:15:55.674	2026-04-05 12:15:55.699	direct:vampire	\N
509999b3-6e3a-49da-8d80-9e0919e3782d	1d315f412ad3369876346bb1a2fa4f83fd84b5e4	hyperpolymath/echidna	proofs/tptp/double_negation.p	%----------------------------------------------------------------------------- % SPDX-License-Identifier: PMPL-1.0-or-later % File : double_negation.p % Status : Theorem % Claim : ¬¬P → P	safety	vampire	success	15	0.5	\N	batch-direct	2026-04-05 12:15:55.767	2026-04-05 12:15:55.793	direct:vampire	\N
22f4cd02-1dcd-49bb-bf40-570c01faafff	d7d4daae34856cd23358852d6d3823b42d130dcc	hyperpolymath/echidna	proofs/tptp/symmetry_eq.p	%----------------------------------------------------------------------------- % SPDX-License-Identifier: PMPL-1.0-or-later % File : symmetry_eq.p % Status : Theorem % Claim : Equality is sym	safety	vampire	success	15	0.5	\N	batch-direct	2026-04-05 12:15:55.874	2026-04-05 12:15:55.902	direct:vampire	\N
bddedee1-68ae-4405-877b-be9a0c8bfdae	b8f7895591217c749efdb5d7bef5f595a38895af	hyperpolymath/echidna	proofs/tptp/modus_ponens.p	%----------------------------------------------------------------------------- % SPDX-License-Identifier: PMPL-1.0-or-later % File : modus_ponens.p % Syntax : TPTP FOF (First-Order Form) % Statu	safety	vampire	success	26	0.5	\N	batch-direct	2026-04-05 12:46:35.266	2026-04-05 12:46:35.303	direct:vampire	\N
5733dece-0097-47e4-878f-f4cbcbe97e21	7dc812c232031c3e0302e234cd5e37526ec3575f	hyperpolymath/echidna	proofs/tptp/transitivity.p	%----------------------------------------------------------------------------- % SPDX-License-Identifier: PMPL-1.0-or-later % File : transitivity.p % Status : Theorem % Claim : Less-than is t	safety	vampire	success	13	0.5	\N	batch-direct	2026-04-05 12:46:35.379	2026-04-05 12:46:35.403	direct:vampire	\N
5ee4ba62-560f-4b13-8787-bc39fe534196	cef80628ee36b72b4a339d61a490d7c5a750fd66	hyperpolymath/echidna	proofs/tptp/socrates.p	%----------------------------------------------------------------------------- % SPDX-License-Identifier: PMPL-1.0-or-later % File : socrates.p % Status : Theorem % Claim : Classical syllogis	safety	vampire	success	13	0.5	\N	batch-direct	2026-04-05 12:46:35.480	2026-04-05 12:46:35.505	direct:vampire	\N
9bc4e743-4595-44d4-8a43-be0974ee4050	d3c0111af9f614dd2ce9fc590bea171686bf652e	hyperpolymath/echidna	proofs/tptp/group_left_identity.p	%----------------------------------------------------------------------------- % SPDX-License-Identifier: PMPL-1.0-or-later % File : group_left_identity.p % Status : Theorem % Claim : In a gr	safety	vampire	success	14	0.5	\N	batch-direct	2026-04-05 12:46:35.581	2026-04-05 12:46:35.606	direct:vampire	\N
75af4594-debe-47d2-b64a-8eac3d883be6	c6de18eb6685ea1b89ef46963cd3df6daff317e3	hyperpolymath/echidna	proofs/tptp/contradiction.p	%----------------------------------------------------------------------------- % SPDX-License-Identifier: PMPL-1.0-or-later % File : contradiction.p % Status : CounterSatisfiable % Claim : De	safety	vampire	unknown	14	0.5	\N	batch-direct	2026-04-05 12:46:35.685	2026-04-05 12:46:35.714	direct:vampire	\N
1b33e285-6c00-4060-bd10-ee7bb68cb5a5	b8f7895591217c749efdb5d7bef5f595a38895af	hyperpolymath/echidna	proofs/tptp/modus_ponens.p	%----------------------------------------------------------------------------- % SPDX-License-Identifier: PMPL-1.0-or-later % File : modus_ponens.p % Syntax : TPTP FOF (First-Order Form) % Statu	safety	vampire	success	25	0.5	\N	batch-direct	2026-04-05 12:53:00.773	2026-04-05 12:53:00.809	direct:vampire	\N
b43d91e6-1b15-420f-83cc-ce3ab30cce8c	7dc812c232031c3e0302e234cd5e37526ec3575f	hyperpolymath/echidna	proofs/tptp/transitivity.p	%----------------------------------------------------------------------------- % SPDX-License-Identifier: PMPL-1.0-or-later % File : transitivity.p % Status : Theorem % Claim : Less-than is t	safety	vampire	success	13	0.5	\N	batch-direct	2026-04-05 12:53:00.888	2026-04-05 12:53:00.913	direct:vampire	\N
14f1a67d-f21b-4ed4-a1dc-723b00b83a84	cef80628ee36b72b4a339d61a490d7c5a750fd66	hyperpolymath/echidna	proofs/tptp/socrates.p	%----------------------------------------------------------------------------- % SPDX-License-Identifier: PMPL-1.0-or-later % File : socrates.p % Status : Theorem % Claim : Classical syllogis	safety	vampire	success	13	0.5	\N	batch-direct	2026-04-05 12:53:00.990	2026-04-05 12:53:01.015	direct:vampire	\N
211e3df4-2822-4d16-a4dd-c4aa63c0d055	d3c0111af9f614dd2ce9fc590bea171686bf652e	hyperpolymath/echidna	proofs/tptp/group_left_identity.p	%----------------------------------------------------------------------------- % SPDX-License-Identifier: PMPL-1.0-or-later % File : group_left_identity.p % Status : Theorem % Claim : In a gr	safety	vampire	success	14	0.5	\N	batch-direct	2026-04-05 12:53:01.093	2026-04-05 12:53:01.119	direct:vampire	\N
dbeb9e00-49e3-418f-ba67-c5a271b47756	c6de18eb6685ea1b89ef46963cd3df6daff317e3	hyperpolymath/echidna	proofs/tptp/contradiction.p	%----------------------------------------------------------------------------- % SPDX-License-Identifier: PMPL-1.0-or-later % File : contradiction.p % Status : CounterSatisfiable % Claim : De	safety	vampire	unknown	13	0.5	\N	batch-direct	2026-04-05 12:53:01.196	2026-04-05 12:53:01.224	direct:vampire	\N
7be5a153-66ec-4d23-b92b-7e32cc6bf9ff	efccba2589886df96afd024963f663a92f0285f3	hyperpolymath/echidna	proofs/tptp/disjunction_elim.p	%----------------------------------------------------------------------------- % SPDX-License-Identifier: PMPL-1.0-or-later % File : disjunction_elim.p % Status : Theorem % Claim : Disjunctio	safety	vampire	success	13	0.5	\N	batch-direct	2026-04-05 12:53:01.304	2026-04-05 12:53:01.329	direct:vampire	\N
5dd9205a-a431-4b1a-9067-f2b0b9583b94	1d315f412ad3369876346bb1a2fa4f83fd84b5e4	hyperpolymath/echidna	proofs/tptp/double_negation.p	%----------------------------------------------------------------------------- % SPDX-License-Identifier: PMPL-1.0-or-later % File : double_negation.p % Status : Theorem % Claim : ¬¬P → P	safety	vampire	success	13	0.5	\N	batch-direct	2026-04-05 12:53:01.405	2026-04-05 12:53:01.429	direct:vampire	\N
0fd80646-21f0-4302-8631-16cb02c3dc34	d7d4daae34856cd23358852d6d3823b42d130dcc	hyperpolymath/echidna	proofs/tptp/symmetry_eq.p	%----------------------------------------------------------------------------- % SPDX-License-Identifier: PMPL-1.0-or-later % File : symmetry_eq.p % Status : Theorem % Claim : Equality is sym	safety	vampire	success	13	0.5	\N	batch-direct	2026-04-05 12:53:01.504	2026-04-05 12:53:01.529	direct:vampire	\N
1cc869dd-d60c-4388-bbc5-6745733d4615	b8f7895591217c749efdb5d7bef5f595a38895af	hyperpolymath/echidna	proofs/tptp/modus_ponens.p	%----------------------------------------------------------------------------- % SPDX-License-Identifier: PMPL-1.0-or-later % File : modus_ponens.p % Syntax : TPTP FOF (First-Order Form) % Statu	safety	vampire	success	20	0.5	\N	batch-direct	2026-04-05 12:59:01.901	2026-04-05 12:59:01.932	direct:vampire	\N
ac21f3e6-2644-441b-a16e-29672d381c88	7dc812c232031c3e0302e234cd5e37526ec3575f	hyperpolymath/echidna	proofs/tptp/transitivity.p	%----------------------------------------------------------------------------- % SPDX-License-Identifier: PMPL-1.0-or-later % File : transitivity.p % Status : Theorem % Claim : Less-than is t	safety	vampire	success	17	0.5	\N	batch-direct	2026-04-05 12:59:01.999	2026-04-05 12:59:02.026	direct:vampire	\N
47dcf73a-ec88-4fbb-8334-8f67dd543c8a	cef80628ee36b72b4a339d61a490d7c5a750fd66	hyperpolymath/echidna	proofs/tptp/socrates.p	%----------------------------------------------------------------------------- % SPDX-License-Identifier: PMPL-1.0-or-later % File : socrates.p % Status : Theorem % Claim : Classical syllogis	safety	vampire	success	13	0.5	\N	batch-direct	2026-04-05 12:59:02.092	2026-04-05 12:59:02.117	direct:vampire	\N
4c860d15-9399-45d9-85e9-8e5fc0368100	d3c0111af9f614dd2ce9fc590bea171686bf652e	hyperpolymath/echidna	proofs/tptp/group_left_identity.p	%----------------------------------------------------------------------------- % SPDX-License-Identifier: PMPL-1.0-or-later % File : group_left_identity.p % Status : Theorem % Claim : In a gr	safety	vampire	success	14	0.5	\N	batch-direct	2026-04-05 12:59:02.184	2026-04-05 12:59:02.209	direct:vampire	\N
6caa3d86-d59a-41f8-b295-bb475ec54055	c6de18eb6685ea1b89ef46963cd3df6daff317e3	hyperpolymath/echidna	proofs/tptp/contradiction.p	%----------------------------------------------------------------------------- % SPDX-License-Identifier: PMPL-1.0-or-later % File : contradiction.p % Status : CounterSatisfiable % Claim : De	safety	vampire	unknown	13	0.5	\N	batch-direct	2026-04-05 12:59:02.277	2026-04-05 12:59:02.307	direct:vampire	\N
43299b9b-4387-47cf-a09e-2cc92fcb9b66	efccba2589886df96afd024963f663a92f0285f3	hyperpolymath/echidna	proofs/tptp/disjunction_elim.p	%----------------------------------------------------------------------------- % SPDX-License-Identifier: PMPL-1.0-or-later % File : disjunction_elim.p % Status : Theorem % Claim : Disjunctio	safety	vampire	success	13	0.5	\N	batch-direct	2026-04-05 12:59:02.376	2026-04-05 12:59:02.401	direct:vampire	\N
24dbb735-3be6-4c74-95e0-b715902df212	1d315f412ad3369876346bb1a2fa4f83fd84b5e4	hyperpolymath/echidna	proofs/tptp/double_negation.p	%----------------------------------------------------------------------------- % SPDX-License-Identifier: PMPL-1.0-or-later % File : double_negation.p % Status : Theorem % Claim : ¬¬P → P	safety	vampire	success	14	0.5	\N	batch-direct	2026-04-05 12:59:02.466	2026-04-05 12:59:02.492	direct:vampire	\N
9a16ab5b-339e-4650-bf40-3562429e972f	d7d4daae34856cd23358852d6d3823b42d130dcc	hyperpolymath/echidna	proofs/tptp/symmetry_eq.p	%----------------------------------------------------------------------------- % SPDX-License-Identifier: PMPL-1.0-or-later % File : symmetry_eq.p % Status : Theorem % Claim : Equality is sym	safety	vampire	success	13	0.5	\N	batch-direct	2026-04-05 12:59:02.561	2026-04-05 12:59:02.585	direct:vampire	\N
3e5ae672-5098-401e-ab7d-4c721698f8b4	b8f7895591217c749efdb5d7bef5f595a38895af	hyperpolymath/echidna	proofs/tptp/modus_ponens.p	%----------------------------------------------------------------------------- % SPDX-License-Identifier: PMPL-1.0-or-later % File : modus_ponens.p % Syntax : TPTP FOF (First-Order Form) % Statu	safety	vampire	success	18	0.5	\N	batch-direct	2026-04-05 12:59:59.575	2026-04-05 12:59:59.604	direct:vampire	\N
542bfce3-b512-47e4-88e1-2016d7f5143e	7dc812c232031c3e0302e234cd5e37526ec3575f	hyperpolymath/echidna	proofs/tptp/transitivity.p	%----------------------------------------------------------------------------- % SPDX-License-Identifier: PMPL-1.0-or-later % File : transitivity.p % Status : Theorem % Claim : Less-than is t	safety	vampire	success	13	0.5	\N	batch-direct	2026-04-05 12:59:59.674	2026-04-05 12:59:59.698	direct:vampire	\N
5b976550-97aa-453e-b43e-249957185c7c	cef80628ee36b72b4a339d61a490d7c5a750fd66	hyperpolymath/echidna	proofs/tptp/socrates.p	%----------------------------------------------------------------------------- % SPDX-License-Identifier: PMPL-1.0-or-later % File : socrates.p % Status : Theorem % Claim : Classical syllogis	safety	vampire	success	13	0.5	\N	batch-direct	2026-04-05 12:59:59.765	2026-04-05 12:59:59.790	direct:vampire	\N
b39c21cf-78ce-468e-b4c0-67b83c45321d	d3c0111af9f614dd2ce9fc590bea171686bf652e	hyperpolymath/echidna	proofs/tptp/group_left_identity.p	%----------------------------------------------------------------------------- % SPDX-License-Identifier: PMPL-1.0-or-later % File : group_left_identity.p % Status : Theorem % Claim : In a gr	safety	vampire	success	14	0.5	\N	batch-direct	2026-04-05 12:59:59.859	2026-04-05 12:59:59.885	direct:vampire	\N
58e8d402-c849-4bbb-a3c0-febf8b3ae8ee	c6de18eb6685ea1b89ef46963cd3df6daff317e3	hyperpolymath/echidna	proofs/tptp/contradiction.p	%----------------------------------------------------------------------------- % SPDX-License-Identifier: PMPL-1.0-or-later % File : contradiction.p % Status : CounterSatisfiable % Claim : De	safety	vampire	unknown	14	0.5	\N	batch-direct	2026-04-05 12:59:59.954	2026-04-05 12:59:59.983	direct:vampire	\N
9d70a277-eaa6-44ba-8f89-e8d31e0aa4bf	efccba2589886df96afd024963f663a92f0285f3	hyperpolymath/echidna	proofs/tptp/disjunction_elim.p	%----------------------------------------------------------------------------- % SPDX-License-Identifier: PMPL-1.0-or-later % File : disjunction_elim.p % Status : Theorem % Claim : Disjunctio	safety	vampire	success	13	0.5	\N	batch-direct	2026-04-05 13:00:00.049	2026-04-05 13:00:00.073	direct:vampire	\N
a2cf7570-df08-4f66-8cfb-de2c27dc69dc	1d315f412ad3369876346bb1a2fa4f83fd84b5e4	hyperpolymath/echidna	proofs/tptp/double_negation.p	%----------------------------------------------------------------------------- % SPDX-License-Identifier: PMPL-1.0-or-later % File : double_negation.p % Status : Theorem % Claim : ¬¬P → P	safety	vampire	success	14	0.5	\N	batch-direct	2026-04-05 13:00:00.142	2026-04-05 13:00:00.168	direct:vampire	\N
0baeac85-7014-42eb-b2b3-2384ba7745dc	d7d4daae34856cd23358852d6d3823b42d130dcc	hyperpolymath/echidna	proofs/tptp/symmetry_eq.p	%----------------------------------------------------------------------------- % SPDX-License-Identifier: PMPL-1.0-or-later % File : symmetry_eq.p % Status : Theorem % Claim : Equality is sym	safety	vampire	success	13	0.5	\N	batch-direct	2026-04-05 13:00:00.235	2026-04-05 13:00:00.259	direct:vampire	\N
52567acb-344b-4606-85f3-471e9d13882a	b8f7895591217c749efdb5d7bef5f595a38895af	hyperpolymath/echidna	proofs/tptp/modus_ponens.p	%----------------------------------------------------------------------------- % SPDX-License-Identifier: PMPL-1.0-or-later % File : modus_ponens.p % Syntax : TPTP FOF (First-Order Form) % Statu	safety	vampire	success	18	0.5	\N	batch-direct	2026-04-05 13:01:32.536	2026-04-05 13:01:32.567	direct:vampire	\N
b0bae5e6-3a86-44b5-bf8f-762da427ca4f	7dc812c232031c3e0302e234cd5e37526ec3575f	hyperpolymath/echidna	proofs/tptp/transitivity.p	%----------------------------------------------------------------------------- % SPDX-License-Identifier: PMPL-1.0-or-later % File : transitivity.p % Status : Theorem % Claim : Less-than is t	safety	vampire	success	19	0.5	\N	batch-direct	2026-04-05 13:01:32.634	2026-04-05 13:01:32.667	direct:vampire	\N
f093ea00-1142-4ff7-9447-0093055dec8d	cef80628ee36b72b4a339d61a490d7c5a750fd66	hyperpolymath/echidna	proofs/tptp/socrates.p	%----------------------------------------------------------------------------- % SPDX-License-Identifier: PMPL-1.0-or-later % File : socrates.p % Status : Theorem % Claim : Classical syllogis	safety	vampire	success	14	0.5	\N	batch-direct	2026-04-05 13:01:32.728	2026-04-05 13:01:32.753	direct:vampire	\N
a7a3ff60-66ca-4d39-99cf-5d0090c0b8e7	d3c0111af9f614dd2ce9fc590bea171686bf652e	hyperpolymath/echidna	proofs/tptp/group_left_identity.p	%----------------------------------------------------------------------------- % SPDX-License-Identifier: PMPL-1.0-or-later % File : group_left_identity.p % Status : Theorem % Claim : In a gr	safety	vampire	success	14	0.5	\N	batch-direct	2026-04-05 13:01:32.813	2026-04-05 13:01:32.839	direct:vampire	\N
6da37fdd-b693-4425-8761-508f6cd111b3	c6de18eb6685ea1b89ef46963cd3df6daff317e3	hyperpolymath/echidna	proofs/tptp/contradiction.p	%----------------------------------------------------------------------------- % SPDX-License-Identifier: PMPL-1.0-or-later % File : contradiction.p % Status : CounterSatisfiable % Claim : De	safety	vampire	unknown	13	0.5	\N	batch-direct	2026-04-05 13:01:32.900	2026-04-05 13:01:32.928	direct:vampire	\N
22222d8e-c9f6-47a2-addd-2d7bc5f9ec49	efccba2589886df96afd024963f663a92f0285f3	hyperpolymath/echidna	proofs/tptp/disjunction_elim.p	%----------------------------------------------------------------------------- % SPDX-License-Identifier: PMPL-1.0-or-later % File : disjunction_elim.p % Status : Theorem % Claim : Disjunctio	safety	vampire	success	13	0.5	\N	batch-direct	2026-04-05 13:01:32.992	2026-04-05 13:01:33.016	direct:vampire	\N
1c73c084-8b92-4040-a57e-79f97ea70023	1d315f412ad3369876346bb1a2fa4f83fd84b5e4	hyperpolymath/echidna	proofs/tptp/double_negation.p	%----------------------------------------------------------------------------- % SPDX-License-Identifier: PMPL-1.0-or-later % File : double_negation.p % Status : Theorem % Claim : ¬¬P → P	safety	vampire	success	15	0.5	\N	batch-direct	2026-04-05 13:01:33.077	2026-04-05 13:01:33.103	direct:vampire	\N
19514777-b213-415b-a747-4ea792ea7a90	d7d4daae34856cd23358852d6d3823b42d130dcc	hyperpolymath/echidna	proofs/tptp/symmetry_eq.p	%----------------------------------------------------------------------------- % SPDX-License-Identifier: PMPL-1.0-or-later % File : symmetry_eq.p % Status : Theorem % Claim : Equality is sym	safety	vampire	success	14	0.5	\N	batch-direct	2026-04-05 13:01:33.167	2026-04-05 13:01:33.192	direct:vampire	\N
ac142333-fbfc-44d8-855d-ac7cef9a9069	b8f7895591217c749efdb5d7bef5f595a38895af	hyperpolymath/echidna	proofs/tptp/modus_ponens.p	%----------------------------------------------------------------------------- % SPDX-License-Identifier: PMPL-1.0-or-later % File : modus_ponens.p % Syntax : TPTP FOF (First-Order Form) % Statu	safety	vampire	success	23	0.5	\N	batch-direct	2026-04-05 13:02:29.959	2026-04-05 13:02:29.994	direct:vampire	\N
05f35c0a-bd1b-4125-aac5-036e8c4170f6	7dc812c232031c3e0302e234cd5e37526ec3575f	hyperpolymath/echidna	proofs/tptp/transitivity.p	%----------------------------------------------------------------------------- % SPDX-License-Identifier: PMPL-1.0-or-later % File : transitivity.p % Status : Theorem % Claim : Less-than is t	safety	vampire	success	14	0.5	\N	batch-direct	2026-04-05 13:02:30.059	2026-04-05 13:02:30.084	direct:vampire	\N
bb860108-0696-49e6-a45f-40856e41fff5	cef80628ee36b72b4a339d61a490d7c5a750fd66	hyperpolymath/echidna	proofs/tptp/socrates.p	%----------------------------------------------------------------------------- % SPDX-License-Identifier: PMPL-1.0-or-later % File : socrates.p % Status : Theorem % Claim : Classical syllogis	safety	vampire	success	13	0.5	\N	batch-direct	2026-04-05 13:02:30.144	2026-04-05 13:02:30.168	direct:vampire	\N
07a72317-f73f-442e-a193-0a5d28e579ed	d3c0111af9f614dd2ce9fc590bea171686bf652e	hyperpolymath/echidna	proofs/tptp/group_left_identity.p	%----------------------------------------------------------------------------- % SPDX-License-Identifier: PMPL-1.0-or-later % File : group_left_identity.p % Status : Theorem % Claim : In a gr	safety	vampire	success	14	0.5	\N	batch-direct	2026-04-05 13:02:30.232	2026-04-05 13:02:30.257	direct:vampire	\N
24d06e0c-7f28-497b-9b79-a53277368d09	c6de18eb6685ea1b89ef46963cd3df6daff317e3	hyperpolymath/echidna	proofs/tptp/contradiction.p	%----------------------------------------------------------------------------- % SPDX-License-Identifier: PMPL-1.0-or-later % File : contradiction.p % Status : CounterSatisfiable % Claim : De	safety	vampire	unknown	13	0.5	\N	batch-direct	2026-04-05 13:02:30.318	2026-04-05 13:02:30.346	direct:vampire	\N
a81f549e-dd99-4e00-907b-f4e3f604ca12	efccba2589886df96afd024963f663a92f0285f3	hyperpolymath/echidna	proofs/tptp/disjunction_elim.p	%----------------------------------------------------------------------------- % SPDX-License-Identifier: PMPL-1.0-or-later % File : disjunction_elim.p % Status : Theorem % Claim : Disjunctio	safety	vampire	success	14	0.5	\N	batch-direct	2026-04-05 13:02:30.408	2026-04-05 13:02:30.433	direct:vampire	\N
68a3925e-4afe-4172-97e3-38ae3eaef2b2	1d315f412ad3369876346bb1a2fa4f83fd84b5e4	hyperpolymath/echidna	proofs/tptp/double_negation.p	%----------------------------------------------------------------------------- % SPDX-License-Identifier: PMPL-1.0-or-later % File : double_negation.p % Status : Theorem % Claim : ¬¬P → P	safety	vampire	success	13	0.5	\N	batch-direct	2026-04-05 13:02:30.492	2026-04-05 13:02:30.516	direct:vampire	\N
3e63fbbe-dd2b-409d-aad6-8f47cc01e19c	d7d4daae34856cd23358852d6d3823b42d130dcc	hyperpolymath/echidna	proofs/tptp/symmetry_eq.p	%----------------------------------------------------------------------------- % SPDX-License-Identifier: PMPL-1.0-or-later % File : symmetry_eq.p % Status : Theorem % Claim : Equality is sym	safety	vampire	success	14	0.5	\N	batch-direct	2026-04-05 13:02:30.578	2026-04-05 13:02:30.603	direct:vampire	\N
3c55849c-0fc6-4f76-9ff6-206e7c2ff2c0	b8f7895591217c749efdb5d7bef5f595a38895af	hyperpolymath/echidna	proofs/tptp/modus_ponens.p	%----------------------------------------------------------------------------- % SPDX-License-Identifier: PMPL-1.0-or-later % File : modus_ponens.p % Syntax : TPTP FOF (First-Order Form) % Statu	safety	vampire	success	19	0.5	\N	batch-direct	2026-04-05 13:03:26.938	2026-04-05 13:03:26.969	direct:vampire	\N
99401271-75de-4c8e-9c72-fac060ca4dea	7dc812c232031c3e0302e234cd5e37526ec3575f	hyperpolymath/echidna	proofs/tptp/transitivity.p	%----------------------------------------------------------------------------- % SPDX-License-Identifier: PMPL-1.0-or-later % File : transitivity.p % Status : Theorem % Claim : Less-than is t	safety	vampire	success	14	0.5	\N	batch-direct	2026-04-05 13:03:27.031	2026-04-05 13:03:27.056	direct:vampire	\N
87ee92ad-381a-47d1-b5ac-2a7435fbbf21	cef80628ee36b72b4a339d61a490d7c5a750fd66	hyperpolymath/echidna	proofs/tptp/socrates.p	%----------------------------------------------------------------------------- % SPDX-License-Identifier: PMPL-1.0-or-later % File : socrates.p % Status : Theorem % Claim : Classical syllogis	safety	vampire	success	13	0.5	\N	batch-direct	2026-04-05 13:03:27.121	2026-04-05 13:03:27.146	direct:vampire	\N
1dddffd6-3353-4b8a-b28c-e2d8315a84b2	d3c0111af9f614dd2ce9fc590bea171686bf652e	hyperpolymath/echidna	proofs/tptp/group_left_identity.p	%----------------------------------------------------------------------------- % SPDX-License-Identifier: PMPL-1.0-or-later % File : group_left_identity.p % Status : Theorem % Claim : In a gr	safety	vampire	success	14	0.5	\N	batch-direct	2026-04-05 13:03:27.205	2026-04-05 13:03:27.231	direct:vampire	\N
f97802e9-bf1d-4f80-b6d7-444b6fc8b5c7	c6de18eb6685ea1b89ef46963cd3df6daff317e3	hyperpolymath/echidna	proofs/tptp/contradiction.p	%----------------------------------------------------------------------------- % SPDX-License-Identifier: PMPL-1.0-or-later % File : contradiction.p % Status : CounterSatisfiable % Claim : De	safety	vampire	unknown	13	0.5	\N	batch-direct	2026-04-05 13:03:27.296	2026-04-05 13:03:27.323	direct:vampire	\N
55cbdaf6-078f-49ab-a501-01e5b2549aa7	efccba2589886df96afd024963f663a92f0285f3	hyperpolymath/echidna	proofs/tptp/disjunction_elim.p	%----------------------------------------------------------------------------- % SPDX-License-Identifier: PMPL-1.0-or-later % File : disjunction_elim.p % Status : Theorem % Claim : Disjunctio	safety	vampire	success	13	0.5	\N	batch-direct	2026-04-05 13:03:27.388	2026-04-05 13:03:27.414	direct:vampire	\N
5f4eb84d-e8fc-4426-8d88-4d30d14c6126	1d315f412ad3369876346bb1a2fa4f83fd84b5e4	hyperpolymath/echidna	proofs/tptp/double_negation.p	%----------------------------------------------------------------------------- % SPDX-License-Identifier: PMPL-1.0-or-later % File : double_negation.p % Status : Theorem % Claim : ¬¬P → P	safety	vampire	success	14	0.5	\N	batch-direct	2026-04-05 13:03:27.478	2026-04-05 13:03:27.504	direct:vampire	\N
10bd8d57-1f92-4a0b-a284-f75f1bbf8531	d7d4daae34856cd23358852d6d3823b42d130dcc	hyperpolymath/echidna	proofs/tptp/symmetry_eq.p	%----------------------------------------------------------------------------- % SPDX-License-Identifier: PMPL-1.0-or-later % File : symmetry_eq.p % Status : Theorem % Claim : Equality is sym	safety	vampire	success	14	0.5	\N	batch-direct	2026-04-05 13:03:27.565	2026-04-05 13:03:27.590	direct:vampire	\N
31c93a6c-ad99-41c4-84a1-3971bc7ac76f	b8f7895591217c749efdb5d7bef5f595a38895af	hyperpolymath/echidna	proofs/tptp/modus_ponens.p	%----------------------------------------------------------------------------- % SPDX-License-Identifier: PMPL-1.0-or-later % File : modus_ponens.p % Syntax : TPTP FOF (First-Order Form) % Statu	safety	vampire	success	91	0.5	\N	batch-direct	2026-04-05 14:53:00.472	2026-04-05 14:53:00.576	direct:vampire	\N
6a7a8edc-2700-4962-85ed-b8b82912a9af	7dc812c232031c3e0302e234cd5e37526ec3575f	hyperpolymath/echidna	proofs/tptp/transitivity.p	%----------------------------------------------------------------------------- % SPDX-License-Identifier: PMPL-1.0-or-later % File : transitivity.p % Status : Theorem % Claim : Less-than is t	safety	vampire	success	19	0.5	\N	batch-direct	2026-04-05 14:53:00.677	2026-04-05 14:53:00.714	direct:vampire	\N
73e3486f-dbd1-491b-9fb1-c1872def9b75	cef80628ee36b72b4a339d61a490d7c5a750fd66	hyperpolymath/echidna	proofs/tptp/socrates.p	%----------------------------------------------------------------------------- % SPDX-License-Identifier: PMPL-1.0-or-later % File : socrates.p % Status : Theorem % Claim : Classical syllogis	safety	vampire	success	16	0.5	\N	batch-direct	2026-04-05 14:53:00.805	2026-04-05 14:53:00.835	direct:vampire	\N
daeb343c-e0ea-46b4-9975-9c8dd3e27554	d3c0111af9f614dd2ce9fc590bea171686bf652e	hyperpolymath/echidna	proofs/tptp/group_left_identity.p	%----------------------------------------------------------------------------- % SPDX-License-Identifier: PMPL-1.0-or-later % File : group_left_identity.p % Status : Theorem % Claim : In a gr	safety	vampire	success	27	0.5	\N	batch-direct	2026-04-05 14:53:00.917	2026-04-05 14:53:00.959	direct:vampire	\N
fed5687a-64c0-4586-abfa-374f5db1c1d2	c6de18eb6685ea1b89ef46963cd3df6daff317e3	hyperpolymath/echidna	proofs/tptp/contradiction.p	%----------------------------------------------------------------------------- % SPDX-License-Identifier: PMPL-1.0-or-later % File : contradiction.p % Status : CounterSatisfiable % Claim : De	safety	vampire	unknown	17	0.5	\N	batch-direct	2026-04-05 14:53:01.036	2026-04-05 14:53:01.076	direct:vampire	\N
8b42ab90-b908-4195-b9fa-41e7478b02e7	efccba2589886df96afd024963f663a92f0285f3	hyperpolymath/echidna	proofs/tptp/disjunction_elim.p	%----------------------------------------------------------------------------- % SPDX-License-Identifier: PMPL-1.0-or-later % File : disjunction_elim.p % Status : Theorem % Claim : Disjunctio	safety	vampire	success	16	0.5	\N	batch-direct	2026-04-05 14:53:01.165	2026-04-05 14:53:01.193	direct:vampire	\N
1f362993-87ca-4c23-a8a7-5f758d82646c	1d315f412ad3369876346bb1a2fa4f83fd84b5e4	hyperpolymath/echidna	proofs/tptp/double_negation.p	%----------------------------------------------------------------------------- % SPDX-License-Identifier: PMPL-1.0-or-later % File : double_negation.p % Status : Theorem % Claim : ¬¬P → P	safety	vampire	success	14	0.5	\N	batch-direct	2026-04-05 14:53:01.263	2026-04-05 14:53:01.289	direct:vampire	\N
2333683f-6f64-4c2b-9017-dcbf31a06327	d7d4daae34856cd23358852d6d3823b42d130dcc	hyperpolymath/echidna	proofs/tptp/symmetry_eq.p	%----------------------------------------------------------------------------- % SPDX-License-Identifier: PMPL-1.0-or-later % File : symmetry_eq.p % Status : Theorem % Claim : Equality is sym	safety	vampire	success	14	0.5	\N	batch-direct	2026-04-05 14:53:01.359	2026-04-05 14:53:01.386	direct:vampire	\N
024c1d1e-a04f-40d6-9972-30b4a319d74f	b8f7895591217c749efdb5d7bef5f595a38895af	hyperpolymath/echidna	proofs/tptp/modus_ponens.p	%----------------------------------------------------------------------------- % SPDX-License-Identifier: PMPL-1.0-or-later % File : modus_ponens.p % Syntax : TPTP FOF (First-Order Form) % Statu	safety	vampire	success	20	0.5	\N	batch-direct	2026-04-05 15:04:21.759	2026-04-05 15:04:21.791	direct:vampire	\N
8978dea4-9ed9-44d9-a214-f5eeadb4b9f7	7dc812c232031c3e0302e234cd5e37526ec3575f	hyperpolymath/echidna	proofs/tptp/transitivity.p	%----------------------------------------------------------------------------- % SPDX-License-Identifier: PMPL-1.0-or-later % File : transitivity.p % Status : Theorem % Claim : Less-than is t	safety	vampire	success	15	0.5	\N	batch-direct	2026-04-05 15:04:21.871	2026-04-05 15:04:21.897	direct:vampire	\N
9e48e718-f9cb-40fd-bade-6b6ff9b304de	cef80628ee36b72b4a339d61a490d7c5a750fd66	hyperpolymath/echidna	proofs/tptp/socrates.p	%----------------------------------------------------------------------------- % SPDX-License-Identifier: PMPL-1.0-or-later % File : socrates.p % Status : Theorem % Claim : Classical syllogis	safety	vampire	success	14	0.5	\N	batch-direct	2026-04-05 15:04:21.975	2026-04-05 15:04:22.000	direct:vampire	\N
3f3cffe8-ce9a-4924-8250-a94f7705bb1e	d3c0111af9f614dd2ce9fc590bea171686bf652e	hyperpolymath/echidna	proofs/tptp/group_left_identity.p	%----------------------------------------------------------------------------- % SPDX-License-Identifier: PMPL-1.0-or-later % File : group_left_identity.p % Status : Theorem % Claim : In a gr	safety	vampire	success	15	0.5	\N	batch-direct	2026-04-05 15:04:22.078	2026-04-05 15:04:22.105	direct:vampire	\N
e3b1f4f3-77d0-476e-8ff6-670ae6a5c5ce	c6de18eb6685ea1b89ef46963cd3df6daff317e3	hyperpolymath/echidna	proofs/tptp/contradiction.p	%----------------------------------------------------------------------------- % SPDX-License-Identifier: PMPL-1.0-or-later % File : contradiction.p % Status : CounterSatisfiable % Claim : De	safety	vampire	unknown	14	0.5	\N	batch-direct	2026-04-05 15:04:22.184	2026-04-05 15:04:22.214	direct:vampire	\N
55b98c60-b173-427d-af9d-ad39db9159c4	efccba2589886df96afd024963f663a92f0285f3	hyperpolymath/echidna	proofs/tptp/disjunction_elim.p	%----------------------------------------------------------------------------- % SPDX-License-Identifier: PMPL-1.0-or-later % File : disjunction_elim.p % Status : Theorem % Claim : Disjunctio	safety	vampire	success	14	0.5	\N	batch-direct	2026-04-05 15:04:22.294	2026-04-05 15:04:22.320	direct:vampire	\N
4ea90bed-ed70-45d2-87c3-13d035b209fd	b8f7895591217c749efdb5d7bef5f595a38895af	hyperpolymath/echidna	proofs/tptp/modus_ponens.p	%----------------------------------------------------------------------------- % SPDX-License-Identifier: PMPL-1.0-or-later % File : modus_ponens.p % Syntax : TPTP FOF (First-Order Form) % Statu	safety	eprover	success	9	0.5	\N	batch-direct	2026-04-05 14:53:05.121	2026-04-05 14:53:05.143	direct:eprover	\N
2bc1afd7-b05b-4508-906e-8ce364706441	7dc812c232031c3e0302e234cd5e37526ec3575f	hyperpolymath/echidna	proofs/tptp/transitivity.p	%----------------------------------------------------------------------------- % SPDX-License-Identifier: PMPL-1.0-or-later % File : transitivity.p % Status : Theorem % Claim : Less-than is t	safety	eprover	unknown	5	0.5	\N	batch-direct	2026-04-05 14:53:05.218	2026-04-05 14:53:05.238	direct:eprover	\N
1e9a93ac-52a5-4db4-bb7c-3ea4d7c6a930	cef80628ee36b72b4a339d61a490d7c5a750fd66	hyperpolymath/echidna	proofs/tptp/socrates.p	%----------------------------------------------------------------------------- % SPDX-License-Identifier: PMPL-1.0-or-later % File : socrates.p % Status : Theorem % Claim : Classical syllogis	safety	eprover	success	9	0.5	\N	batch-direct	2026-04-05 14:53:05.305	2026-04-05 14:53:05.326	direct:eprover	\N
65e92e7c-a861-43ca-9c68-57308334c88e	d3c0111af9f614dd2ce9fc590bea171686bf652e	hyperpolymath/echidna	proofs/tptp/group_left_identity.p	%----------------------------------------------------------------------------- % SPDX-License-Identifier: PMPL-1.0-or-later % File : group_left_identity.p % Status : Theorem % Claim : In a gr	safety	eprover	success	9	0.5	\N	batch-direct	2026-04-05 14:53:05.397	2026-04-05 14:53:05.417	direct:eprover	\N
fdaf39f4-a49f-4136-a80c-74be69e3a23e	c6de18eb6685ea1b89ef46963cd3df6daff317e3	hyperpolymath/echidna	proofs/tptp/contradiction.p	%----------------------------------------------------------------------------- % SPDX-License-Identifier: PMPL-1.0-or-later % File : contradiction.p % Status : CounterSatisfiable % Claim : De	safety	eprover	success	10	0.5	\N	batch-direct	2026-04-05 14:53:05.484	2026-04-05 14:53:05.505	direct:eprover	\N
4c04a5e4-95bc-4755-a3e8-d04e6921b349	efccba2589886df96afd024963f663a92f0285f3	hyperpolymath/echidna	proofs/tptp/disjunction_elim.p	%----------------------------------------------------------------------------- % SPDX-License-Identifier: PMPL-1.0-or-later % File : disjunction_elim.p % Status : Theorem % Claim : Disjunctio	safety	eprover	success	9	0.5	\N	batch-direct	2026-04-05 14:53:05.577	2026-04-05 14:53:05.598	direct:eprover	\N
abab9eff-4812-4c8c-b1f5-116312ee39bb	1d315f412ad3369876346bb1a2fa4f83fd84b5e4	hyperpolymath/echidna	proofs/tptp/double_negation.p	%----------------------------------------------------------------------------- % SPDX-License-Identifier: PMPL-1.0-or-later % File : double_negation.p % Status : Theorem % Claim : ¬¬P → P	safety	eprover	success	9	0.5	\N	batch-direct	2026-04-05 14:53:05.669	2026-04-05 14:53:05.692	direct:eprover	\N
6c5a7315-e5c9-46b4-bb83-551e160237a5	d7d4daae34856cd23358852d6d3823b42d130dcc	hyperpolymath/echidna	proofs/tptp/symmetry_eq.p	%----------------------------------------------------------------------------- % SPDX-License-Identifier: PMPL-1.0-or-later % File : symmetry_eq.p % Status : Theorem % Claim : Equality is sym	safety	eprover	success	8	0.5	\N	batch-direct	2026-04-05 14:53:05.765	2026-04-05 14:53:05.785	direct:eprover	\N
19522871-3c1b-44ab-87a0-c678fe3ab498	b8f7895591217c749efdb5d7bef5f595a38895af	hyperpolymath/echidna	proofs/tptp/modus_ponens.p	%----------------------------------------------------------------------------- % SPDX-License-Identifier: PMPL-1.0-or-later % File : modus_ponens.p % Syntax : TPTP FOF (First-Order Form) % Statu	safety	eprover	success	11	0.5	\N	batch-direct	2026-04-05 15:04:25.427	2026-04-05 15:04:25.451	direct:eprover	\N
a8343872-4071-4702-8382-26375c7abb2e	7dc812c232031c3e0302e234cd5e37526ec3575f	hyperpolymath/echidna	proofs/tptp/transitivity.p	%----------------------------------------------------------------------------- % SPDX-License-Identifier: PMPL-1.0-or-later % File : transitivity.p % Status : Theorem % Claim : Less-than is t	safety	eprover	success	9	0.5	\N	batch-direct	2026-04-05 15:04:25.537	2026-04-05 15:04:25.558	direct:eprover	\N
450fc96e-e69b-4a0b-8590-8971d319c1db	cef80628ee36b72b4a339d61a490d7c5a750fd66	hyperpolymath/echidna	proofs/tptp/socrates.p	%----------------------------------------------------------------------------- % SPDX-License-Identifier: PMPL-1.0-or-later % File : socrates.p % Status : Theorem % Claim : Classical syllogis	safety	eprover	success	14	0.5	\N	batch-direct	2026-04-05 15:04:25.650	2026-04-05 15:04:25.676	direct:eprover	\N
40da2e2b-d5bb-4e44-999c-a97ade1976f8	d3c0111af9f614dd2ce9fc590bea171686bf652e	hyperpolymath/echidna	proofs/tptp/group_left_identity.p	%----------------------------------------------------------------------------- % SPDX-License-Identifier: PMPL-1.0-or-later % File : group_left_identity.p % Status : Theorem % Claim : In a gr	safety	eprover	success	12	0.5	\N	batch-direct	2026-04-05 15:04:25.795	2026-04-05 15:04:25.821	direct:eprover	\N
84e741f9-6ea3-4a44-bd09-c7ce303dab8c	c6de18eb6685ea1b89ef46963cd3df6daff317e3	hyperpolymath/echidna	proofs/tptp/contradiction.p	%----------------------------------------------------------------------------- % SPDX-License-Identifier: PMPL-1.0-or-later % File : contradiction.p % Status : CounterSatisfiable % Claim : De	safety	eprover	success	8	0.5	\N	batch-direct	2026-04-05 15:04:25.901	2026-04-05 15:04:25.922	direct:eprover	\N
bcb2cb11-0c15-459d-be62-01966dbe1345	efccba2589886df96afd024963f663a92f0285f3	hyperpolymath/echidna	proofs/tptp/disjunction_elim.p	%----------------------------------------------------------------------------- % SPDX-License-Identifier: PMPL-1.0-or-later % File : disjunction_elim.p % Status : Theorem % Claim : Disjunctio	safety	eprover	success	11	0.5	\N	batch-direct	2026-04-05 15:04:26.001	2026-04-05 15:04:26.026	direct:eprover	\N
att-003	ob-term-ephapax-001	hyperpolymath/ephapax	src/borrow.rs	Borrow substitution terminates	termination	coq	failure	2100	0.12	\N	manual	2026-04-04 23:42:38.000	2026-04-04 23:42:40.100	Cannot unify "borrow_val" with "linear_val".	unification_failed
att-004	ob-term-ephapax-001	hyperpolymath/ephapax	src/borrow.rs	Borrow substitution terminates	termination	lean	success	6780	0.88	att-003	retry	2026-04-04 23:42:41.000	2026-04-04 23:42:47.780	Termination shown via structural recursion.	\N
2ed45930-8fd5-4544-bbcf-1e2edff73573	a66182fc06a85d670a5e06979e647d03c2e8ebb0	hyperpolymath/echidna	verification/proofs/idris2/AxiomCompleteness.idr	-- SPDX-License-Identifier: PMPL-1.0-or-later -- Copyright (c) 2026 Jonathan D.A. Jewell (hyperpolymath) <j.d.a.jewell@open.ac.uk> -- -- AxiomCompleteness.idr -- -- Proves that Echidna\'s axiom tracker	totality	idris2	failure	2758	0.5	\N	batch-direct	2026-04-05 10:37:32.217	2026-04-05 10:37:34.996	direct:idris2	\N
f2f7f532-ea54-4f25-b7fa-f0e0d56c8fb8	64d593f0d32b2b24b6d047231561d9fe096125a4	hyperpolymath/echidna	verification/proofs/idris2/DispatchOrdering.idr	-- SPDX-License-Identifier: PMPL-1.0-or-later -- Copyright (c) 2026 Jonathan D.A. Jewell (hyperpolymath) <j.d.a.jewell@open.ac.uk> -- -- DispatchOrdering.idr -- -- Proves that Echidna\'s dispatch pipel	totality	idris2	failure	3909	0.5	\N	batch-direct	2026-04-05 10:37:35.169	2026-04-05 10:37:39.100	direct:idris2	\N
1bba4657-f290-44a1-b461-d6e22c221c20	31c240cdd08c5f1bbbd25383a8f7720864290e87	hyperpolymath/echidna	verification/proofs/idris2/ProverKindInjectivity.idr	-- SPDX-License-Identifier: PMPL-1.0-or-later -- Copyright (c) 2026 Jonathan D.A. Jewell (hyperpolymath) <j.d.a.jewell@open.ac.uk> -- -- ProverKindInjectivity.idr -- -- Proves that the kind_to_u8 mapp	totality	idris2	failure	6089	0.5	\N	batch-direct	2026-04-05 10:37:39.268	2026-04-05 10:37:45.375	direct:idris2	\N
ef771916-ce95-4cf8-9c6a-5f2fe798ed09	c0b46cca8228f8982cfc96bd3cbdc7bfaafb898b	hyperpolymath/echidna	verification/proofs/idris2/DispatchCorrectness.idr	-- SPDX-License-Identifier: PMPL-1.0-or-later -- Copyright (c) 2026 Jonathan D.A. Jewell (hyperpolymath) <j.d.a.jewell@open.ac.uk> -- -- DispatchCorrectness.idr -- -- Proves that Echidna\'s prover disp	totality	idris2	success	3837	0.5	\N	batch-direct	2026-04-05 10:37:45.683	2026-04-05 10:37:49.549	direct:idris2	\N
d672ecd0-07c7-4f0a-a266-77fa47c28b4c	a66182fc06a85d670a5e06979e647d03c2e8ebb0	hyperpolymath/echidna	verification/proofs/idris2/AxiomCompleteness.idr	-- SPDX-License-Identifier: PMPL-1.0-or-later -- Copyright (c) 2026 Jonathan D.A. Jewell (hyperpolymath) <j.d.a.jewell@open.ac.uk> -- -- AxiomCompleteness.idr -- -- Proves that Echidna\'s axiom tracker	totality	idris2	failure	2986	0.5	\N	batch-direct	2026-04-05 10:41:32.027	2026-04-05 10:41:35.025	direct:idris2	\N
706b037f-afc0-4e2b-b365-476b49f5a06a	64d593f0d32b2b24b6d047231561d9fe096125a4	hyperpolymath/echidna	verification/proofs/idris2/DispatchOrdering.idr	-- SPDX-License-Identifier: PMPL-1.0-or-later -- Copyright (c) 2026 Jonathan D.A. Jewell (hyperpolymath) <j.d.a.jewell@open.ac.uk> -- -- DispatchOrdering.idr -- -- Proves that Echidna\'s dispatch pipel	totality	idris2	failure	3154	0.5	\N	batch-direct	2026-04-05 10:41:35.148	2026-04-05 10:41:38.325	direct:idris2	\N
3593accd-e9f8-4ffb-a05a-7c0a8726b113	31c240cdd08c5f1bbbd25383a8f7720864290e87	hyperpolymath/echidna	verification/proofs/idris2/ProverKindInjectivity.idr	-- SPDX-License-Identifier: PMPL-1.0-or-later -- Copyright (c) 2026 Jonathan D.A. Jewell (hyperpolymath) <j.d.a.jewell@open.ac.uk> -- -- ProverKindInjectivity.idr -- -- Proves that the kind_to_u8 mapp	totality	idris2	failure	5040	0.5	\N	batch-direct	2026-04-05 10:41:38.533	2026-04-05 10:41:43.585	direct:idris2	\N
c9eb9810-3b2f-4769-96a5-6b5b7838b907	a66182fc06a85d670a5e06979e647d03c2e8ebb0	hyperpolymath/echidna	verification/proofs/idris2/AxiomCompleteness.idr	-- SPDX-License-Identifier: PMPL-1.0-or-later -- Copyright (c) 2026 Jonathan D.A. Jewell (hyperpolymath) <j.d.a.jewell@open.ac.uk> -- -- AxiomCompleteness.idr -- -- Proves that Echidna\'s axiom tracker	totality	idris2	failure	2356	0.5	\N	batch-direct	2026-04-05 10:46:34.476	2026-04-05 10:46:36.843	direct:idris2	\N
0fd72ff7-ce28-4372-a42b-f06342cc80e7	64d593f0d32b2b24b6d047231561d9fe096125a4	hyperpolymath/echidna	verification/proofs/idris2/DispatchOrdering.idr	-- SPDX-License-Identifier: PMPL-1.0-or-later -- Copyright (c) 2026 Jonathan D.A. Jewell (hyperpolymath) <j.d.a.jewell@open.ac.uk> -- -- DispatchOrdering.idr -- -- Proves that Echidna\'s dispatch pipel	totality	idris2	failure	2174	0.5	\N	batch-direct	2026-04-05 10:46:36.958	2026-04-05 10:46:39.141	direct:idris2	\N
add9ef03-ad67-4c7e-a45c-e44f83e72f55	31c240cdd08c5f1bbbd25383a8f7720864290e87	hyperpolymath/echidna	verification/proofs/idris2/ProverKindInjectivity.idr	-- SPDX-License-Identifier: PMPL-1.0-or-later -- Copyright (c) 2026 Jonathan D.A. Jewell (hyperpolymath) <j.d.a.jewell@open.ac.uk> -- -- ProverKindInjectivity.idr -- -- Proves that the kind_to_u8 mapp	totality	idris2	failure	3907	0.5	\N	batch-direct	2026-04-05 10:46:39.253	2026-04-05 10:46:43.169	direct:idris2	\N
62db1518-6ce0-473c-aa31-0b61329b909f	a66182fc06a85d670a5e06979e647d03c2e8ebb0	hyperpolymath/echidna	verification/proofs/idris2/AxiomCompleteness.idr	-- SPDX-License-Identifier: PMPL-1.0-or-later -- Copyright (c) 2026 Jonathan D.A. Jewell (hyperpolymath) <j.d.a.jewell@open.ac.uk> -- -- AxiomCompleteness.idr -- -- Proves that Echidna\'s axiom tracker	totality	idris2	failure	2249	0.5	\N	batch-direct	2026-04-05 10:47:55.521	2026-04-05 10:47:57.780	direct:idris2	\N
e88e32a0-898a-404a-ad21-db6f49d2960e	64d593f0d32b2b24b6d047231561d9fe096125a4	hyperpolymath/echidna	verification/proofs/idris2/DispatchOrdering.idr	-- SPDX-License-Identifier: PMPL-1.0-or-later -- Copyright (c) 2026 Jonathan D.A. Jewell (hyperpolymath) <j.d.a.jewell@open.ac.uk> -- -- DispatchOrdering.idr -- -- Proves that Echidna\'s dispatch pipel	totality	idris2	failure	2117	0.5	\N	batch-direct	2026-04-05 10:47:57.895	2026-04-05 10:48:00.027	direct:idris2	\N
89a4db06-2c28-4bfe-8b7e-5a2b011c87a1	31c240cdd08c5f1bbbd25383a8f7720864290e87	hyperpolymath/echidna	verification/proofs/idris2/ProverKindInjectivity.idr	-- SPDX-License-Identifier: PMPL-1.0-or-later -- Copyright (c) 2026 Jonathan D.A. Jewell (hyperpolymath) <j.d.a.jewell@open.ac.uk> -- -- ProverKindInjectivity.idr -- -- Proves that the kind_to_u8 mapp	totality	idris2	failure	3522	0.5	\N	batch-direct	2026-04-05 10:48:00.146	2026-04-05 10:48:03.678	direct:idris2	\N
644f18a6-c427-4df1-8132-1857a0cb99d8	c0b46cca8228f8982cfc96bd3cbdc7bfaafb898b	hyperpolymath/echidna	verification/proofs/idris2/DispatchCorrectness.idr	-- SPDX-License-Identifier: PMPL-1.0-or-later -- Copyright (c) 2026 Jonathan D.A. Jewell (hyperpolymath) <j.d.a.jewell@open.ac.uk> -- -- DispatchCorrectness.idr -- -- Proves that Echidna\'s prover disp	totality	idris2	success	2204	0.5	\N	batch-direct	2026-04-05 10:48:03.805	2026-04-05 10:48:06.019	direct:idris2	\N
23be6fef-4c34-4a9b-bc78-8351dce6ea62	a66182fc06a85d670a5e06979e647d03c2e8ebb0	hyperpolymath/echidna	verification/proofs/idris2/AxiomCompleteness.idr	-- SPDX-License-Identifier: PMPL-1.0-or-later -- Copyright (c) 2026 Jonathan D.A. Jewell (hyperpolymath) <j.d.a.jewell@open.ac.uk> -- -- AxiomCompleteness.idr -- -- Proves that Echidna\'s axiom tracker	totality	idris2	failure	2029	0.5	\N	batch-direct	2026-04-05 12:09:53.289	2026-04-05 12:09:55.355	direct:idris2	\N
0aa39e34-12bb-4416-a685-a97ea50788cc	64d593f0d32b2b24b6d047231561d9fe096125a4	hyperpolymath/echidna	verification/proofs/idris2/DispatchOrdering.idr	-- SPDX-License-Identifier: PMPL-1.0-or-later -- Copyright (c) 2026 Jonathan D.A. Jewell (hyperpolymath) <j.d.a.jewell@open.ac.uk> -- -- DispatchOrdering.idr -- -- Proves that Echidna\'s dispatch pipel	totality	idris2	failure	2073	0.5	\N	batch-direct	2026-04-05 12:09:55.462	2026-04-05 12:09:57.572	direct:idris2	\N
991b591b-49c0-4d04-9718-949f84050940	31c240cdd08c5f1bbbd25383a8f7720864290e87	hyperpolymath/echidna	verification/proofs/idris2/ProverKindInjectivity.idr	-- SPDX-License-Identifier: PMPL-1.0-or-later -- Copyright (c) 2026 Jonathan D.A. Jewell (hyperpolymath) <j.d.a.jewell@open.ac.uk> -- -- ProverKindInjectivity.idr -- -- Proves that the kind_to_u8 mapp	totality	idris2	failure	3588	0.5	\N	batch-direct	2026-04-05 12:09:57.687	2026-04-05 12:10:01.313	direct:idris2	\N
122665f3-9603-4ea4-80be-fba19f5c83b4	c0b46cca8228f8982cfc96bd3cbdc7bfaafb898b	hyperpolymath/echidna	verification/proofs/idris2/DispatchCorrectness.idr	-- SPDX-License-Identifier: PMPL-1.0-or-later -- Copyright (c) 2026 Jonathan D.A. Jewell (hyperpolymath) <j.d.a.jewell@open.ac.uk> -- -- DispatchCorrectness.idr -- -- Proves that Echidna\'s prover disp	totality	idris2	success	2133	0.5	\N	batch-direct	2026-04-05 12:10:01.428	2026-04-05 12:10:03.599	direct:idris2	\N
f8a0a78c-6f98-4407-97b7-66cfd0d37a17	a66182fc06a85d670a5e06979e647d03c2e8ebb0	hyperpolymath/echidna	verification/proofs/idris2/AxiomCompleteness.idr	-- SPDX-License-Identifier: PMPL-1.0-or-later -- Copyright (c) 2026 Jonathan D.A. Jewell (hyperpolymath) <j.d.a.jewell@open.ac.uk> -- -- AxiomCompleteness.idr -- -- Proves that Echidna\'s axiom tracker	totality	idris2	failure	2031	0.5	\N	batch-direct	2026-04-05 12:11:17.244	2026-04-05 12:11:19.312	direct:idris2	\N
09c5f165-f840-4b99-9a3c-5aca5f568f75	64d593f0d32b2b24b6d047231561d9fe096125a4	hyperpolymath/echidna	verification/proofs/idris2/DispatchOrdering.idr	-- SPDX-License-Identifier: PMPL-1.0-or-later -- Copyright (c) 2026 Jonathan D.A. Jewell (hyperpolymath) <j.d.a.jewell@open.ac.uk> -- -- DispatchOrdering.idr -- -- Proves that Echidna\'s dispatch pipel	totality	idris2	failure	1980	0.5	\N	batch-direct	2026-04-05 12:11:19.383	2026-04-05 12:11:21.400	direct:idris2	\N
7e6f55f0-2a15-48ee-abac-42d247b14baa	31c240cdd08c5f1bbbd25383a8f7720864290e87	hyperpolymath/echidna	verification/proofs/idris2/ProverKindInjectivity.idr	-- SPDX-License-Identifier: PMPL-1.0-or-later -- Copyright (c) 2026 Jonathan D.A. Jewell (hyperpolymath) <j.d.a.jewell@open.ac.uk> -- -- ProverKindInjectivity.idr -- -- Proves that the kind_to_u8 mapp	totality	idris2	failure	3738	0.5	\N	batch-direct	2026-04-05 12:11:21.472	2026-04-05 12:11:25.249	direct:idris2	\N
a7aa5c0d-2206-4fc8-8cc4-9be5cbf3ee55	c0b46cca8228f8982cfc96bd3cbdc7bfaafb898b	hyperpolymath/echidna	verification/proofs/idris2/DispatchCorrectness.idr	-- SPDX-License-Identifier: PMPL-1.0-or-later -- Copyright (c) 2026 Jonathan D.A. Jewell (hyperpolymath) <j.d.a.jewell@open.ac.uk> -- -- DispatchCorrectness.idr -- -- Proves that Echidna\'s prover disp	totality	idris2	success	2126	0.5	\N	batch-direct	2026-04-05 12:11:25.319	2026-04-05 12:11:27.484	direct:idris2	\N
4f7acc4a-3175-4fa0-85dc-b723aa093f74	a66182fc06a85d670a5e06979e647d03c2e8ebb0	hyperpolymath/echidna	verification/proofs/idris2/AxiomCompleteness.idr	-- SPDX-License-Identifier: PMPL-1.0-or-later -- Copyright (c) 2026 Jonathan D.A. Jewell (hyperpolymath) <j.d.a.jewell@open.ac.uk> -- -- AxiomCompleteness.idr -- -- Proves that Echidna\'s axiom tracker	totality	idris2	failure	2036	0.5	\N	batch-direct	2026-04-05 12:12:13.219	2026-04-05 12:12:15.292	direct:idris2	\N
3fe6e174-8aac-44b2-b2ea-1915d2b5f077	64d593f0d32b2b24b6d047231561d9fe096125a4	hyperpolymath/echidna	verification/proofs/idris2/DispatchOrdering.idr	-- SPDX-License-Identifier: PMPL-1.0-or-later -- Copyright (c) 2026 Jonathan D.A. Jewell (hyperpolymath) <j.d.a.jewell@open.ac.uk> -- -- DispatchOrdering.idr -- -- Proves that Echidna\'s dispatch pipel	totality	idris2	failure	1919	0.5	\N	batch-direct	2026-04-05 12:12:15.358	2026-04-05 12:12:17.313	direct:idris2	\N
d0b42295-1cb6-49af-b17e-0fd720837a66	31c240cdd08c5f1bbbd25383a8f7720864290e87	hyperpolymath/echidna	verification/proofs/idris2/ProverKindInjectivity.idr	-- SPDX-License-Identifier: PMPL-1.0-or-later -- Copyright (c) 2026 Jonathan D.A. Jewell (hyperpolymath) <j.d.a.jewell@open.ac.uk> -- -- ProverKindInjectivity.idr -- -- Proves that the kind_to_u8 mapp	totality	idris2	failure	3142	0.5	\N	batch-direct	2026-04-05 12:12:17.395	2026-04-05 12:12:20.576	direct:idris2	\N
7b70ce66-040c-4c6f-92bc-f61269fdddbc	c0b46cca8228f8982cfc96bd3cbdc7bfaafb898b	hyperpolymath/echidna	verification/proofs/idris2/DispatchCorrectness.idr	-- SPDX-License-Identifier: PMPL-1.0-or-later -- Copyright (c) 2026 Jonathan D.A. Jewell (hyperpolymath) <j.d.a.jewell@open.ac.uk> -- -- DispatchCorrectness.idr -- -- Proves that Echidna\'s prover disp	totality	idris2	success	1971	0.5	\N	batch-direct	2026-04-05 12:12:20.645	2026-04-05 12:12:22.654	direct:idris2	\N
16e5afe8-5b46-4fb1-bed4-59334a8831c4	a66182fc06a85d670a5e06979e647d03c2e8ebb0	hyperpolymath/echidna	verification/proofs/idris2/AxiomCompleteness.idr	-- SPDX-License-Identifier: PMPL-1.0-or-later -- Copyright (c) 2026 Jonathan D.A. Jewell (hyperpolymath) <j.d.a.jewell@open.ac.uk> -- -- AxiomCompleteness.idr -- -- Proves that Echidna\'s axiom tracker	totality	idris2	failure	2187	0.5	\N	batch-direct	2026-04-05 12:13:07.767	2026-04-05 12:13:09.993	direct:idris2	\N
9455bf19-d0a4-4493-b4de-5a1cfd8c80b1	64d593f0d32b2b24b6d047231561d9fe096125a4	hyperpolymath/echidna	verification/proofs/idris2/DispatchOrdering.idr	-- SPDX-License-Identifier: PMPL-1.0-or-later -- Copyright (c) 2026 Jonathan D.A. Jewell (hyperpolymath) <j.d.a.jewell@open.ac.uk> -- -- DispatchOrdering.idr -- -- Proves that Echidna\'s dispatch pipel	totality	idris2	failure	2033	0.5	\N	batch-direct	2026-04-05 12:13:10.064	2026-04-05 12:13:12.139	direct:idris2	\N
6af70a01-9db5-41cd-9fb2-fe8bc3bac258	31c240cdd08c5f1bbbd25383a8f7720864290e87	hyperpolymath/echidna	verification/proofs/idris2/ProverKindInjectivity.idr	-- SPDX-License-Identifier: PMPL-1.0-or-later -- Copyright (c) 2026 Jonathan D.A. Jewell (hyperpolymath) <j.d.a.jewell@open.ac.uk> -- -- ProverKindInjectivity.idr -- -- Proves that the kind_to_u8 mapp	totality	idris2	failure	3489	0.5	\N	batch-direct	2026-04-05 12:13:12.215	2026-04-05 12:13:15.744	direct:idris2	\N
99de49d6-3148-4e92-8e30-8624d3e93be4	c0b46cca8228f8982cfc96bd3cbdc7bfaafb898b	hyperpolymath/echidna	verification/proofs/idris2/DispatchCorrectness.idr	-- SPDX-License-Identifier: PMPL-1.0-or-later -- Copyright (c) 2026 Jonathan D.A. Jewell (hyperpolymath) <j.d.a.jewell@open.ac.uk> -- -- DispatchCorrectness.idr -- -- Proves that Echidna\'s prover disp	totality	idris2	success	2122	0.5	\N	batch-direct	2026-04-05 12:13:15.813	2026-04-05 12:13:17.973	direct:idris2	\N
a9b999ca-35d6-4b89-8c71-264a647adaac	a66182fc06a85d670a5e06979e647d03c2e8ebb0	hyperpolymath/echidna	verification/proofs/idris2/AxiomCompleteness.idr	-- SPDX-License-Identifier: PMPL-1.0-or-later -- Copyright (c) 2026 Jonathan D.A. Jewell (hyperpolymath) <j.d.a.jewell@open.ac.uk> -- -- AxiomCompleteness.idr -- -- Proves that Echidna\'s axiom tracker	totality	idris2	failure	2029	0.5	\N	batch-direct	2026-04-05 12:14:02.846	2026-04-05 12:14:04.912	direct:idris2	\N
2fb0501a-9e84-4261-ad7c-ca17b2270d5a	64d593f0d32b2b24b6d047231561d9fe096125a4	hyperpolymath/echidna	verification/proofs/idris2/DispatchOrdering.idr	-- SPDX-License-Identifier: PMPL-1.0-or-later -- Copyright (c) 2026 Jonathan D.A. Jewell (hyperpolymath) <j.d.a.jewell@open.ac.uk> -- -- DispatchOrdering.idr -- -- Proves that Echidna\'s dispatch pipel	totality	idris2	failure	1939	0.5	\N	batch-direct	2026-04-05 12:14:04.977	2026-04-05 12:14:06.952	direct:idris2	\N
ad98362a-c98f-44bb-ac99-2d6072630f05	31c240cdd08c5f1bbbd25383a8f7720864290e87	hyperpolymath/echidna	verification/proofs/idris2/ProverKindInjectivity.idr	-- SPDX-License-Identifier: PMPL-1.0-or-later -- Copyright (c) 2026 Jonathan D.A. Jewell (hyperpolymath) <j.d.a.jewell@open.ac.uk> -- -- ProverKindInjectivity.idr -- -- Proves that the kind_to_u8 mapp	totality	idris2	failure	3210	0.5	\N	batch-direct	2026-04-05 12:14:07.019	2026-04-05 12:14:10.266	direct:idris2	\N
09fc2805-a118-419d-82ea-0d4ea7d9f945	c0b46cca8228f8982cfc96bd3cbdc7bfaafb898b	hyperpolymath/echidna	verification/proofs/idris2/DispatchCorrectness.idr	-- SPDX-License-Identifier: PMPL-1.0-or-later -- Copyright (c) 2026 Jonathan D.A. Jewell (hyperpolymath) <j.d.a.jewell@open.ac.uk> -- -- DispatchCorrectness.idr -- -- Proves that Echidna\'s prover disp	totality	idris2	success	2007	0.5	\N	batch-direct	2026-04-05 12:14:10.338	2026-04-05 12:14:12.383	direct:idris2	\N
48be95b9-63cb-4215-829a-8973a2532e1c	a66182fc06a85d670a5e06979e647d03c2e8ebb0	hyperpolymath/echidna	verification/proofs/idris2/AxiomCompleteness.idr	-- SPDX-License-Identifier: PMPL-1.0-or-later -- Copyright (c) 2026 Jonathan D.A. Jewell (hyperpolymath) <j.d.a.jewell@open.ac.uk> -- -- AxiomCompleteness.idr -- -- Proves that Echidna\'s axiom tracker	totality	idris2	failure	2069	0.5	\N	batch-direct	2026-04-05 12:14:59.887	2026-04-05 12:15:01.993	direct:idris2	\N
13154fee-fd93-4a1f-bb8d-4b05e7e3c7b7	64d593f0d32b2b24b6d047231561d9fe096125a4	hyperpolymath/echidna	verification/proofs/idris2/DispatchOrdering.idr	-- SPDX-License-Identifier: PMPL-1.0-or-later -- Copyright (c) 2026 Jonathan D.A. Jewell (hyperpolymath) <j.d.a.jewell@open.ac.uk> -- -- DispatchOrdering.idr -- -- Proves that Echidna\'s dispatch pipel	totality	idris2	failure	1962	0.5	\N	batch-direct	2026-04-05 12:15:02.063	2026-04-05 12:15:04.063	direct:idris2	\N
46fdbe74-406d-45b2-b1b9-19de8dd53b9e	31c240cdd08c5f1bbbd25383a8f7720864290e87	hyperpolymath/echidna	verification/proofs/idris2/ProverKindInjectivity.idr	-- SPDX-License-Identifier: PMPL-1.0-or-later -- Copyright (c) 2026 Jonathan D.A. Jewell (hyperpolymath) <j.d.a.jewell@open.ac.uk> -- -- ProverKindInjectivity.idr -- -- Proves that the kind_to_u8 mapp	totality	idris2	failure	3210	0.5	\N	batch-direct	2026-04-05 12:15:04.132	2026-04-05 12:15:07.383	direct:idris2	\N
71eaccca-a6b2-4439-b082-8c98a986d247	c0b46cca8228f8982cfc96bd3cbdc7bfaafb898b	hyperpolymath/echidna	verification/proofs/idris2/DispatchCorrectness.idr	-- SPDX-License-Identifier: PMPL-1.0-or-later -- Copyright (c) 2026 Jonathan D.A. Jewell (hyperpolymath) <j.d.a.jewell@open.ac.uk> -- -- DispatchCorrectness.idr -- -- Proves that Echidna\'s prover disp	totality	idris2	success	1994	0.5	\N	batch-direct	2026-04-05 12:15:07.451	2026-04-05 12:15:09.483	direct:idris2	\N
e46a3667-465d-4a22-b9d9-5936ccf034e1	a66182fc06a85d670a5e06979e647d03c2e8ebb0	hyperpolymath/echidna	verification/proofs/idris2/AxiomCompleteness.idr	-- SPDX-License-Identifier: PMPL-1.0-or-later -- Copyright (c) 2026 Jonathan D.A. Jewell (hyperpolymath) <j.d.a.jewell@open.ac.uk> -- -- AxiomCompleteness.idr -- -- Proves that Echidna\'s axiom tracker	totality	idris2	failure	2152	0.5	\N	batch-direct	2026-04-05 12:16:16.392	2026-04-05 12:16:18.583	direct:idris2	\N
ad6dd6f4-c682-41ee-b1ad-9d16bcd5ab90	64d593f0d32b2b24b6d047231561d9fe096125a4	hyperpolymath/echidna	verification/proofs/idris2/DispatchOrdering.idr	-- SPDX-License-Identifier: PMPL-1.0-or-later -- Copyright (c) 2026 Jonathan D.A. Jewell (hyperpolymath) <j.d.a.jewell@open.ac.uk> -- -- DispatchOrdering.idr -- -- Proves that Echidna\'s dispatch pipel	totality	idris2	failure	2107	0.5	\N	batch-direct	2026-04-05 12:16:18.657	2026-04-05 12:16:20.802	direct:idris2	\N
3fb7bb42-6706-4f5b-92bb-91e55ce48ca5	31c240cdd08c5f1bbbd25383a8f7720864290e87	hyperpolymath/echidna	verification/proofs/idris2/ProverKindInjectivity.idr	-- SPDX-License-Identifier: PMPL-1.0-or-later -- Copyright (c) 2026 Jonathan D.A. Jewell (hyperpolymath) <j.d.a.jewell@open.ac.uk> -- -- ProverKindInjectivity.idr -- -- Proves that the kind_to_u8 mapp	totality	idris2	failure	3456	0.5	\N	batch-direct	2026-04-05 12:16:20.874	2026-04-05 12:16:24.369	direct:idris2	\N
87486e46-45e2-4ed6-a199-0ce5a5afe14a	c0b46cca8228f8982cfc96bd3cbdc7bfaafb898b	hyperpolymath/echidna	verification/proofs/idris2/DispatchCorrectness.idr	-- SPDX-License-Identifier: PMPL-1.0-or-later -- Copyright (c) 2026 Jonathan D.A. Jewell (hyperpolymath) <j.d.a.jewell@open.ac.uk> -- -- DispatchCorrectness.idr -- -- Proves that Echidna\'s prover disp	totality	idris2	success	2108	0.5	\N	batch-direct	2026-04-05 12:16:24.439	2026-04-05 12:16:26.586	direct:idris2	\N
73eb402a-52f2-412d-864b-38cffc414d1e	a66182fc06a85d670a5e06979e647d03c2e8ebb0	hyperpolymath/echidna	verification/proofs/idris2/AxiomCompleteness.idr	-- SPDX-License-Identifier: PMPL-1.0-or-later -- Copyright (c) 2026 Jonathan D.A. Jewell (hyperpolymath) <j.d.a.jewell@open.ac.uk> -- -- AxiomCompleteness.idr -- -- Proves that Echidna\'s axiom tracker	totality	idris2	failure	1999	0.5	\N	batch-direct	2026-04-05 12:46:50.844	2026-04-05 12:46:52.879	direct:idris2	\N
75e0450c-c046-465c-969b-6fb5641cbac9	64d593f0d32b2b24b6d047231561d9fe096125a4	hyperpolymath/echidna	verification/proofs/idris2/DispatchOrdering.idr	-- SPDX-License-Identifier: PMPL-1.0-or-later -- Copyright (c) 2026 Jonathan D.A. Jewell (hyperpolymath) <j.d.a.jewell@open.ac.uk> -- -- DispatchOrdering.idr -- -- Proves that Echidna\'s dispatch pipel	totality	idris2	failure	1915	0.5	\N	batch-direct	2026-04-05 12:46:52.963	2026-04-05 12:46:54.915	direct:idris2	\N
55ba7825-7be7-491e-bdd5-0d66df76b3f6	31c240cdd08c5f1bbbd25383a8f7720864290e87	hyperpolymath/echidna	verification/proofs/idris2/ProverKindInjectivity.idr	-- SPDX-License-Identifier: PMPL-1.0-or-later -- Copyright (c) 2026 Jonathan D.A. Jewell (hyperpolymath) <j.d.a.jewell@open.ac.uk> -- -- ProverKindInjectivity.idr -- -- Proves that the kind_to_u8 mapp	totality	idris2	failure	3213	0.5	\N	batch-direct	2026-04-05 12:46:54.990	2026-04-05 12:46:58.242	direct:idris2	\N
6473bd64-9e28-4d67-8514-88c128836ca9	c0b46cca8228f8982cfc96bd3cbdc7bfaafb898b	hyperpolymath/echidna	verification/proofs/idris2/DispatchCorrectness.idr	-- SPDX-License-Identifier: PMPL-1.0-or-later -- Copyright (c) 2026 Jonathan D.A. Jewell (hyperpolymath) <j.d.a.jewell@open.ac.uk> -- -- DispatchCorrectness.idr -- -- Proves that Echidna\'s prover disp	totality	idris2	success	2056	0.5	\N	batch-direct	2026-04-05 12:46:58.325	2026-04-05 12:47:00.417	direct:idris2	\N
0af1fd33-6165-4e40-9d90-59f1d3fa2b2c	a66182fc06a85d670a5e06979e647d03c2e8ebb0	hyperpolymath/echidna	verification/proofs/idris2/AxiomCompleteness.idr	-- SPDX-License-Identifier: PMPL-1.0-or-later -- Copyright (c) 2026 Jonathan D.A. Jewell (hyperpolymath) <j.d.a.jewell@open.ac.uk> -- -- AxiomCompleteness.idr -- -- Proves that Echidna\'s axiom tracker	totality	idris2	failure	2004	0.5	\N	batch-direct	2026-04-05 12:53:22.205	2026-04-05 12:53:24.249	direct:idris2	\N
f078f53d-af40-4829-a2c7-fc3a17c6947d	64d593f0d32b2b24b6d047231561d9fe096125a4	hyperpolymath/echidna	verification/proofs/idris2/DispatchOrdering.idr	-- SPDX-License-Identifier: PMPL-1.0-or-later -- Copyright (c) 2026 Jonathan D.A. Jewell (hyperpolymath) <j.d.a.jewell@open.ac.uk> -- -- DispatchOrdering.idr -- -- Proves that Echidna\'s dispatch pipel	totality	idris2	failure	1897	0.5	\N	batch-direct	2026-04-05 12:53:24.326	2026-04-05 12:53:26.261	direct:idris2	\N
3e07926f-05d4-45e9-ada5-2d0bbe249119	31c240cdd08c5f1bbbd25383a8f7720864290e87	hyperpolymath/echidna	verification/proofs/idris2/ProverKindInjectivity.idr	-- SPDX-License-Identifier: PMPL-1.0-or-later -- Copyright (c) 2026 Jonathan D.A. Jewell (hyperpolymath) <j.d.a.jewell@open.ac.uk> -- -- ProverKindInjectivity.idr -- -- Proves that the kind_to_u8 mapp	totality	idris2	failure	3188	0.5	\N	batch-direct	2026-04-05 12:53:26.338	2026-04-05 12:53:29.563	direct:idris2	\N
aeb21530-6408-4368-9a72-8425626eb663	c0b46cca8228f8982cfc96bd3cbdc7bfaafb898b	hyperpolymath/echidna	verification/proofs/idris2/DispatchCorrectness.idr	-- SPDX-License-Identifier: PMPL-1.0-or-later -- Copyright (c) 2026 Jonathan D.A. Jewell (hyperpolymath) <j.d.a.jewell@open.ac.uk> -- -- DispatchCorrectness.idr -- -- Proves that Echidna\'s prover disp	totality	idris2	success	2012	0.5	\N	batch-direct	2026-04-05 12:53:29.642	2026-04-05 12:53:31.693	direct:idris2	\N
75dc3f46-15bd-445c-a429-b0522248a579	a66182fc06a85d670a5e06979e647d03c2e8ebb0	hyperpolymath/echidna	verification/proofs/idris2/AxiomCompleteness.idr	-- SPDX-License-Identifier: PMPL-1.0-or-later -- Copyright (c) 2026 Jonathan D.A. Jewell (hyperpolymath) <j.d.a.jewell@open.ac.uk> -- -- AxiomCompleteness.idr -- -- Proves that Echidna\'s axiom tracker	totality	idris2	failure	2090	0.5	\N	batch-direct	2026-04-05 12:59:25.927	2026-04-05 12:59:28.056	direct:idris2	\N
1da056c4-587c-4ee8-bb2d-b66fc4a8f82d	64d593f0d32b2b24b6d047231561d9fe096125a4	hyperpolymath/echidna	verification/proofs/idris2/DispatchOrdering.idr	-- SPDX-License-Identifier: PMPL-1.0-or-later -- Copyright (c) 2026 Jonathan D.A. Jewell (hyperpolymath) <j.d.a.jewell@open.ac.uk> -- -- DispatchOrdering.idr -- -- Proves that Echidna\'s dispatch pipel	totality	idris2	failure	1989	0.5	\N	batch-direct	2026-04-05 12:59:28.127	2026-04-05 12:59:30.154	direct:idris2	\N
7c7f7942-5c4c-457b-9495-a3a74edad03d	31c240cdd08c5f1bbbd25383a8f7720864290e87	hyperpolymath/echidna	verification/proofs/idris2/ProverKindInjectivity.idr	-- SPDX-License-Identifier: PMPL-1.0-or-later -- Copyright (c) 2026 Jonathan D.A. Jewell (hyperpolymath) <j.d.a.jewell@open.ac.uk> -- -- ProverKindInjectivity.idr -- -- Proves that the kind_to_u8 mapp	totality	idris2	failure	3165	0.5	\N	batch-direct	2026-04-05 12:59:30.221	2026-04-05 12:59:33.422	direct:idris2	\N
257a5d9a-e85d-4763-b845-a9606a865c3c	c0b46cca8228f8982cfc96bd3cbdc7bfaafb898b	hyperpolymath/echidna	verification/proofs/idris2/DispatchCorrectness.idr	-- SPDX-License-Identifier: PMPL-1.0-or-later -- Copyright (c) 2026 Jonathan D.A. Jewell (hyperpolymath) <j.d.a.jewell@open.ac.uk> -- -- DispatchCorrectness.idr -- -- Proves that Echidna\'s prover disp	totality	idris2	success	2014	0.5	\N	batch-direct	2026-04-05 12:59:33.488	2026-04-05 12:59:35.539	direct:idris2	\N
88c1a191-48bd-4558-9985-389bb3ba3493	a66182fc06a85d670a5e06979e647d03c2e8ebb0	hyperpolymath/echidna	verification/proofs/idris2/AxiomCompleteness.idr	-- SPDX-License-Identifier: PMPL-1.0-or-later -- Copyright (c) 2026 Jonathan D.A. Jewell (hyperpolymath) <j.d.a.jewell@open.ac.uk> -- -- AxiomCompleteness.idr -- -- Proves that Echidna\'s axiom tracker	totality	idris2	failure	2022	0.5	\N	batch-direct	2026-04-05 13:00:23.296	2026-04-05 13:00:25.357	direct:idris2	\N
3a752b3a-0c4e-4fbb-a1ba-6682f8e5d8f9	64d593f0d32b2b24b6d047231561d9fe096125a4	hyperpolymath/echidna	verification/proofs/idris2/DispatchOrdering.idr	-- SPDX-License-Identifier: PMPL-1.0-or-later -- Copyright (c) 2026 Jonathan D.A. Jewell (hyperpolymath) <j.d.a.jewell@open.ac.uk> -- -- DispatchOrdering.idr -- -- Proves that Echidna\'s dispatch pipel	totality	idris2	failure	1957	0.5	\N	batch-direct	2026-04-05 13:00:25.423	2026-04-05 13:00:27.418	direct:idris2	\N
f7384bc7-9d64-4447-8e48-747a5946d7e0	31c240cdd08c5f1bbbd25383a8f7720864290e87	hyperpolymath/echidna	verification/proofs/idris2/ProverKindInjectivity.idr	-- SPDX-License-Identifier: PMPL-1.0-or-later -- Copyright (c) 2026 Jonathan D.A. Jewell (hyperpolymath) <j.d.a.jewell@open.ac.uk> -- -- ProverKindInjectivity.idr -- -- Proves that the kind_to_u8 mapp	totality	idris2	failure	3211	0.5	\N	batch-direct	2026-04-05 13:00:27.484	2026-04-05 13:00:30.735	direct:idris2	\N
3b2b94f9-cb47-4580-b4d7-6d8b1b947a84	c0b46cca8228f8982cfc96bd3cbdc7bfaafb898b	hyperpolymath/echidna	verification/proofs/idris2/DispatchCorrectness.idr	-- SPDX-License-Identifier: PMPL-1.0-or-later -- Copyright (c) 2026 Jonathan D.A. Jewell (hyperpolymath) <j.d.a.jewell@open.ac.uk> -- -- DispatchCorrectness.idr -- -- Proves that Echidna\'s prover disp	totality	idris2	success	1980	0.5	\N	batch-direct	2026-04-05 13:00:30.803	2026-04-05 13:00:32.822	direct:idris2	\N
b269b15d-097a-49e0-b71c-125065aafbf4	a66182fc06a85d670a5e06979e647d03c2e8ebb0	hyperpolymath/echidna	verification/proofs/idris2/AxiomCompleteness.idr	-- SPDX-License-Identifier: PMPL-1.0-or-later -- Copyright (c) 2026 Jonathan D.A. Jewell (hyperpolymath) <j.d.a.jewell@open.ac.uk> -- -- AxiomCompleteness.idr -- -- Proves that Echidna\'s axiom tracker	totality	idris2	failure	2086	0.5	\N	batch-direct	2026-04-05 13:01:56.082	2026-04-05 13:01:58.207	direct:idris2	\N
fc57f879-831f-4f6d-a2d4-13308e7a0e8a	64d593f0d32b2b24b6d047231561d9fe096125a4	hyperpolymath/echidna	verification/proofs/idris2/DispatchOrdering.idr	-- SPDX-License-Identifier: PMPL-1.0-or-later -- Copyright (c) 2026 Jonathan D.A. Jewell (hyperpolymath) <j.d.a.jewell@open.ac.uk> -- -- DispatchOrdering.idr -- -- Proves that Echidna\'s dispatch pipel	totality	idris2	failure	1951	0.5	\N	batch-direct	2026-04-05 13:01:58.278	2026-04-05 13:02:00.265	direct:idris2	\N
49c7db70-b617-4fd8-9873-acc29cfeead4	31c240cdd08c5f1bbbd25383a8f7720864290e87	hyperpolymath/echidna	verification/proofs/idris2/ProverKindInjectivity.idr	-- SPDX-License-Identifier: PMPL-1.0-or-later -- Copyright (c) 2026 Jonathan D.A. Jewell (hyperpolymath) <j.d.a.jewell@open.ac.uk> -- -- ProverKindInjectivity.idr -- -- Proves that the kind_to_u8 mapp	totality	idris2	failure	3467	0.5	\N	batch-direct	2026-04-05 13:02:00.327	2026-04-05 13:02:03.830	direct:idris2	\N
84e023c0-90e6-482e-8232-339512af16cf	c0b46cca8228f8982cfc96bd3cbdc7bfaafb898b	hyperpolymath/echidna	verification/proofs/idris2/DispatchCorrectness.idr	-- SPDX-License-Identifier: PMPL-1.0-or-later -- Copyright (c) 2026 Jonathan D.A. Jewell (hyperpolymath) <j.d.a.jewell@open.ac.uk> -- -- DispatchCorrectness.idr -- -- Proves that Echidna\'s prover disp	totality	idris2	success	1979	0.5	\N	batch-direct	2026-04-05 13:02:03.891	2026-04-05 13:02:05.907	direct:idris2	\N
09e32e28-5df4-493e-aa1b-3b931f2a833d	a66182fc06a85d670a5e06979e647d03c2e8ebb0	hyperpolymath/echidna	verification/proofs/idris2/AxiomCompleteness.idr	-- SPDX-License-Identifier: PMPL-1.0-or-later -- Copyright (c) 2026 Jonathan D.A. Jewell (hyperpolymath) <j.d.a.jewell@open.ac.uk> -- -- AxiomCompleteness.idr -- -- Proves that Echidna\'s axiom tracker	totality	idris2	failure	2032	0.5	\N	batch-direct	2026-04-05 13:02:53.345	2026-04-05 13:02:55.416	direct:idris2	\N
1e100db4-fb5e-4106-837f-44bf8f934e9c	64d593f0d32b2b24b6d047231561d9fe096125a4	hyperpolymath/echidna	verification/proofs/idris2/DispatchOrdering.idr	-- SPDX-License-Identifier: PMPL-1.0-or-later -- Copyright (c) 2026 Jonathan D.A. Jewell (hyperpolymath) <j.d.a.jewell@open.ac.uk> -- -- DispatchOrdering.idr -- -- Proves that Echidna\'s dispatch pipel	totality	idris2	failure	1978	0.5	\N	batch-direct	2026-04-05 13:02:55.479	2026-04-05 13:02:57.492	direct:idris2	\N
d6c9eb7f-c0c4-417c-ac78-21bbb9271e0d	31c240cdd08c5f1bbbd25383a8f7720864290e87	hyperpolymath/echidna	verification/proofs/idris2/ProverKindInjectivity.idr	-- SPDX-License-Identifier: PMPL-1.0-or-later -- Copyright (c) 2026 Jonathan D.A. Jewell (hyperpolymath) <j.d.a.jewell@open.ac.uk> -- -- ProverKindInjectivity.idr -- -- Proves that the kind_to_u8 mapp	totality	idris2	failure	3208	0.5	\N	batch-direct	2026-04-05 13:02:57.554	2026-04-05 13:03:00.799	direct:idris2	\N
84141a97-2f71-4452-b051-722921d1ae12	c0b46cca8228f8982cfc96bd3cbdc7bfaafb898b	hyperpolymath/echidna	verification/proofs/idris2/DispatchCorrectness.idr	-- SPDX-License-Identifier: PMPL-1.0-or-later -- Copyright (c) 2026 Jonathan D.A. Jewell (hyperpolymath) <j.d.a.jewell@open.ac.uk> -- -- DispatchCorrectness.idr -- -- Proves that Echidna\'s prover disp	totality	idris2	success	2005	0.5	\N	batch-direct	2026-04-05 13:03:00.863	2026-04-05 13:03:02.906	direct:idris2	\N
40a18a61-c5de-43a6-898f-9251b76c94f1	a66182fc06a85d670a5e06979e647d03c2e8ebb0	hyperpolymath/echidna	verification/proofs/idris2/AxiomCompleteness.idr	-- SPDX-License-Identifier: PMPL-1.0-or-later -- Copyright (c) 2026 Jonathan D.A. Jewell (hyperpolymath) <j.d.a.jewell@open.ac.uk> -- -- AxiomCompleteness.idr -- -- Proves that Echidna\'s axiom tracker	totality	idris2	failure	2087	0.5	\N	batch-direct	2026-04-05 13:03:50.591	2026-04-05 13:03:52.716	direct:idris2	\N
2bf13e41-e678-421d-9c07-a20a1b237ccd	64d593f0d32b2b24b6d047231561d9fe096125a4	hyperpolymath/echidna	verification/proofs/idris2/DispatchOrdering.idr	-- SPDX-License-Identifier: PMPL-1.0-or-later -- Copyright (c) 2026 Jonathan D.A. Jewell (hyperpolymath) <j.d.a.jewell@open.ac.uk> -- -- DispatchOrdering.idr -- -- Proves that Echidna\'s dispatch pipel	totality	idris2	failure	1912	0.5	\N	batch-direct	2026-04-05 13:03:52.778	2026-04-05 13:03:54.726	direct:idris2	\N
a23523a1-c350-4ffb-b849-6428c3728f65	31c240cdd08c5f1bbbd25383a8f7720864290e87	hyperpolymath/echidna	verification/proofs/idris2/ProverKindInjectivity.idr	-- SPDX-License-Identifier: PMPL-1.0-or-later -- Copyright (c) 2026 Jonathan D.A. Jewell (hyperpolymath) <j.d.a.jewell@open.ac.uk> -- -- ProverKindInjectivity.idr -- -- Proves that the kind_to_u8 mapp	totality	idris2	failure	3132	0.5	\N	batch-direct	2026-04-05 13:03:54.789	2026-04-05 13:03:57.958	direct:idris2	\N
1bcd2981-5b81-497c-a4ad-e92e2c97a2da	c0b46cca8228f8982cfc96bd3cbdc7bfaafb898b	hyperpolymath/echidna	verification/proofs/idris2/DispatchCorrectness.idr	-- SPDX-License-Identifier: PMPL-1.0-or-later -- Copyright (c) 2026 Jonathan D.A. Jewell (hyperpolymath) <j.d.a.jewell@open.ac.uk> -- -- DispatchCorrectness.idr -- -- Proves that Echidna\'s prover disp	totality	idris2	success	2024	0.5	\N	batch-direct	2026-04-05 13:03:58.020	2026-04-05 13:04:00.080	direct:idris2	\N
51cb1b4c-86ea-4e7f-b720-5ab9c5162141	a66182fc06a85d670a5e06979e647d03c2e8ebb0	hyperpolymath/echidna	verification/proofs/idris2/AxiomCompleteness.idr	-- SPDX-License-Identifier: PMPL-1.0-or-later -- Copyright (c) 2026 Jonathan D.A. Jewell (hyperpolymath) <j.d.a.jewell@open.ac.uk> -- -- AxiomCompleteness.idr -- -- Proves that Echidna\'s axiom tracker	totality	idris2	failure	2208	0.5	\N	batch-direct	2026-04-05 14:53:30.036	2026-04-05 14:53:32.287	direct:idris2	\N
4498766a-0286-4f78-ba4a-a09a1ee22d9c	64d593f0d32b2b24b6d047231561d9fe096125a4	hyperpolymath/echidna	verification/proofs/idris2/DispatchOrdering.idr	-- SPDX-License-Identifier: PMPL-1.0-or-later -- Copyright (c) 2026 Jonathan D.A. Jewell (hyperpolymath) <j.d.a.jewell@open.ac.uk> -- -- DispatchOrdering.idr -- -- Proves that Echidna\'s dispatch pipel	totality	idris2	failure	2162	0.5	\N	batch-direct	2026-04-05 14:53:32.364	2026-04-05 14:53:34.571	direct:idris2	\N
5597f7c4-6507-479b-8518-2fc0ec7ed562	31c240cdd08c5f1bbbd25383a8f7720864290e87	hyperpolymath/echidna	verification/proofs/idris2/ProverKindInjectivity.idr	-- SPDX-License-Identifier: PMPL-1.0-or-later -- Copyright (c) 2026 Jonathan D.A. Jewell (hyperpolymath) <j.d.a.jewell@open.ac.uk> -- -- ProverKindInjectivity.idr -- -- Proves that the kind_to_u8 mapp	totality	idris2	failure	3539	0.5	\N	batch-direct	2026-04-05 14:53:34.644	2026-04-05 14:53:38.231	direct:idris2	\N
cf92023f-0bac-46be-9b4f-fc1b59c6204e	c0b46cca8228f8982cfc96bd3cbdc7bfaafb898b	hyperpolymath/echidna	verification/proofs/idris2/DispatchCorrectness.idr	-- SPDX-License-Identifier: PMPL-1.0-or-later -- Copyright (c) 2026 Jonathan D.A. Jewell (hyperpolymath) <j.d.a.jewell@open.ac.uk> -- -- DispatchCorrectness.idr -- -- Proves that Echidna\'s prover disp	totality	idris2	success	2097	0.5	\N	batch-direct	2026-04-05 14:53:38.318	2026-04-05 14:53:40.458	direct:idris2	\N
3d5b6c20-7942-4f82-876f-a0e96805ec58	a66182fc06a85d670a5e06979e647d03c2e8ebb0	hyperpolymath/echidna	verification/proofs/idris2/AxiomCompleteness.idr	-- SPDX-License-Identifier: PMPL-1.0-or-later -- Copyright (c) 2026 Jonathan D.A. Jewell (hyperpolymath) <j.d.a.jewell@open.ac.uk> -- -- AxiomCompleteness.idr -- -- Proves that Echidna\'s axiom tracker	totality	idris2	failure	2606	0.5	\N	batch-direct	2026-04-05 15:05:00.752	2026-04-05 15:05:03.397	direct:idris2	\N
71e83da8-f1df-45af-b185-26dbce401b54	64d593f0d32b2b24b6d047231561d9fe096125a4	hyperpolymath/echidna	verification/proofs/idris2/DispatchOrdering.idr	-- SPDX-License-Identifier: PMPL-1.0-or-later -- Copyright (c) 2026 Jonathan D.A. Jewell (hyperpolymath) <j.d.a.jewell@open.ac.uk> -- -- DispatchOrdering.idr -- -- Proves that Echidna\'s dispatch pipel	totality	idris2	failure	4223	0.5	\N	batch-direct	2026-04-05 15:05:03.485	2026-04-05 15:05:07.779	direct:idris2	\N
7462c3d2-8e55-43dc-853e-9dead1a658b5	c0b46cca8228f8982cfc96bd3cbdc7bfaafb898b	hyperpolymath/echidna	verification/proofs/idris2/DispatchCorrectness.idr	-- SPDX-License-Identifier: PMPL-1.0-or-later -- Copyright (c) 2026 Jonathan D.A. Jewell (hyperpolymath) <j.d.a.jewell@open.ac.uk> -- -- DispatchCorrectness.idr -- -- Proves that Echidna\'s prover disp	totality	idris2	success	5697	0.5	\N	batch-direct	2026-04-05 15:05:08.036	2026-04-05 15:05:13.848	direct:idris2	\N
7d2883f0-4c28-45ed-b543-2d076e135dc1	8e081f536d0d3c451b2ae0210c15c68a6faf8a07	hyperpolymath/echidna	verification/proofs/idris2/BasicTotality.idr	-- SPDX-License-Identifier: PMPL-1.0-or-later -- BasicTotality.idr — small, correct totality proofs that compile -- cleanly under `idris2 --source-dir . --check`. Exists to populate -- the totality 	totality	idris2	success	6466	0.5	\N	batch-direct	2026-04-05 15:05:13.991	2026-04-05 15:05:20.579	direct:idris2	\N
4e4ddf1d-1ad0-4a72-b32f-1e0bf9917558	31c240cdd08c5f1bbbd25383a8f7720864290e87	hyperpolymath/echidna	verification/proofs/idris2/ProverKindInjectivity.idr	-- SPDX-License-Identifier: PMPL-1.0-or-later -- Copyright (c) 2026 Jonathan D.A. Jewell (hyperpolymath) <j.d.a.jewell@open.ac.uk> -- -- ProverKindInjectivity.idr -- -- Proves that the kind_to_u8 mapp	totality	idris2	failure	8813	0.5	\N	batch-direct	2026-04-05 15:05:20.783	2026-04-05 15:05:29.778	direct:idris2	\N
